NO,Name,Status,Author,Year,Length,Weight,ESR,Area,Country,CountryName 1,CountryLongitude 1,CountryLatitude 1 ,CountryAltitude 1,CountryHeading 1,CountryTilt 1,CountryRange 1,CountryAltitudeMode 1,CountryName 2,CountryLongitude 2,CountryLatitude 2,CountryAltitude 2,CountryHeading 2,CountryTilt 2,CountryRange 2,CountryAltitudeMode 2,CountryName 3,CountryLongitude 3,CountryLatitude 3,CountryAltitude 3,CountryHeading 3,CountryTilt 3,CountryRange 3,CountryAltitudeMode 3,CountryName 4,CountryLongitude 4,CountryLatitude 4,CountryAltitude 4,CountryHeading 4,CountryTilt 4,CountryRange 4,CountryAltitudeMode 4,CountryName 5,CountryLongitude 5,CountryLatitude 5,CountryAltitude 5,CountryHeading 5,CountryTilt 5,CountryRange 5,CountryAltitudeMode 5,CountryName 6,CountryLongitude 6,CountryLatitude 6,CountryAltitude 6,CountryHeading 6,CountryTilt 6,CountryRange 6,CountryAltitudeMode 6,CountryName 7,CountryLongitude 7,CountryLatitude 7,CountryAltitude 7,CountryHeading 7,CountryTilt 7,CountryRange 7,CountryAltitudeMode 7,Region/Province/State/County,Formations,Name 1,Longitude 1,Latitude 1 ,Altitude 1,Heading 1,Tilt 1,Range 1,AltitudeMode 1,Name 2,Longitude 2,Latitude 2,Altitude 2,Heading 2,Tilt 2,Range 2,AltitudeMode 2,Name 3,Longitude 3,Latitude 3,Altitude 3,Heading 3,Tilt 3,Range 3,AltitudeMode 3,Name 4,Longitude 4,Latitude 4,Altitude 4,Heading 4,Tilt 4,Range 4,AltitudeMode 4,Name 5,Longitude 5,Latitude 5,Altitude 5,Heading 5,Tilt 5,Range 5,AltitudeMode 5,Name 6,Longitude 6,Latitude 6,Altitude 6,Heading 6,Tilt 6,Range 6,AltitudeMode 6,Name 7,Longitude 7,Latitude 7,Altitude 7,Heading 7,Tilt 7,Range 7,AltitudeMode 7,Name 8,Longitude 8,Latitude 8,Altitude 8,Heading 8,Tilt 8,Range 8,AltitudeMode 8,Name 9,Longitude 9,Latitude 9,Altitude 9,Heading 9,Tilt 9,Range 9,AltitudeMode 9,Name 10,Longitude 10,Latitude 10,Altitude 10,Heading 10,Tilt 10,Range 10,AltitudeMode 10,Name 11,Longitude 11,Latitude 11,Altitude 11,Heading 11,Tilt 11,Range 11,AltitudeMode 11,Name 12,Longitude 12,Latitude 12,Altitude 12,Heading 12,Tilt 12,Range 12,AltitudeMode 12,Name 13,Longitude 13,Latitude 13,Altitude 13,Heading 13,Tilt 13,Range 13,AltitudeMode 13,Time 1,Time 2,Clade 1,Clade 2,Clade 3,Clade 4,Clade 5,Clade 6,Clade 7,Clade 8,Clade 9,Clade 10,Clade 11,Clade 12,Clade 13,Clade 14,Clade 15,Clade 16,Clade 17,Clade 18,Clade 19,Clade 20,Material,Reference,Gen Info,Diet,Habitat,Link Audio
1,Nyasasaurus parringtoni,valid,Nesbitt et al.,2013,"2,6 m",23 kg,"2,5",Africa,Tanzania,Tanzania,"33,6476621","-5,4488086","1.542,6787695","-6,4029547","19,8871859","3.294.102,4172813",relativeToGround,,,,,,,,,,,,,,,,,,,,,,,,,,,,,,,,,,,,,,,,,,,,,,,,,Ruvuma,Manda,Manda,"35,2234862","-10,2699878","798,2749404","1,6114817","68,7171981","474,9002034",relativeToGround,,,,,,,,,,,,,,,,,,,,,,,,,,,,,,,,,,,,,,,,,,,,,,,,,,,,,,,,,,,,,,,,,,,,,,,,,,,,,,,,,,,,,,,,,,,,,,,,,Middle Triassic,Approx. Anisian,Possibly Dinosauria,,,,,,,,,,,,,,,,,,,,"Vertebrae, fragmentary sacral ribs and incomplete humerus. Referred vertebrae (uncertain)","Nesbitt, Barrett, Werning, Sidor and Charig, (2013). The oldest dinosaur? A Middle Triassic dinosauriform from Tanzania.","Nyasasaurus parringtoni lived around 243 million years ago during the Middle Triassic and is considered one of the earliest known dinosaurs or very close relatives of true dinosaurs. It was discovered in present-day Tanzania. Although only fragmentary remains are known, its bone structure shows signs of rapid growth, a key dinosaur trait. It was a small, lightly built animal with long hind limbs, suggesting it moved on two legs and was capable of quick, agile movement. Nyasasaurus is extremely important because it helps scientists understand how and when dinosaurs first evolved from earlier archosaurs.",Omnivore,Open floodplains and grassy areas near rivers.,https://drive.google.com/file/d/1xeaLHzmNtdM8FvhIXe-TfBMTs4NPen9W/view?usp=drive_link
2,Alwalkeria maleriensis,valid,Chatterjee & Creisler,1994,"1,1 m",2 kg,2,Asia,India,India,"74,6345719","22,1094784","-1.156,0224272","5,0175281","2,1442221","7.316.601,2286580",relativeToGround,,,,,,,,,,,,,,,,,,,,,,,,,,,,,,,,,,,,,,,,,,,,,,,,,Andhra Pradesh,Maleri,Maleri,"79,7003466","19,1976163","169,9642894","14,6673172","68,5019749","270,3875795",relativeToGround,,,,,,,,,,,,,,,,,,,,,,,,,,,,,,,,,,,,,,,,,,,,,,,,,,,,,,,,,,,,,,,,,,,,,,,,,,,,,,,,,,,,,,,,,,,,,,,,,Late Triassic,Late Carnian-Early Norian,Dinosauria,Saurischia,,,,,,,,,,,,,,,,,,,"Dorsal vertebra, incomplete femur, astragalus.","Chatterjee and Creisler, (1994). Alwalkeria (Theropoda) and Morturneria (Plesiosauria), new names for preoccupied Walkeria Chatterjee, 1987 and Turneria Chatterjee and Small, 1989.","Alwalkeria maleriensis lived during the Late Triassic about 230 million years ago in what is now India. It was a small, slender, bipedal dinosaur or close dinosaur relative with a long tail used for balance. Its teeth show a mix of shapes, indicating a flexible diet. Alwalkeria was likely an active and alert animal, able to move quickly to escape predators or search for food. It represents an early stage in dinosaur evolution, before strict specialization into carnivores or herbivores.",Omnivore,Semi-arid plains with seasonal vegetation.,https://drive.google.com/file/d/1dZewCsqd5vjirZ3WipgreWQyG58yAv2I/view?usp=drive_link
3,Asylosaurus yalensis,valid,Galton,2007,"1,85 m",12 kg,2,Europe,United Kingdom,United Kingdom,"-5,4282139","55,1022881","45,1485417","-15,6227355","6,3270023","2.554.337,5034103",relativeToGround,,,,,,,,,,,,,,,,,,,,,,,,,,,,,,,,,,,,,,,,,,,,,,,,,England,Magnesian Conglomerate,Magnesian Conglomerate,"-2,6004008","51,5000370","54,6721764","22,1473830","54,2623741","147,2778948",relativeToGround,,,,,,,,,,,,,,,,,,,,,,,,,,,,,,,,,,,,,,,,,,,,,,,,,,,,,,,,,,,,,,,,,,,,,,,,,,,,,,,,,,,,,,,,,,,,,,,,,Late Triassic,Rhaetian,Dinosauria,Saurischia,Eusaurischia,Sauropodomorpha,,,,,,,,,,,,,,,,,"Partial skeleton and humerus fragment, three fragmentary left ischia and phalanx.","Galton, Peter (2007). ""Notes on the remains of archosaurian reptiles, mostly basal sauropodomorph dinosaurs, from the 1834 fissure fill (Rhaetian, Upper Triassic) at Clifton in Bristol, southwest England"".","Asylosaurus yalensis lived during the Late Triassic in what is now the United Kingdom. It was a small, early ornithischian dinosaur, making it important for understanding the origins of plant-eating dinosaurs. Asylosaurus had a lightly built body and likely moved mainly on two legs, though it may have used all four limbs when feeding. Its jaw and teeth were adapted for processing plant material, suggesting a herbivorous lifestyle.",Herbivore,Woodland plains and vegetated floodplains.,https://drive.google.com/file/d/1t8yPqq22llTbTGA8khC4aahhfR_j1EW8/view?usp=drive_link
4,Bagualosaurus agudoensis,valid,"Pretto, Langer & Schultz",2018,"1,8 m",10 kg,3,South America,Brazil,Brazil,"-55,0206812","-9,4714612","-440,1819316","-4,9505023","3,9090220","11.520.775,7264650",relativeToGround,,,,,,,,,,,,,,,,,,,,,,,,,,,,,,,,,,,,,,,,,,,,,,,,,Rio Grande do Sul,Santa Maria,Santa Maria,"-53,8447456","-29,6342371","228,5472836","9,6613854","65,5660799","359,6565902",relativeToGround,,,,,,,,,,,,,,,,,,,,,,,,,,,,,,,,,,,,,,,,,,,,,,,,,,,,,,,,,,,,,,,,,,,,,,,,,,,,,,,,,,,,,,,,,,,,,,,,,Late Triassic,Middle Carnian,Dinosauria,Saurischia,Eusaurischia,Sauropodomorpha,,,,,,,,,,,,,,,,,Partial skeleton with skull fragments.,"Flávio A. Pretto; Max C. Langer; Cesar L. Schultz (2018). ""A new dinosaur (Saurischia: Sauropodomorpha) from the Late Triassic of Brazil provides insights on the evolution of sauropodomorph body plan"".","Bagualosaurus agudoensis lived about 230 million years ago during the Late Triassic in present-day Brazil. It was an early sauropodomorph dinosaur and helps explain how small, bipedal dinosaurs evolved into massive long-necked giants. Bagualosaurus had a moderately long neck, strong limbs, and a robust body. It could likely walk on two legs but was beginning to adapt to a more four-legged posture.",Herbivore,Humid plains and river valleys.,https://drive.google.com/file/d/1NtC8M4yZBYGupx69_NxPVaaIWA7eM4qQ/view?usp=drive_link
5,Blikanasaurus cromptoni,valid,Galton & van Heerden,1985,"Approx. 5,7 m","Approx. 1,1 t","1,5",Africa,South Africa,South Africa,"21,4384946","-25,4022114","1.605,6151303","-0,3196691","5,5700988","5.057.169,8686427",relativeToGround,,,,,,,,,,,,,,,,,,,,,,,,,,,,,,,,,,,,,,,,,,,,,,,,,"Eastern Cape,
Free State",Lower Elliot,Lower Elliot,"27,3994465","-30,4980265","1.706,6507704","-1,6364548","72,2948484","698,3483928",relativeToGround,,,,,,,,,,,,,,,,,,,,,,,,,,,,,,,,,,,,,,,,,,,,,,,,,,,,,,,,,,,,,,,,,,,,,,,,,,,,,,,,,,,,,,,,,,,,,,,,,Late Triassic,Late Norian-Rhaetian,Dinosauria,Saurischia,Eusaurischia,Sauropodomorpha,Plateosauria,Massopoda,Sauropodiformes,Anchisauria,,,,,,,,,,,,,"Epipodium and pes, referred right metatarsal and ilium (uncertain)","McPhee, B.W., Bordy, E.M., Sciscio, L., Choiniere, J.N. (2017). The sauropodomorph biostratigraphy of the Elliot Formation of southern Africa: Tracking the evolution of Sauropodomorpha across the Triassic–Jurassic boundary.","Blikanasaurus cromptoni lived near the end of the Triassic in southern Africa. It was one of the largest dinosaurs of its time and an early relative of later sauropods. This dinosaur had a very heavy, solid body and thick limb bones designed to support its weight. Unlike many early dinosaurs, Blikanasaurus likely moved mostly on four legs and grew rapidly, showing that large body size evolved very early in dinosaur history.",Herbivore,Open grasslands and savanna-like environments.,https://drive.google.com/file/d/1SstuB3a9bO72W6u5hM_zS3USA_X2US-M/view?usp=drive_link
6,Buriolestes schultzi,valid,Furtado Cabreira et al.,2016,"1,8 m",25 kg,4,South America,Brazil,Brazil,"-55,0206812","-9,4714612","-440,1819316","-4,9505023","3,9090220","11.520.775,7264650",relativeToGround,,,,,,,,,,,,,,,,,,,,,,,,,,,,,,,,,,,,,,,,,,,,,,,,,Rio Grande do Sul,Santa Maria,Santa Maria,"-53,8447456","-29,6342371","228,5472836","9,6613854","65,5660799","359,6565902",relativeToGround,,,,,,,,,,,,,,,,,,,,,,,,,,,,,,,,,,,,,,,,,,,,,,,,,,,,,,,,,,,,,,,,,,,,,,,,,,,,,,,,,,,,,,,,,,,,,,,,,Late Triassic,Middle Carnian,Dinosauria,Saurischia,Eusaurischia,Sauropodomorpha,,,,,,,,,,,,,,,,,"Majority of skeleton with partial skull, referred almost complete skeleton with skull.","Müller, Langer, Bronzati, Pacheco, Cabreira & Dias-Da-Silva (2018). Early evolution of sauropodomorphs: anatomy and phylogenetic relationships of a remarkably well-preserved dinosaur from the Upper Triassic of southern Brazil.","Buriolestes schultzi lived about 230 million years ago during the Late Triassic in what is now southern Brazil. It is one of the earliest known sauropodomorph dinosaurs and is especially important because it shows that the first members of this group were not plant-eaters. Buriolestes was small, lightly built, and fully bipedal, with long hind legs and a slender tail that helped with balance. Its skull had sharp, curved teeth adapted for hunting, indicating an active and agile lifestyle. This dinosaur demonstrates that the lineage leading to giant herbivorous sauropods originally began as carnivorous animals.",Carnivore/Insectivore,Open floodplains and lightly forested environments,https://drive.google.com/file/d/1a4P2U5rGVAK78nH_JlANAWH01pUUhAWC/view?usp=drive_link
7,Camelotia borealis,valid,Galton,1985,"10,2 m","2,7 t",3,Europe,United Kingdom,United Kingdom,"-5,4282139","55,1022881","45,1485417","-15,6227355","6,3270023","2.554.337,5034103",relativeToGround,,,,,,,,,,,,,,,,,,,,,,,,,,,,,,,,,,,,,,,,,,,,,,,,,England,Westbury,Westbury,"-2,6220109","51,6072501","31,1952129","-154,4735176","66,4768761","785,7170953",relativeToGround,,,,,,,,,,,,,,,,,,,,,,,,,,,,,,,,,,,,,,,,,,,,,,,,,,,,,,,,,,,,,,,,,,,,,,,,,,,,,,,,,,,,,,,,,,,,,,,,,Late Triassic,Rhaetian,Dinosauria,Saurischia,Eusaurischia,Sauropodomorpha,Plateosauria,Massopoda,Sauropodiformes,Anchisauria,Possibly Melanorosauridae,,,,,,,,,,,,Partial skeleton without skull.,"P. M. Galton. (1985). Notes on the Melanorosauridae, a family of large prosauropod dinosaurs (Saurischia: Sauropodomorpha).","Camelotia borealis lived during the Late Triassic in present-day England. It was an early sauropodomorph dinosaur that shows the transition from small, fast-moving dinosaurs to larger-bodied herbivores. Camelotia had a long neck, a relatively heavy body, and strong limbs. It likely moved mainly on two legs but could use all four limbs when feeding. Its teeth were adapted for eating plants, suggesting a primarily herbivorous diet. Camelotia was slower and more robust than earlier dinosaur ancestors.",Herbivore,Wooded plains and river valleys,https://drive.google.com/file/d/1Qz_mp-Osg2z7VftXNqJVfXphhgqI4B-k/view?usp=drive_link
8,Camposaurus arizonensis,valid,Hunt et al.,1998,"2,1 m",11 kg,2,North America,USA,USA,"-106,1951385","39,4392637","-12.595,5345205","0,8682536","3,1287964","8.466.423,6667228",relativeToGround,,,,,,,,,,,,,,,,,,,,,,,,,,,,,,,,,,,,,,,,,,,,,,,,,Arizona,Chinle,Chinle,"-109,5501853","36,1430006","1.714,8807087","-177,2324733","76,6276936","600,8930773",relativeToGround,,,,,,,,,,,,,,,,,,,,,,,,,,,,,,,,,,,,,,,,,,,,,,,,,,,,,,,,,,,,,,,,,,,,,,,,,,,,,,,,,,,,,,,,,,,,,,,,,Late Triassic,Early-Middle Norian,Dinosauria,Saurischia,Eusaurischia,Theropoda,Neotheropoda,Coelophysoidea,,,,,,,,,,,,,,,Right and left distal ends of tibia and fibula fused with their respective astragalocalcanea.,"Ezcurra, M.D.; Brusatte, S.L. (2011). ""Taxonomic and phylogenetic reassessment of the early neotheropod dinosaur Camposaurus arizonensis from the Late Triassic of North America"".","Camposaurus arizonensis was a small predatory dinosaur from the Late Triassic of what is now Arizona in the United States. It is one of the earliest known theropods in North America. Camposaurus had a slender body, long legs, and a lightweight skeleton, making it well suited for fast running. It walked exclusively on two legs and relied on speed and sharp teeth to catch prey. Despite its small size, it was likely an efficient hunter.",Carnivore,Arid and semi-arid regions with sparse vegetation,https://drive.google.com/file/d/1rxjs_kpFBafCrFPwmyXGGW3FU9zk7LDM/view?usp=drive_link
9,Chindesaurus bryansmalli,valid,Long & Murry,1995,"2,4 m",19 kg,3,North America,USA,USA,"-106,1951385","39,4392637","-12.595,5345205","0,8682536","3,1287964","8.466.423,6667228",relativeToGround,,,,,,,,,,,,,,,,,,,,,,,,,,,,,,,,,,,,,,,,,,,,,,,,,"Arizona, Texas","Chinle, Colorado City",Chinle,"-109,5501853","36,1430006","1.714,8807087","-177,2324733","76,6276936","600,8930773",relativeToGround,Colorado City,"-102,8965250","35,3650168","1.100,9296841","25,1245074","72,6394477","1.520,1339120",relativeToGround,,,,,,,,,,,,,,,,,,,,,,,,,,,,,,,,,,,,,,,,,,,,,,,,,,,,,,,,,,,,,,,,,,,,,,,,,,,,,,,,,,,,,,,,,Late Triassic,Late Carnian-Early Norian,Dinosauria,Saurischia,Herrerasauridae,,,,,,,,,,,,,,,,,,Partial skeleton and several single bones.,"Long and Murry, (1995). ""Late Triassic (Carnian and Norian) tetrapods from the Southwestern United States.""","Chindesaurus bryansmalli lived around 225 million years ago during the Late Triassic in the southwestern United States. It was a medium-sized early theropod or close relative of true theropods. Chindesaurus had long hind limbs, a strong tail for balance, and grasping hands with claws. Its body was built for agility, allowing it to pursue prey in open environments. It occupied the role of a mid-level predator in its ecosystem.",Carnivore,River floodplains and open woodland areas,https://drive.google.com/file/d/1iPNAKPDJnuGlbdzZ75t9UpKzSK-c93ox/view?usp=drive_link
10,Chromogisaurus novasi,valid,Ezcurra,2010,"1,55 m","13,5 kg","2,5",South America,Argentina,Argentina,"-71,8643507","-34,8680283","1.685,0545519","9,0311496","8,9073784","11.033.475,1150632",relativeToGround,,,,,,,,,,,,,,,,,,,,,,,,,,,,,,,,,,,,,,,,,,,,,,,,,San Juan,Ischigualasto,Ischigualasto,"-68,0940644","-29,6528603","1.122,6296570","-100,4938273","67,3946750","710,8150673",relativeToGround,,,,,,,,,,,,,,,,,,,,,,,,,,,,,,,,,,,,,,,,,,,,,,,,,,,,,,,,,,,,,,,,,,,,,,,,,,,,,,,,,,,,,,,,,,,,,,,,,Late Triassic,Late Carnian,Dinosauria,Saurischia,Eusaurischia,Sauropodomorpha,Guaibasauridae,,,,,,,,,,,,,,,,"Partial skeleton (vertebrae, limb bones and other fragments).","Ezcurra, M. D. (2010). A new early dinosaur (Saurischia: Sauropodomorpha) from the Late Triassic of Argentina: a reassessment of dinosaur origin and phylogeny.","Chromogisaurus novasi lived during the Late Triassic in what is now Argentina. It was a small, early sauropodomorph closely related to the ancestors of later giant dinosaurs. Chromogisaurus had a lightly built body, a relatively long neck, and slender limbs. It was capable of bipedal movement and likely spent much of its time foraging. Its anatomy shows an early stage in the evolution toward larger, more specialized herbivorous dinosaurs.",Herbivore,Seasonal floodplains and grasslands,https://drive.google.com/file/d/1NeLD9vVwfMbbgpkZjSpGPAroT9Irk_Sw/view?usp=drive_link
11,Coelophysis bauri,valid,Cope,1889,"3,35 m",32 kg,4,North America,USA,USA,"-106,1951385","39,4392637","-12.595,5345205","0,8682536","3,1287964","8.466.423,6667228",relativeToGround,,,,,,,,,,,,,,,,,,,,,,,,,,,,,,,,,,,,,,,,,,,,,,,,,"New Mexico,
Arizona, Texas","Chinle, Bull Canyon",Chinle,"-109,5501853","36,1430006","1.714,8807087","-177,2324733","76,6276936","600,8930773",relativeToGround,Bull Canyon,"-103,1316431","35,3754237","1.103,3522087","31,3142637","68,6668349","1.157,3458890",relativeToGround,,,,,,,,,,,,,,,,,,,,,,,,,,,,,,,,,,,,,,,,,,,,,,,,,,,,,,,,,,,,,,,,,,,,,,,,,,,,,,,,,,,,,,,,,Late Triassic,Late Norian-Rhaetian,Dinosauria,Saurischia,Eusaurischia,Theropoda,Neotheropoda,Coelophysoidea,Coelophysidae,,,,,,,,,,,,,,At least 1000 individuals (include complete skeletons).,"Cope, (1889). On a new genus of Triassic Dinosauria.
Mortimer - Theropod database (online).","Coelophysis bauri lived during the Late Triassic, around 215 million years ago, and is one of the best-known early theropod dinosaurs. Fossils have been found in large numbers in what is now the southwestern United States, suggesting it may have lived or hunted in groups. Coelophysis had a long, narrow skull filled with sharp teeth, a lightweight skeleton, and long hind limbs adapted for speed. It was an agile predator capable of catching small, fast-moving prey and is often considered a classic example of early carnivorous dinosaurs.",Carnivore,Semi-arid floodplains with seasonal rivers,https://drive.google.com/file/d/1JxEkEXMpt401-9sUh_ZmhM4rbUz2bjFa/view?usp=drive_link
12,Coloradisaurus brevis,valid,Lambert,1983,"4,7 m",280 kg,3,South America,Argentina,Argentina,"-71,8643507","-34,8680283","1.685,0545519","9,0311496","8,9073784","11.033.475,1150632",relativeToGround,,,,,,,,,,,,,,,,,,,,,,,,,,,,,,,,,,,,,,,,,,,,,,,,,La Rioja,Los Colorados,Los Colorados,"-67,8908401","-29,8027310","1.324,9305764","-1,6838644","64,3092592","3.354,5551442",relativeToGround,,,,,,,,,,,,,,,,,,,,,,,,,,,,,,,,,,,,,,,,,,,,,,,,,,,,,,,,,,,,,,,,,,,,,,,,,,,,,,,,,,,,,,,,,,,,,,,,,Late Triassic,Norian,Dinosauria,Saurischia,Eusaurischia,Sauropodomorpha,Plateosauria,Massopoda,Massospondylidae,,,,,,,,,,,,,,Two partial skeletons with skulls.,"Apaldetti, C., Martinez, R. N., Pol, D., & Souter, T. (2014). Redescription of the Skull of Coloradisaurus brevis (Dinosauria, Sauropodomorpha) from the Late Triassic Los Colorados Formation of the Ischigualasto-Villa Union Basin, northwestern Argentina.","Coloradisaurus brevis lived during the Late Triassic in what is now Argentina. It was an early sauropodomorph dinosaur closely related to Plateosaurus. Coloradisaurus had a long neck, a relatively bulky body, and strong limbs. Although it could likely move on two legs, it probably spent much of its time walking on all fours while feeding. Its teeth were adapted for plant consumption, indicating a fully herbivorous lifestyle.",Herbivore,Forested plains and river valleys,https://drive.google.com/file/d/1XMF8ju-hQaqHZcCzdN58_k_VMkDhJZDW/view?usp=drive_link
13,Daemonosaurus chauliodus,valid,Sues et al.,2011,"1,6 m","4,1 kg",2,North America,USA,USA,"-106,1951385","39,4392637","-12.595,5345205","0,8682536","3,1287964","8.466.423,6667228",relativeToGround,,,,,,,,,,,,,,,,,,,,,,,,,,,,,,,,,,,,,,,,,,,,,,,,,New Mexico,Chinle,Chinle,"-109,5501853","36,1430006","1.714,8807087","-177,2324733","76,6276936","600,8930773",relativeToGround,,,,,,,,,,,,,,,,,,,,,,,,,,,,,,,,,,,,,,,,,,,,,,,,,,,,,,,,,,,,,,,,,,,,,,,,,,,,,,,,,,,,,,,,,,,,,,,,,Late Triassic,Rhaetian,Dinosauria,Saurischia,Eusaurischia,Theropoda,,,,,,,,,,,,,,,,,"Skull, cervical vertebrae and cervical rib fragments.","Sues, H.-D., Nesbitt, S.J., Berman, D.S., Henrici, A.M. (2011). A late-surviving basal theropod dinosaur from the latest Triassic of North America. ","Daemonosaurus chauliodus lived around 205 million years ago at the end of the Triassic in present-day New Mexico. It was a small but unusual theropod with a very short skull and large, forward-pointing teeth. These features suggest it had a specialized feeding strategy compared to other early predators. Daemonosaurus was lightly built and bipedal, and it likely preyed on small vertebrates in its environment.",Carnivore,Woodland areas and floodplains,https://drive.google.com/file/d/1R82ut8iqyDjWUVBWkOv-Nlt2r4aE1jnc/view?usp=drive_link
14,Efraasia minor,valid,Yates,2003,6 m,500 kg,"3,5",Europe,Germany,Germany,"8,2575616","50,4691146","498,7920880","-15,5289244","0,7332085","2.688.036,2326142",relativeToGround,,,,,,,,,,,,,,,,,,,,,,,,,,,,,,,,,,,,,,,,,,,,,,,,,Baden-Württemberg,Löwenstein,Löwenstein,"9,2019066","48,8006839","243,9264116","-144,2623142","59,0542884","1.076,4280687",relativeToGround,,,,,,,,,,,,,,,,,,,,,,,,,,,,,,,,,,,,,,,,,,,,,,,,,,,,,,,,,,,,,,,,,,,,,,,,,,,,,,,,,,,,,,,,,,,,,,,,,Late Triassic,Middle Norian,Dinosauria,Saurischia,Eusaurischia,Sauropodomorpha,,,,,,,,,,,,,,,,,"Large part of skeleton, referred several individuals.","Yates, A. M. (2003). The species taxonomy of the sauropodomorph dinosaurs from the Lowenstein Formation (Norian, Late Triassic) of Germany.","Efraasia minor lived during the Late Triassic in what is now Germany. It was an early sauropodomorph dinosaur that shows a mix of primitive and more advanced features. Efraasia had a long neck, a moderately heavy body, and strong hind limbs. It could walk both bipedally and quadrupedally depending on activity. This dinosaur played an important role as a medium-sized herbivore in its ecosystem.",Herbivore,Subtropical floodplains and forested environments,https://drive.google.com/file/d/1krsagBxrrCNudguwuXy2-I_DMIxlBKm7/view?usp=drive_link
15,Eocursor parvus,valid,"Butler, Smith & Norman",2007,1 m,"1,2 kg",3,Africa,South Africa,South Africa,"21,4384946","-25,4022114","1.605,6151303","-0,3196691","5,5700988","5.057.169,8686427",relativeToGround,,,,,,,,,,,,,,,,,,,,,,,,,,,,,,,,,,,,,,,,,,,,,,,,,Free State,Lower Elliot,Lower Elliot,"27,3994465","-30,4980265","1.706,6507704","-1,6364548","72,2948484","698,3483928",relativeToGround,,,,,,,,,,,,,,,,,,,,,,,,,,,,,,,,,,,,,,,,,,,,,,,,,,,,,,,,,,,,,,,,,,,,,,,,,,,,,,,,,,,,,,,,,,,,,,,,,Late Triassic,Late Norian-Rhaetian,Dinosauria,Ornithischia,,,,,,,,,,,,,,,,,,,Partial skeleton with skull fragments.,"Butler, R.J., Smith, R.M.H., Norman, D.B. (2007). A primitive ornithischian dinosaur from the Late Triassic of South Africa, and the early evolution and diversification of Ornithischia.","Eocursor parvus lived during the Late Triassic in what is now South Africa. It was a small, early ornithischian dinosaur and one of the earliest members of this major dinosaur group. Eocursor had a lightly built body, long legs, and was well adapted for fast running. It likely relied on speed to avoid predators and fed on low-growing vegetation.",Herbivore,Open grasslands and lightly wooded plains,https://drive.google.com/file/d/1tRCVFp9adNR9Rs11tBC46R56WuEiPV0L/view?usp=drive_link
16,Eodromaeus murphi,valid,Martínez et al.,2011,"1,6 m","4,2 kg","3,5",South America,Argentina,Argentina,"-71,8643507","-34,8680283","1.685,0545519","9,0311496","8,9073784","11.033.475,1150632",relativeToGround,,,,,,,,,,,,,,,,,,,,,,,,,,,,,,,,,,,,,,,,,,,,,,,,,San Juan,Ischigualasto,Ischigualasto,"-68,0940644","-29,6528603","1.122,6296570","-100,4938273","67,3946750","710,8150673",relativeToGround,,,,,,,,,,,,,,,,,,,,,,,,,,,,,,,,,,,,,,,,,,,,,,,,,,,,,,,,,,,,,,,,,,,,,,,,,,,,,,,,,,,,,,,,,,,,,,,,,Late Triassic,Late Carnian,Dinosauria,Saurischia,Eusaurischia,Theropoda,,,,,,,,,,,,,,,,,Several individuals (large part of skeleton with skull).,"Martinez, R. N., Sereno, P. C., Alcober, O. A., Colombi, C. E., Renne, P. R., Montanez, I. P., & Currie, B. S. (2011). A Basal Dinosaur from the Dawn of the Dinosaur Era in Southwestern Pangaea.","Eodromaeus murphi lived around 231 million years ago during the Late Triassic in what is now Argentina. It was a small, agile theropod dinosaur considered one of the earliest true dinosaurs. Eodromaeus had a lightweight body, long legs, and sharp teeth, making it an efficient predator. Its skeletal structure shows a mix of primitive and advanced features, giving scientists important insight into early dinosaur evolution.",Carnivore/Insectivore,Floodplains and lightly forested areas,https://drive.google.com/file/d/1pt9Rh6m3djUcsnZ6L7GvdxKH9Zk67YR7/view?usp=drive_link
17,Eoraptor lunensis,valid,Sereno et al.,1993,"1,5 m",5 kg,4,South America,Argentina,Argentina,"-71,8643507","-34,8680283","1.685,0545519","9,0311496","8,9073784","11.033.475,1150632",relativeToGround,,,,,,,,,,,,,,,,,,,,,,,,,,,,,,,,,,,,,,,,,,,,,,,,,San Juan,Ischigualasto,Ischigualasto,"-68,0940644","-29,6528603","1.122,6296570","-100,4938273","67,3946750","710,8150673",relativeToGround,,,,,,,,,,,,,,,,,,,,,,,,,,,,,,,,,,,,,,,,,,,,,,,,,,,,,,,,,,,,,,,,,,,,,,,,,,,,,,,,,,,,,,,,,,,,,,,,,Late Triassic,Late Carnian,Dinosauria,Saurischia,Eusaurischia,Possibly Theropoda,,,,,,,,,,,,,,,,,"Almost complete skeleton with skull, referred several individuals.","Sereno, P. C., Martínez, R. N., & Alcober, O. A. (2013). Osteology of Eoraptor lunensis (Dinosauria, Sauropodomorpha).","Eoraptor lunensis lived approximately 231 million years ago during the Late Triassic in present-day Argentina. It is one of the most primitive known dinosaurs and provides key information about the origins of both theropods and sauropodomorphs. Eoraptor was small, lightly built, and bipedal, with a long tail for balance and sharp, slightly serrated teeth suitable for a flexible diet.",Omnivore,River valleys and open plains,https://drive.google.com/file/d/1AQaUjVDRcHNNEachb8Uy1cWrE5FHraii/view?usp=drive_link
18,Eucnemesaurus entaxonis,valid,McPhee et al.,2015,4 m,160 kg,3,Africa,South Africa,South Africa,"21,4384946","-25,4022114","1.605,6151303","-0,3196691","5,5700988","5.057.169,8686427",relativeToGround,,,,,,,,,,,,,,,,,,,,,,,,,,,,,,,,,,,,,,,,,,,,,,,,,Eastern Cape,Lower Elliot,Lower Elliot,"27,3994465","-30,4980265","1.706,6507704","-1,6364548","72,2948484","698,3483928",relativeToGround,,,,,,,,,,,,,,,,,,,,,,,,,,,,,,,,,,,,,,,,,,,,,,,,,,,,,,,,,,,,,,,,,,,,,,,,,,,,,,,,,,,,,,,,,,,,,,,,,Late Triassic,Late Norian-Rhaetian,Dinosauria,Saurischia,Eusaurischia,Sauropodomorpha,Plateosauria,Massopoda,Riojasauridae,,,,,,,,,,,,,,"Partial skeleton (vertebrae, right ilium, left ischium, right femur and fragments of the left and other fragments).","McPhee et al. (2015). A second species of Eucnemesaurus Van Hoepen, 1920 (Dinosauria, Sauropodomorpha): new information on the diversity and evolution of the sauropodomorph fauna of South Africa’s lower Elliot Formation (latest Triassic).","Eucnemesaurus entaxonis lived during the Late Triassic in what is now South Africa. It was a large, early sauropodomorph with robust limb bones and a relatively heavy body. Eucnemesaurus was likely primarily quadrupedal but could rear up on its hind legs when feeding. It was an important herbivore in its ecosystem, helping shape vegetation patterns.",Herbivore,Open plains and lightly wooded areas,https://drive.google.com/file/d/1YcwQuVwJzfUFD2DIaHtxkOUE4DPVkFGR/view?usp=drive_link
19,Eucnemesaurus fortis,valid,van Hoepen,1920,8 m,"1,3 t",3,Africa,South Africa,South Africa,"21,4384946","-25,4022114","1.605,6151303","-0,3196691","5,5700988","5.057.169,8686427",relativeToGround,,,,,,,,,,,,,,,,,,,,,,,,,,,,,,,,,,,,,,,,,,,,,,,,,"Free State,
Eastern Cape",Lower Elliot,Lower Elliot,"27,3994465","-30,4980265","1.706,6507704","-1,6364548","72,2948484","698,3483928",relativeToGround,,,,,,,,,,,,,,,,,,,,,,,,,,,,,,,,,,,,,,,,,,,,,,,,,,,,,,,,,,,,,,,,,,,,,,,,,,,,,,,,,,,,,,,,,,,,,,,,,Late Triassic,Late Norian-Rhaetian,Dinosauria,Saurischia,Eusaurischia,Sauropodomorpha,Plateosauria,Massopoda,Riojasauridae,,,,,,,,,,,,,,At least three individuals (partial skeletons).,"Yates, A. M. (2007). Solving a dinosaurian puzzle: the identity of Aliwalia rex Galton.","Eucnemesaurus fortis lived in the Late Triassic of South Africa. Similar to its close relative E. entaxonis, it was a large, sturdy sauropodomorph with strong limbs and a robust frame. It walked mainly on four legs and likely foraged for a variety of plant material. Its size made it relatively safe from smaller predators.",Herbivore,Semi-arid plains with scattered trees,https://drive.google.com/file/d/18mq_LL_VMFrBnGa8GXFe_9EYshbPO8ug/view?usp=drive_link
20,Gnathovorax cabreirai,valid,Pacheco et al.,2019,"2,7 m",45 kg,4,South America,Brazil,Brazil,"-55,0206812","-9,4714612","-440,1819316","-4,9505023","3,9090220","11.520.775,7264650",relativeToGround,,,,,,,,,,,,,,,,,,,,,,,,,,,,,,,,,,,,,,,,,,,,,,,,,Rio Grande do Sul,Santa Maria,Santa Maria,"-53,8447456","-29,6342371","228,5472836","9,6613854","65,5660799","359,6565902",relativeToGround,,,,,,,,,,,,,,,,,,,,,,,,,,,,,,,,,,,,,,,,,,,,,,,,,,,,,,,,,,,,,,,,,,,,,,,,,,,,,,,,,,,,,,,,,,,,,,,,,Late Triassic,Middle Carnian,Dinosauria,Saurischia,Herrerasauridae,,,,,,,,,,,,,,,,,,Almost complete and partially articulated skeleton with skull.,"Pacheco, Cristian; Müller, Rodrigo; Langer, Max; Pretto, Flávio; Kerber, Leonardo; da Silva, Sérgio Dias (2019). ""Gnathovorax cabreirai: a new early dinosaur and the origin and initial radiation of predatory dinosaurs"".","Gnathovorax cabreirai lived around 233 million years ago during the Late Triassic in what is now Brazil. It was a medium-sized early theropod with a long tail, slender limbs, and sharp teeth. Gnathovorax was built for speed and agility, likely hunting small vertebrates and invertebrates. Its discovery provides important insight into early predatory dinosaur evolution in Gondwana.",Carnivore/Insectivore,Open floodplains and river valleys,https://drive.google.com/file/d/1Hc6rjuYTABe8NgfBpvj3Ma8eANvWifM0/view?usp=drive_link
21,Gojirasaurus quayi,valid,Carpenter,1997,"5,6 m",180 kg,2,North America,USA,USA,"-106,1951385","39,4392637","-12.595,5345205","0,8682536","3,1287964","8.466.423,6667228",relativeToGround,,,,,,,,,,,,,,,,,,,,,,,,,,,,,,,,,,,,,,,,,,,,,,,,,New Mexico,Bull Canyon,Bull Canyon,"-103,1316431","35,3754237","1.103,3522087","31,3142637","68,6668349","1.157,3458890",relativeToGround,,,,,,,,,,,,,,,,,,,,,,,,,,,,,,,,,,,,,,,,,,,,,,,,,,,,,,,,,,,,,,,,,,,,,,,,,,,,,,,,,,,,,,,,,,,,,,,,,Late Triassic,Norian,Dinosauria,Saurischia,Eusaurischia,Theropoda,Neotheropoda,Possibly Coelophysoidea,,,,,,,,,,,,,,,Pubis and tibia.,Mortimer - Theropod database (online).,"Gojirasaurus quayi lived during the Late Triassic, around 210 million years ago, in what is now New Mexico, USA. It was a large early theropod with a long, powerful tail, strong hind limbs, and a lightly built body adapted for running and hunting. Gojirasaurus had sharp teeth and claws, indicating a carnivorous diet. It represents one of the earliest large predatory dinosaurs in North America.",Carnivore,Semi-arid floodplains and open woodlands,https://drive.google.com/file/d/14RkTsO5wOLgdUxECO8b21fsIs2GjQcqC/view?usp=drive_link
22,Guaibasaurus candelariensis,valid,"Bonaparte, Ferigolo & Ribeiro",1999,"2,7 m",Approx. 90 kg,3,South America,Brazil,Brazil,"-55,0206812","-9,4714612","-440,1819316","-4,9505023","3,9090220","11.520.775,7264650",relativeToGround,,,,,,,,,,,,,,,,,,,,,,,,,,,,,,,,,,,,,,,,,,,,,,,,,Rio Grande do Sul,Caturrita,Caturrita,"-53,3976579","-29,5015640","384,7666574","-67,5378781","71,3003111","642,9008537",relativeToGround,,,,,,,,,,,,,,,,,,,,,,,,,,,,,,,,,,,,,,,,,,,,,,,,,,,,,,,,,,,,,,,,,,,,,,,,,,,,,,,,,,,,,,,,,,,,,,,,,Late Triassic,Early Norian,Dinosauria,Saurischia,Eusaurischia,Sauropodomorpha,Guaibasauridae,,,,,,,,,,,,,,,,Three partial skeletons (without skull).,"Langer, M. C., Bittencourt, J. S., & Schultz, C. L. (2010). A reassessment of the basal dinosaur Guaibasaurus candelariensis, from the Late Triassic Caturrita Formation of south Brazil.","Guaibasaurus candelariensis lived around 225 million years ago in what is now southern Brazil. This small to medium-sized early saurischian shows characteristics of both theropods and sauropodomorphs. Guaibasaurus had a slender body, long tail, and sharp teeth, indicating a primarily carnivorous lifestyle, though it may have occasionally eaten plants.",Omnivore,Floodplains and forested areas,https://drive.google.com/file/d/1PSLxGRn-FgkiIZBSyTYr0MfptfqDD28r/view?usp=drive_link
23,Herrerasaurus ischigualastensis,valid,Reig,1963,"4,2 m",175 kg,"3,5",South America,Argentina,Argentina,"-71,8643507","-34,8680283","1.685,0545519","9,0311496","8,9073784","11.033.475,1150632",relativeToGround,,,,,,,,,,,,,,,,,,,,,,,,,,,,,,,,,,,,,,,,,,,,,,,,,San Juan,Ischigualasto,Ischigualasto,"-68,0940644","-29,6528603","1.122,6296570","-100,4938273","67,3946750","710,8150673",relativeToGround,,,,,,,,,,,,,,,,,,,,,,,,,,,,,,,,,,,,,,,,,,,,,,,,,,,,,,,,,,,,,,,,,,,,,,,,,,,,,,,,,,,,,,,,,,,,,,,,,Late Triassic,Late Carnian,Dinosauria,Saurischia,Herrerasauridae,,,,,,,,,,,,,,,,,,At least several individuals (skeletons and skulls).,Mortimer - Theropod database (online).,"Herrerasaurus ischigualastensis lived approximately 231 million years ago in the Late Triassic of Argentina. It is one of the earliest known true theropods and a top predator of its ecosystem. Herrerasaurus was medium-sized, bipedal, and built for speed, with a long tail for balance and sharp, serrated teeth. It was an agile hunter capable of taking down prey larger than itself.",Carnivore,Open woodland and river valleys,https://drive.google.com/file/d/1fhhv0vaFmvjjfp4yGo5RYsLUaW_ahrUA/view?usp=drive_link
24,Ingentia prima,valid,Apaldetti et al.,2018,"7,4 m","2,3 t",2,South America,Argentina,Argentina,"-71,8643507","-34,8680283","1.685,0545519","9,0311496","8,9073784","11.033.475,1150632",relativeToGround,,,,,,,,,,,,,,,,,,,,,,,,,,,,,,,,,,,,,,,,,,,,,,,,,San Juan,Quebrada del Barro,Quebrada del Barro,"-67,2200339","-31,8899532","738,8330167","-72,0556168","71,6320804","683,8972060",relativeToGround,,,,,,,,,,,,,,,,,,,,,,,,,,,,,,,,,,,,,,,,,,,,,,,,,,,,,,,,,,,,,,,,,,,,,,,,,,,,,,,,,,,,,,,,,,,,,,,,,Late Triassic,Late Norian-Rhaetian,Dinosauria,Saurischia,Eusaurischia,Sauropodomorpha,Plateosauria,Massopoda,Sauropodiformes,Anchisauria,Possibly Sauropoda,Lessemsauridae,,,,,,,,,,,Two fragmentary skeletons.,"Apaldetti, Cecilia; Martínez, Ricardo N.; Cerda, Ignatio A.; Pol, Diego; Alcober, Oscar (2018). ""An early trend towards gigantism in Triassic sauropodomorph dinosaurs"".","Ingentia prima lived about 210 million years ago during the Late Triassic in present-day Argentina. It was one of the earliest giant sauropodomorphs, with a long neck and massive body. Ingentia was quadrupedal and fed on high-growing vegetation, showing early adaptations for gigantism seen later in sauropods. Its discovery demonstrates that large size evolved earlier than previously thought.",Herbivore,River plains and open forests,https://drive.google.com/file/d/12yC_O7XwxrOkia6GxcaNf2R9nDQrKkk3/view?usp=drive_link
25,Isanosaurus attavipachi,valid,Buffetaut et al.,2000,"6,6 m","1,1 t","2,5",Asia,Thailand,Thailand,"97,6176390","14,6018529","-930,6246350","355,1040077","0,0000000","5.683.973,1827348",relativeToGround,,,,,,,,,,,,,,,,,,,,,,,,,,,,,,,,,,,,,,,,,,,,,,,,,Chaiyaphum,Nam Phong,Nam Phong,"101,9986031","16,2992513","228,5474687","-138,8988924","65,9393738","450,2043786",relativeToGround,,,,,,,,,,,,,,,,,,,,,,,,,,,,,,,,,,,,,,,,,,,,,,,,,,,,,,,,,,,,,,,,,,,,,,,,,,,,,,,,,,,,,,,,,,,,,,,,,Late Triassic,Late Norian-Rhaetian,Dinosauria,Saurischia,Eusaurischia,Sauropodomorpha,Plateosauria,Massopoda,Sauropodiformes,Anchisauria,Sauropoda,,,,,,,,,,,,"Vertebrae, neural arch, chevron bones, fragmentary ribs, right sternal plate, right scapula and left femur.","Buffetaut, E., Suteethorn, V., Cuny, G., Tong, H., Le Loeuff, J., Khansubha, S., & Jongautchariyakul, S. (2000). The earliest known sauropod dinosaur.","Isanosaurus attavipachi was a primitive sauropod dinosaur that lived during the Late Triassic period, around 210 million years ago, in what is now Thailand. It is considered one of the earliest representatives of long-necked dinosaurs. It had a robust body, a long neck, and an extended tail that helped with balance. The dinosaur walked on four strong legs, well adapted to support its weight. Although it was smaller than later giant sauropods, it was large for its time and represents an important stage in the evolution of massive herbivorous dinosaurs.",Herbivore,Plains and forested areas near rivers,https://drive.google.com/file/d/1QNpk1nqNi3TZLjy836qbkIQ5aVMSIwtE/view?usp=drive_link
26,Jaklapallisaurus asymmetrica,valid,Novas et al.,2011,"3,4 m",180 kg,2,Asia,India,India,"74,6345719","22,1094784","-1.156,0224272","5,0175281","2,1442221","7.316.601,2286580",relativeToGround,,,,,,,,,,,,,,,,,,,,,,,,,,,,,,,,,,,,,,,,,,,,,,,,,Andhra Pradesh,"Maleri, Dharmaram",Maleri,"79,7003466","19,1976163","169,9642894","14,6673172","68,5019749","270,3875795",relativeToGround,Dharmaram,"79,8147244","19,2000367","153,7124667","113,5632541","68,2833334","247,8124819",relativeToGround,,,,,,,,,,,,,,,,,,,,,,,,,,,,,,,,,,,,,,,,,,,,,,,,,,,,,,,,,,,,,,,,,,,,,,,,,,,,,,,,,,,,,,,,,Late Triassic,Late Norian-Rhaetian,Dinosauria,Saurischia,Eusaurischia,Sauropodomorpha,Unaysauridae,,,,,,,,,,,,,,,,"Vertebrae, distal right femur, right tibia, astragalus, right metatarsals I–IV and two pedal phalanges. Referred distal end of right femur.","Novas, F. E., Ezcurra, M. D., Chatterjee, S., & Kutty, T. S. (2011). New dinosaur species from the Upper Triassic Upper Maleri and Lower Dharmaram formations of Central India.","Jaklapallisaurus asymmetrica lived during the Late Triassic in what is now India. It was a small to medium-sized sauropodomorph with a long neck and slender limbs. Jaklapallisaurus was likely bipedal but could also walk on all fours while feeding. Its teeth were adapted for plant consumption, indicating a herbivorous diet. It represents an early stage in the evolution of large-bodied sauropodomorphs.",Herbivore,Floodplains and open woodland,https://drive.google.com/file/d/1dqXTcNuwjQa5NBXMsepZzYrvT_affWlX/view?usp=drive_link
27,Kholumolumo ellenbergerorum,valid,de Fabrègues & Allain,2020,"8,6 m","1,7 t","3,5",Africa,Lesotho,Lesotho,"27,9121742","-29,2533800","1.724,8089847","-4,8317868","2,9627759","839.507,1324000",relativeToGround,,,,,,,,,,,,,,,,,,,,,,,,,,,,,,,,,,,,,,,,,,,,,,,,,Mohale's Hoek,Lower Elliot,Lower Elliot,"27,3994465","-30,4980265","1.706,6507704","-1,6364548","72,2948484","698,3483928",relativeToGround,,,,,,,,,,,,,,,,,,,,,,,,,,,,,,,,,,,,,,,,,,,,,,,,,,,,,,,,,,,,,,,,,,,,,,,,,,,,,,,,,,,,,,,,,,,,,,,,,Late Triassic,Late Norian-Rhaetian,Dinosauria,Saurischia,Eusaurischia,Sauropodomorpha,,,,,,,,,,,,,,,,,At least several individuals.,"Claire Peyre de Fabrègues & Ronan Allain (2020) Kholumolumo ellenbergerorum, gen. et sp. nov., a new early sauropodomorph from the lower Elliot Formation (Upper Triassic) of Maphutseng, Lesotho.","Kholumolumo ellenbergerorum lived around 200 million years ago in present-day Lesotho, southern Africa. It was a large early sauropodomorph with a long neck and massive body, walking primarily on four legs. Its heavy build suggests it could feed on taller vegetation, making it one of the first large herbivores of its ecosystem.",Herbivore,Semi-arid plains and lightly forested areas,https://drive.google.com/file/d/18Jb79qfOinRK9ioXsTQVtWnodxKVhNs0/view?usp=drive_link
28,Lepidus praecisio,valid,Nesbitt & Ezcurra,2015,"Approx. 3,15 m",Approx. 44 kg,"1,5",North America,USA,USA,"-106,1951385","39,4392637","-12.595,5345205","0,8682536","3,1287964","8.466.423,6667228",relativeToGround,,,,,,,,,,,,,,,,,,,,,,,,,,,,,,,,,,,,,,,,,,,,,,,,,Texas,Dockum Group,Dockum Group,"-103,0431128","35,5423065","1.221,9945105","23,8222336","66,6061730","571,9671088",relativeToGround,,,,,,,,,,,,,,,,,,,,,,,,,,,,,,,,,,,,,,,,,,,,,,,,,,,,,,,,,,,,,,,,,,,,,,,,,,,,,,,,,,,,,,,,,,,,,,,,,Late Triassic,Early Norian,Dinosauria,Saurischia,Eusaurischia,Theropoda,Neotheropoda,Coelophysoidea,,,,,,,,,,,,,,,"Distal tibia, distal fibula, astragalocalcaneum, referred femoral fragment and partial maxilla.","Nesbitt, S.J., Ezcurra, M.D. (2015). The early fossil record of dinosaurs in North America: A new neotheropod from the base of the Upper Triassic Dockum Group of Texas.","Lepidus praecisio lived during the Late Triassic in what is now the southwestern United States. It was a small, agile theropod with a slender body, long tail, and sharp teeth adapted for hunting. Lepidus was bipedal and likely hunted small vertebrates and insects, playing the role of a mid-level predator in its environment.",Carnivore/Insectivore,Semi-arid floodplains and open woodlands,https://drive.google.com/file/d/1PBDId3cpuvMFgH4pGpLM60rSvDMMdIsp/view?usp=drive_link
29,Lessemsaurus sauropoides,valid,Bonaparte,1999,10 m,"5,6 t",3,South America,Argentina,Argentina,"-71,8643507","-34,8680283","1.685,0545519","9,0311496","8,9073784","11.033.475,1150632",relativeToGround,,,,,,,,,,,,,,,,,,,,,,,,,,,,,,,,,,,,,,,,,,,,,,,,,La Rioja,Los Colorados,Los Colorados,"-67,8908401","-29,8027310","1.324,9305764","-1,6838644","64,3092592","3.354,5551442",relativeToGround,,,,,,,,,,,,,,,,,,,,,,,,,,,,,,,,,,,,,,,,,,,,,,,,,,,,,,,,,,,,,,,,,,,,,,,,,,,,,,,,,,,,,,,,,,,,,,,,,Late Triassic,Norian,Dinosauria,Saurischia,Eusaurischia,Sauropodomorpha,Plateosauria,Massopoda,Sauropodiformes,Anchisauria,Possibly Sauropoda,Lessemsauridae,,,,,,,,,,,Several fragmentary skeletons.,"Apaldetti, C., Martínez, R. N., Cerda, I. A., Pol, D., & Alcober, O. (2018). An early trend towards gigantism in Triassic sauropodomorph dinosaurs.","Lessemsaurus sauropoides lived around 210 million years ago in what is now Argentina. It was an early sauropodomorph with a long neck, robust limbs, and a relatively large body. Lessemsaurus was quadrupedal and primarily herbivorous, feeding on ferns and other plants. It represents an early step in the evolution of giant sauropods.",Herbivore,River valleys and floodplains,https://drive.google.com/file/d/19ITB42kzuCq74n8t03ltZNChADfhl6Gg/view?usp=drive_link
30,Leyesaurus marayensis,valid,Apaldetti et al.,2011,"4,1 m",180 kg,2,South America,Argentina,Argentina,"-71,8643507","-34,8680283","1.685,0545519","9,0311496","8,9073784","11.033.475,1150632",relativeToGround,,,,,,,,,,,,,,,,,,,,,,,,,,,,,,,,,,,,,,,,,,,,,,,,,San Juan,Quebrada del Barro,Quebrada del Barro,"-67,2200339","-31,8899532","738,8330167","-72,0556168","71,6320804","683,8972060",relativeToGround,,,,,,,,,,,,,,,,,,,,,,,,,,,,,,,,,,,,,,,,,,,,,,,,,,,,,,,,,,,,,,,,,,,,,,,,,,,,,,,,,,,,,,,,,,,,,,,,,Late Triassic,Late Norian-Rhaetian,Dinosauria,Saurischia,Eusaurischia,Sauropodomorpha,Plateosauria,Massopoda,Massospondylidae,,,,,,,,,,,,,,Almost complete skull and fragmentary skeleton.,"Apaldetti, C., Martínez, R.N., Alcober, O.A., Pol, D. (2011). A New Basal Sauropodomorph (Dinosauria: Saurischia) from Quebrada del Barro Formation (Marayes-El Carrizal Basin), Northwestern Argentina.","Leyesaurus marayensis lived during the Late Triassic in present-day Argentina. It was a small to medium-sized sauropodomorph with a long neck and lightly built body. Leyesaurus could move bipedally or quadrupedally while feeding. Its teeth were adapted for herbivory, allowing it to graze on low vegetation.",Herbivore,Floodplains and open forests,https://drive.google.com/file/d/1hKqRfUF6KWI82byqHFFYEcDqlRYKCiR3/view?usp=drive_link
31,Liliensternus liliensterni,valid,Welles,1984,"4,8 m",110 kg,"3,5",Europe,Germany,Germany,"8,2575616","50,4691146","498,7920880","-15,5289244","0,7332085","2.688.036,2326142",relativeToGround,,,,,,,,,,,,,,,,,,,,,,,,,,,,,,,,,,,,,,,,,,,,,,,,,Thuringia,Trossingen,Trossingen,"8,8849303","47,7775022","433,0586970","161,4800145","71,7535162","944,6776938",relativeToGround,,,,,,,,,,,,,,,,,,,,,,,,,,,,,,,,,,,,,,,,,,,,,,,,,,,,,,,,,,,,,,,,,,,,,,,,,,,,,,,,,,,,,,,,,,,,,,,,,Late Triassic,Late Norian,Dinosauria,Saurischia,Eusaurischia,Theropoda,Neotheropoda,Possibly Coelophysoidea,,,,,,,,,,,,,,,Two incomplete skeletons and incomplete skull.,Mortimer - Theropod database (online).,"Liliensternus liliensterni lived during the Late Triassic in what is now Germany. It was a medium-sized theropod with a slender, agile body, long legs, and sharp teeth. Liliensternus was bipedal and likely hunted small to medium-sized animals, including early reptiles and possibly other small dinosaurs. Its anatomy shows early adaptations for speed and predatory efficiency.",Carnivore,Semi-arid floodplains and open woodland,https://drive.google.com/file/d/10SvOu29CRhXw4Qog4i_7VFQhLdo3ynam/view?usp=drive_link
32,Lucianovenator bonoi,valid,Martínez & Apaldetti,2017,"2,5 m",13 kg,"2,5",South America,Argentina,Argentina,"-71,8643507","-34,8680283","1.685,0545519","9,0311496","8,9073784","11.033.475,1150632",relativeToGround,,,,,,,,,,,,,,,,,,,,,,,,,,,,,,,,,,,,,,,,,,,,,,,,,San Juan,Quebrada del Barro,Quebrada del Barro,"-67,2200339","-31,8899532","738,8330167","-72,0556168","71,6320804","683,8972060",relativeToGround,,,,,,,,,,,,,,,,,,,,,,,,,,,,,,,,,,,,,,,,,,,,,,,,,,,,,,,,,,,,,,,,,,,,,,,,,,,,,,,,,,,,,,,,,,,,,,,,,Late Triassic,Late Norian-Rhaetian,Dinosauria,Saurischia,Eusaurischia,Theropoda,Neotheropoda,Coelophysoidea,Coelophysidae,,,,,,,,,,,,,,"Fragmentary skeleton, referred 3 fragmentary skeletons and proximal tibia (uncertain)","Martínez, R. N., & Apaldetti, C. (2017). A Late Norian—Rhaetian Coelophysid Neotheropod (Dinosauria, Saurischia) from the Quebrada Del Barro Formation, Northwestern Argentina.","Lucianovenator bonoi lived around 230 million years ago in present-day Argentina. It was a small, agile early theropod with a lightweight body and long limbs built for running. Lucianovenator had sharp teeth for capturing prey and likely occupied the role of a mid-level predator in its ecosystem.",Carnivore/Insectivore,River valleys and lightly forested plains,https://drive.google.com/file/d/1WcgSvMezbzZdsOswanymug3TywOSp1LD/view?usp=drive_link
33,Macrocollum itaquii,valid,Müller et al.,2018,"3,4 m",180 kg,4,South America,Brazil,Brazil,"-55,0206812","-9,4714612","-440,1819316","-4,9505023","3,9090220","11.520.775,7264650",relativeToGround,,,,,,,,,,,,,,,,,,,,,,,,,,,,,,,,,,,,,,,,,,,,,,,,,Rio Grande do Sul,Candelária Sequence,Candelária Sequence,"-53,4823327","-29,6313014","440,9129346","151,4820230","70,3001237","70,3001237",relativeToGround,,,,,,,,,,,,,,,,,,,,,,,,,,,,,,,,,,,,,,,,,,,,,,,,,,,,,,,,,,,,,,,,,,,,,,,,,,,,,,,,,,,,,,,,,,,,,,,,,Late Triassic,Early Norian,Dinosauria,Saurischia,Eusaurischia,Sauropodomorpha,Unaysauridae,,,,,,,,,,,,,,,,Two almost complete skeletons with skulls and partial skeleton without skull.,"Müller, R.T., Langer, M.C., Dias-da-Silva, S. (2018). ""An exceptionally preserved association of complete dinosaur skeletons reveals the oldest long-necked sauropodomorphs"".","Macrocollum itaquii lived during the Late Triassic in southern Brazil. It was a small, early sauropodomorph with an elongated neck and slender limbs, capable of bipedal movement but likely feeding on all fours. Its teeth were adapted for plant consumption, indicating herbivory. Macrocollum is one of the earliest known sauropodomorphs with a relatively long neck.",Herbivore,Open floodplains and forested areas,https://drive.google.com/file/d/1hMhvayBCMi5gie6wQWBzEy_DH_gobX6T/view?usp=drive_link
34,Melanorosaurus readi,valid,Haughton,1924,"6,7 m",750 kg,3,Africa,South Africa,South Africa,"21,4384946","-25,4022114","1.605,6151303","-0,3196691","5,5700988","5.057.169,8686427",relativeToGround,,,,,,,,,,,,,,,,,,,,,,,,,,,,,,,,,,,,,,,,,,,,,,,,,Eastern Cape,Lower Elliot,Lower Elliot,"27,3994465","-30,4980265","1.706,6507704","-1,6364548","72,2948484","698,3483928",relativeToGround,,,,,,,,,,,,,,,,,,,,,,,,,,,,,,,,,,,,,,,,,,,,,,,,,,,,,,,,,,,,,,,,,,,,,,,,,,,,,,,,,,,,,,,,,,,,,,,,,Late Triassic,Late Norian-Rhaetian,Dinosauria,Saurischia,Eusaurischia,Sauropodomorpha,Plateosauria,Massopoda,Sauropodiformes,Anchisauria,Possibly Melanorosauridae,,,,,,,,,,,,Several fragmentary skeletons.,"Galton PM, Van Heerden J, Yates AM (2005). ""Postcranial Anatomy of Referred Specimens of Melanorosaurus"".","Melanorosaurus readi lived during the Late Triassic in what is now South Africa. It was a large sauropodomorph with a long neck and massive body, walking primarily on four legs. Its robust limbs supported its heavy weight while feeding on tall vegetation. Melanorosaurus represents an early stage in the evolution toward giant Jurassic sauropods.",Herbivore,Semi-arid plains and river valleys,https://drive.google.com/file/d/1LYRM6JVjNMbXv_-JHMCyc1iE3QL8a797/view?usp=drive_link
35,Meroktenos thabanensis,valid,de Fabrègues & Allain,2016,"5,1 m",350 kg,"2,5",Africa,Lesotho,Lesotho,"27,9121742","-29,2533800","1.724,8089847","-4,8317868","2,9627759","839.507,1324000",relativeToGround,,,,,,,,,,,,,,,,,,,,,,,,,,,,,,,,,,,,,,,,,,,,,,,,,Mafeteng,Lower Elliot,Lower Elliot,"27,3994465","-30,4980265","1.706,6507704","-1,6364548","72,2948484","698,3483928",relativeToGround,,,,,,,,,,,,,,,,,,,,,,,,,,,,,,,,,,,,,,,,,,,,,,,,,,,,,,,,,,,,,,,,,,,,,,,,,,,,,,,,,,,,,,,,,,,,,,,,,Late Triassic,Late Norian-Rhaetian,Dinosauria,Saurischia,Eusaurischia,Sauropodomorpha,Plateosauria,Massopoda,Sauropodiformes,Anchisauria,,,,,,,,,,,,,"Fragmentary skeleton, referred cervical vertebra, left ulna and radius (uncertain)","Peyre de Fabregues, C., Allain, R. (2016). New material and revision of Melanorosaurus thabanensis, a basal sauropodomorph from the Upper Triassic of Lesotho.","Meroktenos thabanensis lived around 210 million years ago in Lesotho, southern Africa. It was a medium to large-sized early sauropodomorph with a strong, heavy body and relatively long neck. Meroktenos likely fed on a variety of plants and walked quadrupedally, showing early adaptations toward gigantism.",Herbivore,Floodplains and lightly wooded areas,https://drive.google.com/file/d/1_z7MQzJ_JeGiXgmAj4bTCD4tY0zMqlMQ/view?usp=drive_link
36,Mussaurus patagonicus,valid,Bonaparte & Vince,1979,"6,8 m",730 kg,"3,5",South America,Argentina,Argentina,"-71,8643507","-34,8680283","1.685,0545519","9,0311496","8,9073784","11.033.475,1150632",relativeToGround,,,,,,,,,,,,,,,,,,,,,,,,,,,,,,,,,,,,,,,,,,,,,,,,,Santa Cruz,Laguna Colorada,Laguna Colorada,"-68,3259808","-48,0772840","185,6121571","-66,1047114","59,6339395","317,4688166",relativeToGround,,,,,,,,,,,,,,,,,,,,,,,,,,,,,,,,,,,,,,,,,,,,,,,,,,,,,,,,,,,,,,,,,,,,,,,,,,,,,,,,,,,,,,,,,,,,,,,,,Late Triassic,Norian,Dinosauria,Saurischia,Eusaurischia,Sauropodomorpha,Plateosauria,Massopoda,Sauropodiformes,Anchisauria,,,,,,,,,,,,,At least more than 20 individuals (hatchlings to adults).,"Otero, A., & Pol, D. (2013). Postcranial anatomy and phylogenetic relationships of Mussaurus patagonicus (Dinosauria, Sauropodomorpha).","Mussaurus patagonicus lived during the Late Triassic in what is now Argentina. It was a small to medium-sized sauropodomorph as an adult, though juveniles were tiny and likely lived in groups for protection. Mussaurus had a long neck and tail, walked both bipedally and quadrupedally, and fed on low-growing vegetation. It is notable for showing evidence of social behavior in early sauropodomorphs.",Herbivore,Floodplains and open forests,https://drive.google.com/file/d/1W42acRm1YppJgGGiEJBauPl6wE7H3iJ1/view?usp=drive_link
37,Nambalia roychowdhurii,valid,Novas et al.,2011,"4,2 m",130 kg,2,Asia,India,India,"74,6345719","22,1094784","-1.156,0224272","5,0175281","2,1442221","7.316.601,2286580",relativeToGround,,,,,,,,,,,,,,,,,,,,,,,,,,,,,,,,,,,,,,,,,,,,,,,,,Andhra Pradesh,Maleri,Maleri,"79,7003466","19,1976163","169,9642894","14,6673172","68,5019749","270,3875795",relativeToGround,,,,,,,,,,,,,,,,,,,,,,,,,,,,,,,,,,,,,,,,,,,,,,,,,,,,,,,,,,,,,,,,,,,,,,,,,,,,,,,,,,,,,,,,,,,,,,,,,Late Triassic,Late Norian-Rhaetian,Dinosauria,Saurischia,Eusaurischia,Sauropodomorpha,,,,,,,,,,,,,,,,,At least three individuals.,"Novas, F. E., Ezcurra, M. D., Chatterjee, S., & Kutty, T. S. (2010). New dinosaur species from the Upper Triassic Upper Maleri and Lower Dharmaram formations of Central India.",Nambalia roychowdhurii lived around 210 million years ago during the Late Triassic in present-day India. It was a small sauropodomorph with a long neck and slender limbs. Nambalia could move on two or four legs while feeding and had teeth adapted for plant consumption.,Herbivore,Floodplains and lightly forested areas,https://drive.google.com/file/d/1RdW0_iOS2nE4NTst2kNPdbTK2rbOThjd/view?usp=drive_link
38,Nhandumirim waldsangae,valid,Marsola et al.,2019,1 m,"1,5 kg",2,South America,Brazil,Brazil,"-55,0206812","-9,4714612","-440,1819316","-4,9505023","3,9090220","11.520.775,7264650",relativeToGround,,,,,,,,,,,,,,,,,,,,,,,,,,,,,,,,,,,,,,,,,,,,,,,,,Rio Grande do Sul,Santa Maria,Santa Maria,"-53,8447456","-29,6342371","228,5472836","9,6613854","65,5660799","359,6565902",relativeToGround,,,,,,,,,,,,,,,,,,,,,,,,,,,,,,,,,,,,,,,,,,,,,,,,,,,,,,,,,,,,,,,,,,,,,,,,,,,,,,,,,,,,,,,,,,,,,,,,,Late Triassic,Late Carnian,Dinosauria,Saurischia,Eusaurischia,Possibly Theropoda,,,,,,,,,,,,,,,,,"3 dorsal vertebrae, 2 sacral vertebrae, 7 caudal vertebrae, chevron, pelvic and hind limb bones.","Marsola, J.C.A., Bittencourt, J.S.J., Butler, R., Da Rosa, A.A.S., Sayão, J.M., Langer, M.C. (2019). ""A new dinosaur with theropod affinities from the Late Triassic Santa Maria Formation, South Brazil"".","Nhandumirim waldsangae lived during the Late Triassic in what is now Brazil. It was a small, early sauropodomorph with a long neck and lightweight body. Nhandumirim was likely bipedal but may have occasionally used all fours to reach vegetation. Its discovery helps clarify early diversity in sauropodomorph evolution.",Herbivore,Open woodlands and river valleys,https://drive.google.com/file/d/1stm14lsJy4YH_ZSNrQZMncDxEKbAZoYZ/view?usp=drive_link
39,Notatesseraeraptor frickensis,valid,Zahner & Brinkmann,2019,"2,65 m",27 kg,"2,5",Europe,Switzerland,Switzerland,"7,3931595","47,6180926","370,7375750","-13,9492891","15,3616773","930.825,5388477",relativeToGround,,,,,,,,,,,,,,,,,,,,,,,,,,,,,,,,,,,,,,,,,,,,,,,,,Aargau,Klettgau,Klettgau,"8,5022601","47,6987369","449,1289278","-6,9490024","65,2662239","469,5613361",relativeToGround,,,,,,,,,,,,,,,,,,,,,,,,,,,,,,,,,,,,,,,,,,,,,,,,,,,,,,,,,,,,,,,,,,,,,,,,,,,,,,,,,,,,,,,,,,,,,,,,,Late Triassic,Latest Norian,Dinosauria,Saurischia,Eusaurischia,Theropoda,Neotheropoda,Possibly Dilophosauridae,,,,,,,,,,,,,,,"Partial skeleton and incomplete skull, referred teeth (uncertain), fragmentary skeleton with skull (uncertain)","Zahner, M., & Brinkmann, W. (2019). A Triassic averostran-line theropod from Switzerland and the early evolution of dinosaurs.","Notatesseraeraptor frickensis lived about 210 million years ago in what is now Switzerland. It was a small to medium-sized theropod with a slender body, long legs, and sharp teeth, adapted for speed and predation. Notatesseraeraptor is important for understanding early diversification of theropods in Europe.",Carnivore/Insectivore,Semi-arid floodplains and lightly wooded areas,https://drive.google.com/file/d/1nNtldi2j8ocTY4bsZPIzjd1xToevn0dC/view?usp=drive_link
40,Pampadromaeus barberenai,valid,Cabreira et al.,2011,"1,4 m",10 kg,3,South America,Brazil,Brazil,"-55,0206812","-9,4714612","-440,1819316","-4,9505023","3,9090220","11.520.775,7264650",relativeToGround,,,,,,,,,,,,,,,,,,,,,,,,,,,,,,,,,,,,,,,,,,,,,,,,,Rio Grande do Sul,Santa Maria,Santa Maria,"-53,8447456","-29,6342371","228,5472836","9,6613854","65,5660799","359,6565902",relativeToGround,,,,,,,,,,,,,,,,,,,,,,,,,,,,,,,,,,,,,,,,,,,,,,,,,,,,,,,,,,,,,,,,,,,,,,,,,,,,,,,,,,,,,,,,,,,,,,,,,Late Triassic,Middle Carnian,Dinosauria,Saurischia,Eusaurischia,Sauropodomorpha,Guaibasauridae,,,,,,,,,,,,,,,,Partial skeleton with incomplete skull. Referred femur.,"Langer, Cabreira, Bittencourt and Schultz, (2011). A new eusaurischian from the Santa Maria Formation, Late Triassic of Brazil, highlights mosaic pattern of character evolution during the rise of dinosaurs. Journal of Vertebrate Paleontology.","Pampadromaeus barberenai lived during the Late Triassic in present-day Brazil. It was a small, early sauropodomorph with a long neck, lightly built body, and herbivorous teeth. Pampadromaeus could likely move bipedally or quadrupedally while feeding and represents one of the earliest members of its group in South America.",Herbivore,Floodplains and open forests,https://drive.google.com/file/d/1nNtldi2j8ocTY4bsZPIzjd1xToevn0dC/view?usp=drive_link
41,Panphagia protos,valid,Martinez & Alcober,2009,"1,3 m",8 kg,3,South America,Argentina,Argentina,"-71,8643507","-34,8680283","1.685,0545519","9,0311496","8,9073784","11.033.475,1150632",relativeToGround,,,,,,,,,,,,,,,,,,,,,,,,,,,,,,,,,,,,,,,,,,,,,,,,,San Juan,Ischigualasto,Ischigualasto,"-68,0940644","-29,6528603","1.122,6296570","-100,4938273","67,3946750","710,8150673",relativeToGround,,,,,,,,,,,,,,,,,,,,,,,,,,,,,,,,,,,,,,,,,,,,,,,,,,,,,,,,,,,,,,,,,,,,,,,,,,,,,,,,,,,,,,,,,,,,,,,,,Late Triassic,Middle-Late Carnian,Dinosauria,Saurischia,Eusaurischia,Sauropodomorpha,Possibly Guaibasauridae,,,,,,,,,,,,,,,,Partial skeleton with skull fragments (juvenile).,"Martinez and Alcober, (2009). A basal sauropodomorph (Dinosauria: Saurischia) from the Ischigualasto Formation (Triassic, Carnian) and the early evolution of Sauropodomorpha.","Panphagia protos lived around 231 million years ago during the Late Triassic in what is now Argentina. It was a small, early sauropodomorph with a lightly built body, long tail, and slender limbs. Panphagia had both primitive and advanced traits and is considered one of the earliest known sauropodomorphs. Its teeth suggest it may have had an omnivorous diet.",Omnivore,Open floodplains and lightly forested areas,https://drive.google.com/file/d/1SlouNW2Pp8r4IPUxzMJ3UCxUVm3CwCHF/view?usp=drive_link
42,Pantydraco caducus,valid,"Galton, Yates & Kermack",2007,"1,3 m","2,5 kg",3,Europe,United Kingdom,United Kingdom,"-5,4282139","55,1022881","45,1485417","-15,6227355","6,3270023","2.554.337,5034103",relativeToGround,,,,,,,,,,,,,,,,,,,,,,,,,,,,,,,,,,,,,,,,,,,,,,,,,Wales,Pant-y-Ffynnon Quarry,Pant-y-Ffynnon Quarry,"-3,3732556","51,4579678","35,1890622","-111,3160356","55,1994598","809,0416406",relativeToGround,,,,,,,,,,,,,,,,,,,,,,,,,,,,,,,,,,,,,,,,,,,,,,,,,,,,,,,,,,,,,,,,,,,,,,,,,,,,,,,,,,,,,,,,,,,,,,,,,Late Triassic,Rhaetian,Dinosauria,Saurischia,Eusaurischia,Sauropodomorpha,,,,,,,,,,,,,,,,,Several partial skeletons.,"Galton, P.M., Yates, A.M., and Kermack, D. (2007). ""Pantydraco n. gen. for Thecodontosaurus caducus YATES, 2003, a basal sauropodomorph dinosaur from the Upper Triassic or Lower Jurassic of South Wales, UK."".","Pantydraco caducus lived during the Late Triassic in what is now Wales. It was a small, early sauropodomorph with a long neck and slender body. Pantydraco likely walked bipedally but may have fed using all fours. Its teeth were adapted for consuming plants, showing early herbivorous traits.",Herbivore,River valleys and open woodland,https://drive.google.com/file/d/13BtncYIKUXAcbRlcIjluvRPzGvyEqYBk/view?usp=drive_link
43,Plateosauravus cullingworthi,valid,von Huene,1932,6 m,600 kg,2,Africa,South Africa,South Africa,"21,4384946","-25,4022114","1.605,6151303","-0,3196691","5,5700988","5.057.169,8686427",relativeToGround,,,,,,,,,,,,,,,,,,,,,,,,,,,,,,,,,,,,,,,,,,,,,,,,,Eastern Cape,Lower Elliot,Lower Elliot,"27,3994465","-30,4980265","1.706,6507704","-1,6364548","72,2948484","698,3483928",relativeToGround,,,,,,,,,,,,,,,,,,,,,,,,,,,,,,,,,,,,,,,,,,,,,,,,,,,,,,,,,,,,,,,,,,,,,,,,,,,,,,,,,,,,,,,,,,,,,,,,,Late Triassic,Late Norian-Rhaetian,Dinosauria,Saurischia,Eusaurischia,Sauropodomorpha,Plateosauria,Possibly Massopoda,,,,,,,,,,,,,,,At least two individuals.,"Blair W. Mcphee, Emese M. Bordy, Lara Sciscio i Jonah N. Choiniere. (2017). The sauropodomorph biostratigraphy of the Elliot Formation of southern Africa: Tracking the evolution of Sauropodomorpha across the Triassic–Jurassic boundary.","Plateosauravus cullingworthi lived in the Late Triassic in what is now South Africa. It was a medium-sized sauropodomorph with a long neck, robust limbs, and a relatively heavy body. Plateosauravus could walk bipedally or quadrupedally while feeding and represents an early stage in sauropodomorph evolution.",Herbivore,Floodplains and lightly forested areas,https://drive.google.com/file/d/1GIk-50cY1BjShUqBttx76zZTHVHd8Uh4/view?usp=drive_link
44,Plateosaurus engelhardti,valid,von Meyer,1837,"9,8 m","3,7 t",4,Europe and North America,"Germany, Greenland, France, Switzerland, Norway",Germany,"8,2575616","50,4691146","498,7920880","-15,5289244","0,7332085","2.688.036,2326142",relativeToGround,Greenland,"-65,4782488","76,3070063","64,7489061","343,1571096","0,0000000","7.910.128,5293591",relativeToGround,France,"-3,2555052","45,7371162","-454,1603896","-16,6623723","0,7580395","3.564.878,4383762",relativeToGround,Switzerland,"7,3931595","47,6180926","370,7375750","-13,9492891","15,3616773","930.825,5388477",relativeToGround,Norway ,"2,6015442","62,5402071","76,3995052","-26,9010449","0,7611115","4.485.830,8806092",relativeToGround,,,,,,,,,,,,,,,,,"Bavaria,
Baden-Württemberg, Thuringia, Sermersooq, Bourgogne-Franche-Comté, Aargau, Snorre oil field","Trossingen, Fleming Fjord, Marnes Irisees Superieures, Klettgau, Obere Bunte Mergel, Lunde",Trossingen,"8,8849303","47,7775022","433,0586970","161,4800145","71,7535162","944,6776938",relativeToGround,Fleming Fjord,"-22,5869753","71,8960109","246,3179794","47,3251166","73,0459266","3.038,2932779",relativeToGround,Marnes Irisees Superieures,"6,3332543","47,3041042","399,1789238","151,8740002","63,6932553","664,4955620",relativeToGround,Klettgau,"8,5022601","47,6987369","449,1289278","-6,9490024","65,2662239","469,5613361",relativeToGround,Obere Bunte Mergel,"7,5687374","46,5182217","1.512,4479532","-87,9213413","70,8998103","1.512,4479532",relativeToGround,Lunde,"2,2527499","61,3576438","99,3217133","52,7500735","78,6117480","49.641,8015925",relativeToGround,,,,,,,,,,,,,,,,,,,,,,,,,,,,,,,,,,,,,,,,,,,,,,,,,,,,,,,,,Late Triassic,Approx. Middle Norian-Rhaetian,Dinosauria,Saurischia,Eusaurischia,Sauropodomorpha,Plateosauria,,,,,,,,,,,,,,,,Probably more than 100 skeletons (juvenile to adult).,"Klein (2004). Bone histology and growth of the prosauropod dinosaur Plateosaurus engelhardti MEYER, 1837 from the Norian bonebeds of Trossingen (Germany) and Frick (Switzerland).
von Huene (1932). Die fossile Reptil-Ordnung Saurischia, ihre Entwicklung und Geschichte.
Galton, P. M. (2012). Case 3560 Plateosaurus engelhardti Meyer, 1837 (Dinosauria, Sauropodomorpha): proposed replacement of unidentifiable name-bearing type by a neotype.
Hurum, J.H., Bergan, M., Müller, R., Nystuen, J.P. & Klein, N. (2006). ""A Late Triassic dinosaur bone, offshore Norway"".
Yates, Adam M. (2003). ""Species taxonomy of the sauropodomorph dinosaurs from the Löwenstein Formation (Norian, Late Triassic) of Germany"".","Plateosaurus engelhardti lived during the Late Triassic in what is now Germany. It was a large sauropodomorph with a long neck, strong limbs, and a bulky body. Plateosaurus could move bipedally or quadrupedally, feeding primarily on plants. It is one of the best-known early dinosaurs, providing extensive fossil evidence for growth, behavior, and locomotion.",Herbivore,Open plains and river valleys,https://drive.google.com/file/d/1Nc3Uv9AHyikOtGTkujmuLg5UEqyX6Tml/view?usp=drive_link
45,Plateosaurus gracilis,valid,von Huene,1908,"5 m (approx. 6,7 m)","500 kg (approx. 1,2 t)","3,5",Europe,Germany,Germany,"8,2575616","50,4691146","498,7920880","-15,5289244","0,7332085","2.688.036,2326142",relativeToGround,,,,,,,,,,,,,,,,,,,,,,,,,,,,,,,,,,,,,,,,,,,,,,,,,Baden-Württemberg,Löwenstein,Löwenstein,"9,2019066","48,8006839","243,9264116","-144,2623142","59,0542884","1.076,4280687",relativeToGround,,,,,,,,,,,,,,,,,,,,,,,,,,,,,,,,,,,,,,,,,,,,,,,,,,,,,,,,,,,,,,,,,,,,,,,,,,,,,,,,,,,,,,,,,,,,,,,,,Late Triassic,Middle Norian,Dinosauria,Saurischia,Eusaurischia,Sauropodomorpha,Plateosauria,,,,,,,,,,,,,,,,At least 4 individuals (uncertain) (problematic).,"Yates, A. M. (2003). The species taxonomy of the sauropodomorph dinosaurs from the Lowenstein Formation (Norian, Late Triassic) of Germany.","Plateosaurus gracilis lived around 214 million years ago in present-day Germany. It was a smaller, slender version of Plateosaurus with a long neck and tail. Plateosaurus gracilis could walk bipedally and occasionally on all fours when feeding. Its teeth were adapted for herbivory.",Herbivore,Floodplains and open woodlands,https://drive.google.com/file/d/1pYcNBr18xtdJ_l52lhE4pBjSrupVqdM6/view?usp=drive_link
46,Powellvenator podocitus,valid,Ezcurra,2017,"0,95 m","1,2 kg",2,South America,Argentina,Argentina,"-71,8643507","-34,8680283","1.685,0545519","9,0311496","8,9073784","11.033.475,1150632",relativeToGround,,,,,,,,,,,,,,,,,,,,,,,,,,,,,,,,,,,,,,,,,,,,,,,,,La Rioja,Los Colorados,Los Colorados,"-67,8908401","-29,8027310","1.324,9305764","-1,6838644","64,3092592","3.354,5551442",relativeToGround,,,,,,,,,,,,,,,,,,,,,,,,,,,,,,,,,,,,,,,,,,,,,,,,,,,,,,,,,,,,,,,,,,,,,,,,,,,,,,,,,,,,,,,,,,,,,,,,,Late Triassic,Norian,Dinosauria,Saurischia,Eusaurischia,Theropoda,Neotheropoda,Coelophysoidea,,,,,,,,,,,,,,,Hind limb bones (a few individuals).,"Martín D. Ezcurra (2017). ""A new early coelophysoid neotheropod from the Late Triassic of northwestern Argentina"".","Powellvenator podocitus lived during the Late Triassic in what is now Brazil. It was a small, agile theropod with long legs, a lightweight body, and sharp teeth. Powellvenator was bipedal and likely hunted small vertebrates and insects, playing the role of a fast mid-level predator.",Carnivore/Insectivore,Floodplains and lightly forested areas,https://drive.google.com/file/d/1qiBnb75ZEPGsSR21eCVnlLMfsUKUErWe/view?usp=drive_link
47,Procompsognathus triassicus,valid,Fraas,1913,1 m,"1,3 kg",3,Europe,Germany,Germany,"8,2575616","50,4691146","498,7920880","-15,5289244","0,7332085","2.688.036,2326142",relativeToGround,,,,,,,,,,,,,,,,,,,,,,,,,,,,,,,,,,,,,,,,,,,,,,,,,Baden-Württemberg,Löwenstein,Löwenstein,"9,2019066","48,8006839","243,9264116","-144,2623142","59,0542884","1.076,4280687",relativeToGround,,,,,,,,,,,,,,,,,,,,,,,,,,,,,,,,,,,,,,,,,,,,,,,,,,,,,,,,,,,,,,,,,,,,,,,,,,,,,,,,,,,,,,,,,,,,,,,,,Late Triassic,Middle Norian,Dinosauria,Saurischia,Eusaurischia,Theropoda,Neotheropoda,Coelophysoidea,Possibly Coelophysidae,,,,,,,,,,,,,,Large part of skeleton and skull (uncertain),"Knoll, F. (2008). On the Procompsognathus postcranium (Late Triassic, Germany).","Procompsognathus triassicus lived around 210 million years ago during the Late Triassic in what is now Germany. It was a small, lightly built theropod with long legs, a slender body, and sharp teeth. Procompsognathus was bipedal and fast, preying on insects and small vertebrates, and is one of the earliest known coelophysoids.",Carnivore/Insectivore,Semi-arid floodplains and open woodlands,https://drive.google.com/file/d/15J6Yty8wMihQJWBei_GtHxBwararnwSJ/view?usp=drive_link
48,Protoavis texensis,valid,Chatterjee,1991,"0,58 m","0,28 kg","2,5",North America,USA,USA,"-106,1951385","39,4392637","-12.595,5345205","0,8682536","3,1287964","8.466.423,6667228",relativeToGround,,,,,,,,,,,,,,,,,,,,,,,,,,,,,,,,,,,,,,,,,,,,,,,,,Texas,"Bull Canyon, Tecovas",Bull Canyon,"-103,1316431","35,3754237","1.103,3522087","31,3142637","68,6668349","1.157,3458890",relativeToGround,Tecovas,"-103,0968339","35,2420912","1.189,8485419","-6,3508310","54,0021693","496,2973923",relativeToGround,,,,,,,,,,,,,,,,,,,,,,,,,,,,,,,,,,,,,,,,,,,,,,,,,,,,,,,,,,,,,,,,,,,,,,,,,,,,,,,,,,,,,,,,,Late Triassic,Approx. Late Carnian-Early Norian,Dinosauria,Saurischia,Eusaurischia,Theropoda,Neotheropoda,Coelophysoidea,,,,,,,,,,,,,,,2 partial skeletons (with skull fragments) and referred fragments.,"Chatterjee, (1991). Cranial Anatomy and relationships of a new Triassic bird from Texas.","Protoavis texensis lived during the Late Triassic in what is now Texas, USA. Although its fossil remains are controversial, it is suggested to be a small, bird-like theropod or early avialan. Protoavis had a lightweight body, long limbs, and features indicating possible flight or gliding capability.",Carnivore/Insectivore,Forested floodplains and river valleys,https://drive.google.com/file/d/1oGyVZ4BriJatZqvNqWLwTXcaxr2pyh9E/view?usp=drive_link
49,Riojasaurus incertus,valid,Bonaparte,1969,"6,2 m",600 kg,"3,5",South America,Argentina,Argentina,"-71,8643507","-34,8680283","1.685,0545519","9,0311496","8,9073784","11.033.475,1150632",relativeToGround,,,,,,,,,,,,,,,,,,,,,,,,,,,,,,,,,,,,,,,,,,,,,,,,,La Rioja,Los Colorados,Los Colorados,"-67,8908401","-29,8027310","1.324,9305764","-1,6838644","64,3092592","3.354,5551442",relativeToGround,,,,,,,,,,,,,,,,,,,,,,,,,,,,,,,,,,,,,,,,,,,,,,,,,,,,,,,,,,,,,,,,,,,,,,,,,,,,,,,,,,,,,,,,,,,,,,,,,Late Triassic,Norian,Dinosauria,Saurischia,Eusaurischia,Sauropodomorpha,Plateosauria,Massopoda,Riojasauridae,,,,,,,,,,,,,,At least several individuals.,"Bonaparte, J.F. & Pumares, J.A. (1995). Notas sobre el primer craneo de Riojasaurus incertus (Dinosauria, Prosauropoda, Melanorosauridae) del Triasico Superios de La Rioja, Argentina.","Riojasaurus incertus lived during the Late Triassic in present-day Argentina. It was a large sauropodomorph with a long neck, robust limbs, and heavy body. Riojasaurus was quadrupedal and herbivorous, feeding on ferns and other vegetation, and represents one of the earliest large herbivores of Gondwana.",Herbivore,Open woodlands and river valleys,https://drive.google.com/file/d/1NY4_qH66i_kwMVToVmossM9-qO4gO-bE/view?usp=drive_link
50,Ruehleia bedheimensis,valid,Galton,2001,"7,5 m","1,7 t",4,Europe,Germany,Germany,"8,2575616","50,4691146","498,7920880","-15,5289244","0,7332085","2.688.036,2326142",relativeToGround,,,,,,,,,,,,,,,,,,,,,,,,,,,,,,,,,,,,,,,,,,,,,,,,,Thuringia,Trossingen,Trossingen,"8,8849303","47,7775022","433,0586970","161,4800145","71,7535162","944,6776938",relativeToGround,,,,,,,,,,,,,,,,,,,,,,,,,,,,,,,,,,,,,,,,,,,,,,,,,,,,,,,,,,,,,,,,,,,,,,,,,,,,,,,,,,,,,,,,,,,,,,,,,Late Triassic,Late Norian,Dinosauria,Saurischia,Eusaurischia,Sauropodomorpha,Plateosauria,Massopoda,,,,,,,,,,,,,,,2 (3 (uncertain)) individuals (one almost complete).,"Galton, P.M. (2001). ""Prosauropod dinosaurs from the Upper Triassic of Germany"".","Ruehleia bedheimensis lived around 210 million years ago during the Late Triassic in Germany. It was a small to medium-sized sauropodomorph with a long neck, slender limbs, and a lightly built body. Ruehleia was likely bipedal but could also move on all fours while feeding on vegetation.",Herbivore,Floodplains and lightly forested areas,https://drive.google.com/file/d/1n8OpjtLGwDfVeRAxCscf2rgvOxOgpg1V/view?usp=drive_link
51,Sanjuansaurus gordilloi,valid,Alcober & Martinez,2010,"3,6 m",63 kg,"3,5",South America,Argentina,Argentina,"-71,8643507","-34,8680283","1.685,0545519","9,0311496","8,9073784","11.033.475,1150632",relativeToGround,,,,,,,,,,,,,,,,,,,,,,,,,,,,,,,,,,,,,,,,,,,,,,,,,San Juan,Ischigualasto,Ischigualasto,"-68,0940644","-29,6528603","1.122,6296570","-100,4938273","67,3946750","710,8150673",relativeToGround,,,,,,,,,,,,,,,,,,,,,,,,,,,,,,,,,,,,,,,,,,,,,,,,,,,,,,,,,,,,,,,,,,,,,,,,,,,,,,,,,,,,,,,,,,,,,,,,,Late Triassic,Late Carnian,Dinosauria,Saurischia,Herrerasauridae,,,,,,,,,,,,,,,,,,Large part of skeleton with skull.,"Alcober & Martinez, (2010). A new herrerasaurid (Dinosauria, Saurischia) from the Upper Triassic Ischigualasto Formation of northwestern Argentina.","Sanjuansaurus gordilloi lived during the Late Triassic in what is now Argentina. It was a small, agile theropod with a lightweight body, long legs, and sharp teeth, adapted for hunting small animals. Sanjuansaurus provides insight into early carnivorous dinosaur diversity in Gondwana and was likely a fast predator capable of chasing prey over short distances.",Carnivore/Insectivore,Floodplains and lightly forested areas,https://drive.google.com/file/d/1zl97JFiVpYjGFvRaG2XB1sUY2AX2vUNv/view?usp=drive_link
52,Saturnalia tupiniquim,valid,Langer et al.,1999,"1,4 m",10 kg,"3,5",South America,Brazil,Brazil,"-55,0206812","-9,4714612","-440,1819316","-4,9505023","3,9090220","11.520.775,7264650",relativeToGround,,,,,,,,,,,,,,,,,,,,,,,,,,,,,,,,,,,,,,,,,,,,,,,,,Rio Grande do Sul,Santa Maria,Santa Maria,"-53,8447456","-29,6342371","228,5472836","9,6613854","65,5660799","359,6565902",relativeToGround,,,,,,,,,,,,,,,,,,,,,,,,,,,,,,,,,,,,,,,,,,,,,,,,,,,,,,,,,,,,,,,,,,,,,,,,,,,,,,,,,,,,,,,,,,,,,,,,,Late Triassic,Middle Carnian,Dinosauria,Saurischia,Eusaurischia,Sauropodomorpha,Guaibasauridae,,,,,,,,,,,,,,,,3 partial skeletons with skull framents.,"Langer, M.C., Abdala, F., Richter, M., Benton, M.J. (1999). A sauropodomorph dinosaur from the Upper Triassic (Carnian) of southern Brazil.","Saturnalia tupiniquim lived around 225 million years ago in present-day Brazil. It was a small, early sauropodomorph with a long neck, slender body, and lightly built limbs. Saturnalia could move bipedally or quadrupedally while feeding on plants and is considered one of the earliest members of the sauropodomorph lineage.",Herbivore,Floodplains and lightly wooded areas,https://drive.google.com/file/d/1dqXSX-1Gsy6nFsw0cJoZ_BlEHTVfFWNO/view?usp=drive_link
53,Staurikosaurus pricei,valid,Colbert,1970,"2,4 m",20 kg,"3,5",South America,Brazil,Brazil,"-55,0206812","-9,4714612","-440,1819316","-4,9505023","3,9090220","11.520.775,7264650",relativeToGround,,,,,,,,,,,,,,,,,,,,,,,,,,,,,,,,,,,,,,,,,,,,,,,,,Rio Grande do Sul,Santa Maria,Santa Maria,"-53,8447456","-29,6342371","228,5472836","9,6613854","65,5660799","359,6565902",relativeToGround,,,,,,,,,,,,,,,,,,,,,,,,,,,,,,,,,,,,,,,,,,,,,,,,,,,,,,,,,,,,,,,,,,,,,,,,,,,,,,,,,,,,,,,,,,,,,,,,,Late Triassic,Middle Carnian,Dinosauria,Saurischia,Herrerasauridae,,,,,,,,,,,,,,,,,,Large part of skeleton with mandibles. Referred fragments (Teyuwasu barbarenai material).,"Bittencourt & Kellner, (2009). The anatomy and phylogenetic position of the Triassic dinosaur Staurikosaurus pricei Colbert, 1970.","Staurikosaurus pricei lived during the Late Triassic in what is now Brazil. It was a small, fast theropod with long legs, a lightweight body, and sharp teeth. Staurikosaurus was one of the earliest known South American theropods and likely hunted small vertebrates and insects.",Carnivore/Insectivore,Open floodplains and river valleys,https://drive.google.com/file/d/1_w6XKz2TAlPCZw315E-UIHhYct0A5w-Y/view?usp=drive_link
54,Tawa hallae,valid,Nesbitt et al.,2009,"1,8 m","6,2 kg","3,5",North America,USA,USA,"-106,1951385","39,4392637","-12.595,5345205","0,8682536","3,1287964","8.466.423,6667228",relativeToGround,,,,,,,,,,,,,,,,,,,,,,,,,,,,,,,,,,,,,,,,,,,,,,,,,New Mexico,Chinle,Chinle,"-109,5501853","36,1430006","1.714,8807087","-177,2324733","76,6276936","600,8930773",relativeToGround,,,,,,,,,,,,,,,,,,,,,,,,,,,,,,,,,,,,,,,,,,,,,,,,,,,,,,,,,,,,,,,,,,,,,,,,,,,,,,,,,,,,,,,,,,,,,,,,,Late Triassic,Late Norian,Dinosauria,Saurischia,Eusaurischia,Theropoda,,,,,,,,,,,,,,,,,At least 7 individuals (skulls and skeletons).,"Nesbitt, Smith, Irmis, Turner, Downs and Norell, (2009). A complete skeleton of a Late Triassic saurischian and the early evolution of dinosaurs.","Tawa hallae lived around 215 million years ago during the Late Triassic in present-day New Mexico, USA. It was a small, lightly built theropod with long legs, a long tail for balance, and sharp teeth. Tawa was bipedal and likely hunted small vertebrates, providing insight into early dinosaur dispersal across Pangaea.",Carnivore,Semi-arid floodplains and open woodlands,https://drive.google.com/file/d/13_GMAZJkq9TYgrsGgm671M_aCoAb4Pwy/view?usp=drive_link
55,Thecodontosaurus antiquus,valid,Morris,1843,"3,1 m",55 kg,"3,5",Europe,United Kingdom,United Kingdom,"-5,4282139","55,1022881","45,1485417","-15,6227355","6,3270023","2.554.337,5034103",relativeToGround,,,,,,,,,,,,,,,,,,,,,,,,,,,,,,,,,,,,,,,,,,,,,,,,,England,Magnesian Conglomerate,Magnesian Conglomerate,"-2,6004008","51,5000370","54,6721764","22,1473830","54,2623741","147,2778948",relativeToGround,,,,,,,,,,,,,,,,,,,,,,,,,,,,,,,,,,,,,,,,,,,,,,,,,,,,,,,,,,,,,,,,,,,,,,,,,,,,,,,,,,,,,,,,,,,,,,,,,Late Triassic,Early Rhaetian,Dinosauria,Saurischia,Eusaurischia,Sauropodomorpha,,,,,,,,,,,,,,,,,Many individuals.,"M.J. Benton, L. Juul, G.W. Storrs and P.M. Galton, (2000), ""Anatomy and systematics of the prosauropod dinosaur Thecodontosaurus antiquus from the upper Triassic of southwest England"".","Thecodontosaurus antiquus lived during the Late Triassic in what is now England. It was a small to medium-sized sauropodomorph with a long neck and slender body. Thecodontosaurus could move bipedally or quadrupedally while feeding, and its fossils are among the earliest evidence of herbivorous dinosaurs in Europe.",Herbivore,Coastal floodplains and open woodlands,https://drive.google.com/file/d/17rzLkZ1caXMem9UdtOqqtXR0X0tnPYmM/view?usp=drive_link
56,Unaysaurus tolentinoi,valid,Leal et al.,2004,"2,8 m",100 kg,"3,5",South America,Brazil,Brazil,"-55,0206812","-9,4714612","-440,1819316","-4,9505023","3,9090220","11.520.775,7264650",relativeToGround,,,,,,,,,,,,,,,,,,,,,,,,,,,,,,,,,,,,,,,,,,,,,,,,,Rio Grande do Sul,Caturrita,Caturrita,"-53,3976579","-29,5015640","384,7666574","-67,5378781","71,3003111","642,9008537",relativeToGround,,,,,,,,,,,,,,,,,,,,,,,,,,,,,,,,,,,,,,,,,,,,,,,,,,,,,,,,,,,,,,,,,,,,,,,,,,,,,,,,,,,,,,,,,,,,,,,,,Late Triassic,Early Norian,Dinosauria,Saurischia,Eusaurischia,Sauropodomorpha,Unaysauridae,,,,,,,,,,,,,,,,Large part of skeleton with skull.,"Leal, L.A., Azevedo, S.A.K., Kellner, A.W.A., da Rosa, Á.A.S. (2004). A new early dinosaur (Sauropodomorpha) from the Caturrita Formation (Late Triassic), Paraná Basin, Brazil.","Unaysaurus tolentinoi lived during the Late Triassic in what is now Brazil. It was a medium-sized sauropodomorph with a long neck, robust limbs, and a relatively heavy body. Unaysaurus was primarily quadrupedal and fed on low- to mid-height vegetation, representing one of the earliest known sauropodomorphs in South America.",Herbivore,Floodplains and open woodlands,https://drive.google.com/file/d/16LnCcRYVl5twpWOlm7RDh8V_LtAL5fJe/view?usp=drive_link
57,Zupaysaurus rougieri,valid,Arcucci & Coria,2003,"4,2 m",70 kg,3,South America,Argentina,Argentina,"-71,8643507","-34,8680283","1.685,0545519","9,0311496","8,9073784","11.033.475,1150632",relativeToGround,,,,,,,,,,,,,,,,,,,,,,,,,,,,,,,,,,,,,,,,,,,,,,,,,La Rioja,Los Colorados,Los Colorados,"-67,8908401","-29,8027310","1.324,9305764","-1,6838644","64,3092592","3.354,5551442",relativeToGround,,,,,,,,,,,,,,,,,,,,,,,,,,,,,,,,,,,,,,,,,,,,,,,,,,,,,,,,,,,,,,,,,,,,,,,,,,,,,,,,,,,,,,,,,,,,,,,,,Late Triassic,Norian,Dinosauria,Saurischia,Eusaurischia,Theropoda,Neotheropoda,Possibly Coelophysoidea,,,,,,,,,,,,,,,"Skull and partial skeleton (vertebrae, proximal scapulocoracoid, limb bones an other fragments).","Arcucci & Coria, (2003). A new Triassic carnivorous dinosaur from Argentina.","Zupaysaurus rougieri lived around 213 million years ago during the Late Triassic in Argentina. It was a medium-sized theropod with a slender, agile body, long tail, and sharp teeth. Zupaysaurus was bipedal and likely hunted small vertebrates, playing the role of a mid-level predator in its ecosystem.",Carnivore,Floodplains and lightly forested areas,https://drive.google.com/file/d/13vr2_azuQt6ZyHAY0jS87ldQonO9uhMo/view?usp=drive_link
58,Aardonyx celestae,valid,Yates et al.,2009,"6,6 m",650 kg,3,Africa,South Africa,South Africa,"21,4384946","-25,4022114","1.605,6151303","-0,3196691","5,5700988","5.057.169,8686427",relativeToGround,,,,,,,,,,,,,,,,,,,,,,,,,,,,,,,,,,,,,,,,,,,,,,,,,Free State,Upper Elliot,Upper Elliot,"27,2746081","-30,3026669","1.536,8951401","-18,4156633","67,3212747","414,9986713",relativeToGround,,,,,,,,,,,,,,,,,,,,,,,,,,,,,,,,,,,,,,,,,,,,,,,,,,,,,,,,,,,,,,,,,,,,,,,,,,,,,,,,,,,,,,,,,,,,,,,,,Early Jurassic,Hettangian-Sinemurian,Dinosauria,Saurischia,Eusaurischia,Sauropodomorpha,Plateosauria,Massopoda,Sauropodiformes,Anchisauria,,,,,,,,,,,,,Two partial skeletons (immature) with cranial fragments.,"Yates, A. M.; Bonnan, M. F.; Neveling, J.; Chinsamy, A.; Blackbeard, M. G. (2010). ""A new transitional sauropodomorph dinosaur from the Early Jurassic of South Africa and the evolution of sauropod feeding and quadrupedalism"".","Aardonyx celestae lived during the Early Jurassic in what is now South Africa. It was a large sauropodomorph with a long neck, massive body, and strong limbs. Aardonyx could walk bipedally or quadrupedally while feeding and shows early adaptations toward gigantism seen in later sauropods.",Herbivore,Open plains and river valleys,https://drive.google.com/file/d/1vO9iuq-X3Qjp9DWny1OyPjk9zl0KJ0Sl/view?usp=drive_link
59,Abrictosaurus consors,valid,Hopson,1975,"0,9 m","0,8 kg",2,Africa,Lesotho,Lesotho,"27,9121742","-29,2533800","1.724,8089847","-4,8317868","2,9627759","839.507,1324000",relativeToGround,,,,,,,,,,,,,,,,,,,,,,,,,,,,,,,,,,,,,,,,,,,,,,,,,Qacha's Nek,Upper Elliot,Upper Elliot,"27,2746081","-30,3026669","1.536,8951401","-18,4156633","67,3212747","414,9986713",relativeToGround,,,,,,,,,,,,,,,,,,,,,,,,,,,,,,,,,,,,,,,,,,,,,,,,,,,,,,,,,,,,,,,,,,,,,,,,,,,,,,,,,,,,,,,,,,,,,,,,,Early Jurassic,Hettangian-Sinemurian,Dinosauria,Ornithischia,Heterodontosauridae,Heterodontosaurinae,,,,,,,,,,,,,,,,,Two partial skeletons (one with skull).,"Sereno, P. (2012). ""Taxonomy, morphology, masticatory function and phylogeny of heterodontosaurid dinosaurs"".","Abrictosaurus consors lived during the Early Jurassic in what is now South Africa. It was a small, lightly built heterodontosaurid with a mix of sharp and grinding teeth, indicating an omnivorous diet. Abrictosaurus was bipedal and agile, likely feeding on plants and small animals.",Omnivore,Semi-arid floodplains and lightly wooded areas,https://drive.google.com/file/d/1LsetymWacvznrJ_245mPhvevmDC6x3-U/view?usp=drive_link
60,Adeopapposaurus mognai,valid,Martínez,2009,"3,2 m",85 kg,"3,5",South America,Argentina,Argentina,"-71,8643507","-34,8680283","1.685,0545519","9,0311496","8,9073784","11.033.475,1150632",relativeToGround,,,,,,,,,,,,,,,,,,,,,,,,,,,,,,,,,,,,,,,,,,,,,,,,,San Juan,Cañón del Colorado,Cañón del Colorado,"-69,8598958","-31,8654293","3.097,6504043","-36,7070113","68,0138554","6.742,5149571",relativeToGround,,,,,,,,,,,,,,,,,,,,,,,,,,,,,,,,,,,,,,,,,,,,,,,,,,,,,,,,,,,,,,,,,,,,,,,,,,,,,,,,,,,,,,,,,,,,,,,,,Early Jurassic,Uncertain,Dinosauria,Saurischia,Eusaurischia,Sauropodomorpha,Plateosauria,Massopoda,Massospondylidae,,,,,,,,,,,,,,Four partial skeletons (also with skulls).,"Martínez, R.N. (2009). Adeopapposaurus mognai, gen. et sp. nov (Dinosauria: Sauropodomorpha), with comments on adaptations of basal Sauropodomorpha.","Adeopapposaurus mognai lived during the Early Jurassic in Argentina. It was a medium-sized sauropodomorph with a long neck, robust limbs, and a relatively heavy body. Adeopapposaurus fed on low- and mid-height vegetation and could walk bipedally or quadrupedally while foraging.",Herbivore,Floodplains and open forests,https://drive.google.com/file/d/1mE2LyaOMqqONnm3aIoXzKwRLhm0ack6W/view?usp=drive_link
61,Anchisaurus polyzelus,valid,Marsh,1885,"3,3 m",80 kg,3,North America,USA,USA,"-106,1951385","39,4392637","-12.595,5345205","0,8682536","3,1287964","8.466.423,6667228",relativeToGround,,,,,,,,,,,,,,,,,,,,,,,,,,,,,,,,,,,,,,,,,,,,,,,,,"Massachusetts, Connecticut",Portland,Portland,"-72,2324913","42,0308236","293,9723178","117,8453129","60,4428004","757,5657685",relativeToGround,,,,,,,,,,,,,,,,,,,,,,,,,,,,,,,,,,,,,,,,,,,,,,,,,,,,,,,,,,,,,,,,,,,,,,,,,,,,,,,,,,,,,,,,,,,,,,,,,Early Jurassic,Hettangian-Sinemurian,Dinosauria,Saurischia,Eusaurischia,Sauropodomorpha,Plateosauria,Massopoda,Sauropodiformes,Anchisauria,,,,,,,,,,,,,Four partial skeletons.,"Yates, A. (2010). “A revision of the problematic sauropodomorph dinosaurs from Manchester, Connecticut and the status of Anchisaurus Marsh”.","Anchisaurus polyzelus lived during the Early Jurassic in what is now North America. It was a small to medium-sized sauropodomorph with a long neck, slender body, and relatively lightweight limbs. Anchisaurus could walk bipedally or quadrupedally and fed on low-lying vegetation. Its fossils provide insight into early sauropodomorph evolution in North America.",Herbivore,Floodplains and lightly forested areas,https://drive.google.com/file/d/1QTIzGoP9954gLKCinUvXQ3uupwYGDAtS/view?usp=drive_link
62,Antetonitrus ingenipes,valid,Yates & Kitching,2003,"8,1 m",3 t,3,Africa,South Africa,South Africa,"21,4384946","-25,4022114","1.605,6151303","-0,3196691","5,5700988","5.057.169,8686427",relativeToGround,,,,,,,,,,,,,,,,,,,,,,,,,,,,,,,,,,,,,,,,,,,,,,,,,Free State,Upper Elliot,Upper Elliot,"27,2746081","-30,3026669","1.536,8951401","-18,4156633","67,3212747","414,9986713",relativeToGround,,,,,,,,,,,,,,,,,,,,,,,,,,,,,,,,,,,,,,,,,,,,,,,,,,,,,,,,,,,,,,,,,,,,,,,,,,,,,,,,,,,,,,,,,,,,,,,,,Early Jurassic,Hettangian-Sinemurian,Dinosauria,Saurischia,Eusaurischia,Sauropodomorpha,Plateosauria,Massopoda,Sauropodiformes,Anchisauria,Possibly Sauropoda,Lessemsauridae,,,,,,,,,,,Several partial skeletons.,"Yates, A.M., Kitching, J.W. (2003). The earliest known sauropod dinosaur and the first steps towards sauropod locomotion.","Antetonitrus ingenipes lived around 210 million years ago in present-day South Africa. It was a large early sauropodomorph with long neck, massive limbs, and a robust body. Antetonitrus could walk quadrupedally or bipedally and represents an early step toward the gigantism of later Jurassic sauropods.",Herbivore,River valleys and open plains,https://drive.google.com/file/d/17wB8O7fU8JoEmh33god9SjYpdXzFHxRS/view?usp=drive_link
63,Arcusaurus pereirabdalorum,valid,"Yates, Bonnan & Neveling",2011,"2,6 m",32 kg,2,Africa,South Africa,South Africa,"21,4384946","-25,4022114","1.605,6151303","-0,3196691","5,5700988","5.057.169,8686427",relativeToGround,,,,,,,,,,,,,,,,,,,,,,,,,,,,,,,,,,,,,,,,,,,,,,,,,Free State,Upper Elliot,Upper Elliot,"27,2746081","-30,3026669","1.536,8951401","-18,4156633","67,3212747","414,9986713",relativeToGround,,,,,,,,,,,,,,,,,,,,,,,,,,,,,,,,,,,,,,,,,,,,,,,,,,,,,,,,,,,,,,,,,,,,,,,,,,,,,,,,,,,,,,,,,,,,,,,,,Early Jurassic,Hettangian-Sinemurian,Dinosauria,Saurischia,Eusaurischia,Sauropodomorpha,,,,,,,,,,,,,,,,,"Partial skull and distal caudal vertebra (two individuals (uncertain)), referred several other bones.","Yates, Adam M.; Matthew F. Bonnan; Johann Neveling (2011). ""A new basal sauropodomorph dinosaur from the Early Jurassic of South Africa"".","Arcusaurus pereirabdalorum lived during the Early Jurassic in what is now South Africa. It was a small, lightly built theropod with long legs, sharp teeth, and a slender body. Arcusaurus was bipedal and likely hunted small vertebrates and insects, filling the role of a fast predator in its ecosystem.",Carnivore/Insectivore,Floodplains and open woodlands,https://drive.google.com/file/d/19ODpCc4g_riaFbpC7eSGpEUJW-Z5eqBS/view?usp=drive_link
64,Barapasaurus tagorei,valid,Jain et al.,1975,"12 m (approx. 14,5 m)","7 t (approx. 12,5 t)",3,Asia,India,India,"74,6345719","22,1094784","-1.156,0224272","5,0175281","2,1442221","7.316.601,2286580",relativeToGround,,,,,,,,,,,,,,,,,,,,,,,,,,,,,,,,,,,,,,,,,,,,,,,,,Andhra Pradesh,Kota,Kota,"78,9478567","19,5292617","436,1862693","71,1376413","60,2683238","893,0112091",relativeToGround,,,,,,,,,,,,,,,,,,,,,,,,,,,,,,,,,,,,,,,,,,,,,,,,,,,,,,,,,,,,,,,,,,,,,,,,,,,,,,,,,,,,,,,,,,,,,,,,,Early Jurassic,Uncertain,Dinosauria,Saurischia,Eusaurischia,Sauropodomorpha,Plateosauria,Massopoda,Sauropodiformes,Anchisauria,Sauropoda,Gravisauria,,,,,,,,,,,At least six partial skeletons.,"BANDYOPADHYAY, S., GILLETTE, D. D., RAY, S., & SENGUPTA, D. P. (2010). Osteology of Barapasaurus tagorei (Dinosauria: Sauropoda) from the Early Jurassic of India.","Barapasaurus tagorei lived during the Early Jurassic in what is now India. It was a large sauropodomorph with a long neck, robust body, and heavy limbs. Barapasaurus walked quadrupedally and fed on high vegetation, showing early adaptations for giant body size in sauropods.",Herbivore,Floodplains and forested areas,https://drive.google.com/file/d/1B7EjvILrEMX-XwwsfF38h7BJCfd1g0JG/view?usp=drive_link
65,Berberosaurus liassicus,valid,Allain et al.,2007,"5,1 m",220 kg,2,Africa,Morocco,Morocco,"-8,5972822","34,6031243","-2.053,4997271","-1,3247262","0,3832970","4.484.213,1805927",relativeToGround,,,,,,,,,,,,,,,,,,,,,,,,,,,,,,,,,,,,,,,,,,,,,,,,,Drâa-Tafilalet,Toundoute Continental Series,Toundoute Continental Series,"-6,1655465","32,2179445","1.084,6872988","169,9602222","62,4167408","303,2164935",relativeToGround,,,,,,,,,,,,,,,,,,,,,,,,,,,,,,,,,,,,,,,,,,,,,,,,,,,,,,,,,,,,,,,,,,,,,,,,,,,,,,,,,,,,,,,,,,,,,,,,,Early Jurassic,Pliensbachian-Toarcian,Dinosauria,Saurischia,Eusaurischia,Theropoda,Neotheropoda,Averostra,Ceratosauria,,,,,,,,,,,,,,"Cervical vertebra, leg bones, sacral vertebrae.","Allain, Tykoski, Aquesbi, Jalil, Monbaron, Russell and Taquet, (2007). An abelisauroid (Dinosauria: Theropoda) from the Early Jurassic of the High Atlas Mountains, Morocco, and the radiation of ceratosaurs.","Berberosaurus liassicus lived around 200 million years ago in present-day Morocco. It was a medium-sized theropod with a long tail, slender body, and sharp teeth. Berberosaurus was bipedal and an active predator, feeding on smaller vertebrates in its ecosystem.",Carnivore,Semi-arid floodplains and open woodland,https://drive.google.com/file/d/1lxtP29_HD5gHfD36pcYhI2R6xQLXMfpq/view?usp=drive_link
66,Chinshakiangosaurus chunghoensis,valid,Dong,1992,"Approx. 7,3 m","Approx. 1,4 t","1,5",Asia,China,China,"91,9775972","41,4934298","1.199,8491739","359,8197205","0,0000000","10.341.207,3546696",relativeToGround,,,,,,,,,,,,,,,,,,,,,,,,,,,,,,,,,,,,,,,,,,,,,,,,,Yunnan,Fengjiahe,Fengjiahe,"101,3210474","26,2102024","2.220,0547552","15,8146613","67,9314382","1.014,1544021",relativeToGround,,,,,,,,,,,,,,,,,,,,,,,,,,,,,,,,,,,,,,,,,,,,,,,,,,,,,,,,,,,,,,,,,,,,,,,,,,,,,,,,,,,,,,,,,,,,,,,,,Early Jurassic,Approx. Hettangian,Dinosauria,Saurischia,Eusaurischia,Sauropodomorpha,Plateosauria,Massopoda,Sauropodiformes,Anchisauria,Sauropoda,,,,,,,,,,,,"Nearly complete left dentary, at least one cervical, dorsal vertebrae, several cranial caudals, both scapulae, incomplete pelvic girdle, and the hind limbs.","UPCHURCH, P., BARRETT, P. M., XIJIN, Z., & XING, X. (2007). A re-evaluation of Chinshakiangosaurus chunghoensis Ye vide Dong 1992 (Dinosauria, Sauropodomorpha): implications for cranial evolution in basal sauropod dinosaurs.","Chinshakiangosaurus chunghoensis lived during the Early Jurassic in what is now China. It was a large sauropodomorph with a long neck, robust body, and heavy limbs. Chinshakiangosaurus was primarily quadrupedal and fed on a variety of plants, representing one of the earliest large herbivores in Asia.",Herbivore,Floodplains and forested areas,https://drive.google.com/file/d/1VeJfs5MJChYbO_-YN6IB1akTRWnatdtu/view?usp=drive_link
67,Cryolophosaurus ellioti,valid,Hammer & Hickerson,1994,"7,7 m",800 kg,3,Antarctica,Antarctica,Antarctica,"54,0483717","-85,6017979","-3.565,9729379","-60,7570526","3,9903138","12.560.131,2784266",relativeToGround,,,,,,,,,,,,,,,,,,,,,,,,,,,,,,,,,,,,,,,,,,,,,,,,,Ross Dependency,Hanson,Hanson,"171,9870473","-84,5160911","2.457,5037167","141,5143640","68,7162357","146.030,6776293",relativeToGround,,,,,,,,,,,,,,,,,,,,,,,,,,,,,,,,,,,,,,,,,,,,,,,,,,,,,,,,,,,,,,,,,,,,,,,,,,,,,,,,,,,,,,,,,,,,,,,,,Early Jurassic,Sinemurian,Dinosauria,Saurischia,Eusaurischia,Theropoda,Neotheropoda,Possibly Averostra,Possibly Tetanurae,,,,,,,,,,,,,,Large part of skeleton and skull. Other material.,"Smith, Makovicky, Hammer and Currie, (2007). Osteology of Cryolophosaurus ellioti (Dinosauria: Theropoda) from the Early Jurassic of Antarctica and implications for early theropod evolution.","Cryolophosaurus ellioti lived around 194 million years ago during the Early Jurassic in Antarctica. It was a medium to large theropod with a distinctive crest on its head, long legs, and sharp teeth. Cryolophosaurus was bipedal and an apex predator in its polar ecosystem, hunting smaller dinosaurs and reptiles.",Carnivore,Polar forests and floodplains,https://drive.google.com/file/d/1gpQ4PjZwRPysH3SAaAL4goPCm1huoEdV/view?usp=drive_link
68,Dilophosaurus wetherilli,valid,Welles,1970,"6,3 m",350 kg,"3,5",North America,USA,USA,"-106,1951385","39,4392637","-12.595,5345205","0,8682536","3,1287964","8.466.423,6667228",relativeToGround,,,,,,,,,,,,,,,,,,,,,,,,,,,,,,,,,,,,,,,,,,,,,,,,,Arizona,Kayenta,Kayenta,"-109,0518700","36,9998195","1.445,9894623","77,6172910","65,2065449","1.222,7985952",relativeToGround,,,,,,,,,,,,,,,,,,,,,,,,,,,,,,,,,,,,,,,,,,,,,,,,,,,,,,,,,,,,,,,,,,,,,,,,,,,,,,,,,,,,,,,,,,,,,,,,,Early Jurassic,Sinemurian-Pliensbachian,Dinosauria,Saurischia,Eusaurischia,Theropoda,Neotheropoda,Dilophosauridae,,,,,,,,,,,,,,,Several partial skeletons with skulls and single fragments.,"Marsh, (2015). A comprehensive study of Dilophosaurus wetherilli: Anatomy, taxonomy, and evolutionary relationships of the first large-bodied theropod in North America.","Dilophosaurus wetherilli lived during the Early Jurassic in what is now North America. It was a medium-sized theropod with a pair of crests on its head, long limbs, and a lightweight body. Dilophosaurus was bipedal and a carnivore, preying on small to medium-sized animals and early sauropodomorphs.",Carnivore,Semi-arid river valleys and open woodlands,https://drive.google.com/file/d/1Xcx8S--d-VDpmqV5nfQZdYnqCGwcgqBj/view?usp=drive_link
69,Dracoraptor hanigani,valid,Martill et al.,2016,"2,25 m",15 kg,3,Europe,United Kingdom,United Kingdom,"-5,4282139","55,1022881","45,1485417","-15,6227355","6,3270023","2.554.337,5034103",relativeToGround,,,,,,,,,,,,,,,,,,,,,,,,,,,,,,,,,,,,,,,,,,,,,,,,,Wales,Blue Lias,Blue Lias,"-2,9103677","50,7339490","33,9899868","40,7030875","74,0101719","511,5833435",relativeToGround,,,,,,,,,,,,,,,,,,,,,,,,,,,,,,,,,,,,,,,,,,,,,,,,,,,,,,,,,,,,,,,,,,,,,,,,,,,,,,,,,,,,,,,,,,,,,,,,,Early Jurassic,Early Hettangian,Dinosauria,Saurischia,Eusaurischia,Theropoda,Neotheropoda,Possibly Coelophysoidea,,,,,,,,,,,,,,,Partial skeleton with skull.,"Martill, David M.; Vidovic, Steven U.; Howells, Cindy; Nudds, John R. (2016). ""The Oldest Jurassic Dinosaur: A Basal Neotheropod from the Hettangian of Great Britain"".","Dracoraptor hanigani lived around 201 million years ago during the Early Jurassic in what is now Wales. It was a small, agile theropod with sharp teeth and long legs built for speed. Dracoraptor was bipedal and likely hunted small vertebrates and insects, being one of the earliest European theropods.",Carnivore/Insectivore,Coastal floodplains and open woodland,https://drive.google.com/file/d/1prHipUqxWpVQZW0ND2ny26xcinQujb5X/view?usp=drive_link
70,Dracovenator regenti,valid,Yates,2006,5 m,185 kg,2,Africa,South Africa,South Africa,"21,4384946","-25,4022114","1.605,6151303","-0,3196691","5,5700988","5.057.169,8686427",relativeToGround,,,,,,,,,,,,,,,,,,,,,,,,,,,,,,,,,,,,,,,,,,,,,,,,,Eastern Cape,Upper Elliot,Upper Elliot,"27,2746081","-30,3026669","1.536,8951401","-18,4156633","67,3212747","414,9986713",relativeToGround,,,,,,,,,,,,,,,,,,,,,,,,,,,,,,,,,,,,,,,,,,,,,,,,,,,,,,,,,,,,,,,,,,,,,,,,,,,,,,,,,,,,,,,,,,,,,,,,,Early Jurassic,Hettangian-Sinemurian,Dinosauria,Saurischia,Eusaurischia,Theropoda,Neotheropoda,Dilophosauridae,,,,,,,,,,,,,,,"Incomplete skull with teeth, referred partial skull (juvenile) (uncertain)","Yates, (2005). A new theropod dinosaur from the Early Jurassic of South Africa and its implications for the early evolution of theropods.","Dracovenator regenti lived during the Early Jurassic in what is now South Africa. It was a medium-sized theropod with a slender body, sharp teeth, and long limbs for running. Dracovenator was bipedal and hunted small to medium-sized prey, filling the niche of a fast predator in its ecosystem.",Carnivore,Floodplains and open woodland,https://drive.google.com/file/d/1QjkknrSFnFaYW7IcHgy7vwtn-f6hD3c9/view?usp=drive_link
71,Emausaurus ernsti,valid,Haubold,1990,"Approx. 2,1 m",Approx. 20 kg,"1,5",Europe,Germany,Germany,"8,2575616","50,4691146","498,7920880","-15,5289244","0,7332085","2.688.036,2326142",relativeToGround,,,,,,,,,,,,,,,,,,,,,,,,,,,,,,,,,,,,,,,,,,,,,,,,,Mecklenburg-Vorpommern,Posidonienschiefer-equivalent,Posidonienschiefer-equivalent,"13,4049865","53,5904637","31,2660757","1,6055676","48,7218514","2.309,2678490",relativeToGround,,,,,,,,,,,,,,,,,,,,,,,,,,,,,,,,,,,,,,,,,,,,,,,,,,,,,,,,,,,,,,,,,,,,,,,,,,,,,,,,,,,,,,,,,,,,,,,,,Early Jurassic,Toarcian,Dinosauria,Ornithischia,Genasauria,Thyreophora,,,,,,,,,,,,,,,,,"Nearly complete skull and jaw, caudal vertebrae, neural arches, fragments of ribs, scutes and plates.","Haubold, H. (1990) Ein neuer Dinosaurier (Ornithischia, Thyreophora) aus dem Unteren Jura des nördlichen Mitteleuropa.","Emausaurus ernsti lived around 145 million years ago during the Late Jurassic in what is now Germany. It was a small armored thyreophoran with rows of bony plates along its back. Emausaurus was quadrupedal and fed on low-lying plants, using its armor for protection against predators.",Herbivore,Coastal plains and forests,https://drive.google.com/file/d/1xkVZJqGU-PRro6t4DAHoG0r0ezdMW87z/view?usp=drive_link
72,Eshanosaurus deguchiianus,valid,"Xu, Zhao & Clark",2001,"Approx. 2,65 m",Approx. 37 kg,1,Asia,China,China,"91,9775972","41,4934298","1.199,8491739","359,8197205","0,0000000","10.341.207,3546696",relativeToGround,,,,,,,,,,,,,,,,,,,,,,,,,,,,,,,,,,,,,,,,,,,,,,,,,Yunnan,Lower Lufeng,Lower Lufeng,"102,5966239","25,5237677","1.845,9314055","-97,6906532","61,6676788","1.574,2852207",relativeToGround,,,,,,,,,,,,,,,,,,,,,,,,,,,,,,,,,,,,,,,,,,,,,,,,,,,,,,,,,,,,,,,,,,,,,,,,,,,,,,,,,,,,,,,,,,,,,,,,,Early Jurassic,Hettangian,Dinosauria,Saurischia,Eusaurischia,Possibly Theropoda,Possibly Neotheropoda,Possibly Averostra,Possibly Tetanurae,Possibly Orionides,Possibly Avetheropoda,Possibly Coelurosauria,Possibly Tyrannoraptora,Possibly Maniraptoriformes,Possibly Maniraptora,Possibly Therizinosauria,,,,,,,Incomplete left mandible with teeth.,"Barrett, (2009). The affinities of the enigmatic dinosaur Eshanosaurus deguchiianus from the Early Jurassic of Yunnan Province, People's Republic of China.","Eshanosaurus deguchiianus lived during the Early Jurassic in what is now China. It was an early sauropodomorph with a long neck and slender body. Eshanosaurus was bipedal or facultatively quadrupedal while feeding on vegetation, representing one of the earliest sauropodomorphs in Asia.",Herbivore,Floodplains and open forests,https://drive.google.com/file/d/1NCMi0T0o3802MwSPcpxD-ekuOJjAJrFa/view?usp=drive_link
73,Glacialisaurus hammeri,valid,Smith & Pol,2007,"Approx. 6,3 m",Approx. 670 kg,"1,5",Antarctica,Antarctica,Antarctica,"54,0483717","-85,6017979","-3.565,9729379","-60,7570526","3,9903138","12.560.131,2784266",relativeToGround,,,,,,,,,,,,,,,,,,,,,,,,,,,,,,,,,,,,,,,,,,,,,,,,,Ross Dependency,Hanson,Hanson,"171,9870473","-84,5160911","2.457,5037167","141,5143640","68,7162357","146.030,6776293",relativeToGround,,,,,,,,,,,,,,,,,,,,,,,,,,,,,,,,,,,,,,,,,,,,,,,,,,,,,,,,,,,,,,,,,,,,,,,,,,,,,,,,,,,,,,,,,,,,,,,,,Early Jurassic,Sinemurian-Pliensbachian,Dinosauria,Saurischia,Eusaurischia,Sauropodomorpha,Plateosauria,Massopoda,Massospondylidae,,,,,,,,,,,,,,"Partial right astragalus, medial and lateral distal tarsals, and partial right metatarsus. Referred distal left femur.","Smith, N.D. i Pol, D. (2007). Anatomy of a basal sauropodomorph dinosaur from the Early Jurassic Hanson Formation of Antarctica.","Glacialisaurus hammeri lived around 190 million years ago during the Early Jurassic in Antarctica. It was a large sauropodomorph with a long neck, heavy limbs, and a robust body. Glacialisaurus was primarily quadrupedal and fed on high vegetation, one of the earliest known large herbivores in polar regions.",Herbivore,Polar forests and river valleys,https://drive.google.com/file/d/1yPAbMHsPHwcG7cIqWzX_e3_7EzH6Azgk/view?usp=drive_link
75,Gryponyx africanus,valid,Broom,1911,"5,6 m",480 kg,"3,5",Africa,South Africa,South Africa,"21,4384946","-25,4022114","1.605,6151303","-0,3196691","5,5700988","5.057.169,8686427",relativeToGround,,,,,,,,,,,,,,,,,,,,,,,,,,,,,,,,,,,,,,,,,,,,,,,,,Free State,Upper Elliot,Upper Elliot,"27,2745862","-30,3028108","1.525,8974526","-7,6675893","2,0810841","157.943,5691248",relativeToGround,,,,,,,,,,,,,,,,,,,,,,,,,,,,,,,,,,,,,,,,,,,,,,,,,,,,,,,,,,,,,,,,,,,,,,,,,,,,,,,,,,,,,,,,,,,,,,,,,Early Jurassic,Hettangian-Sinemurian,Dinosauria,Saurischia,Eusaurischia,Sauropodomorpha,Plateosauria,Massopoda,,,,,,,,,,,,,,,Large part of skeleton.,"Friedrich von Huene (1932) Die fossile Reptil-Ordnung Saurischia, ihre Entwicklung und Geschichte.","Gryponyx africanus lived during the Early Jurassic in what is now South Africa. It was a medium-sized sauropodomorph with a long neck, lightly built body, and robust limbs. Gryponyx could walk bipedally or quadrupedally while feeding on vegetation, representing early herbivore evolution in Gondwana.",Herbivore,Floodplains and open woodlands,https://drive.google.com/file/d/1xtmj9B9Dhv92Rx1sT8jZzfmMMuiJECMx/view?usp=drive_link
76,Heterodontosaurus tucki,valid,Crompton & Charig,1962,"1,2 m (approx. 2,1 m)","1,8 kg (approx. 10 kg)",4,Africa,South Africa,South Africa,"21,4384946","-25,4022114","1.605,6151303","-0,3196691","5,5700988","5.057.169,8686427",relativeToGround,,,,,,,,,,,,,,,,,,,,,,,,,,,,,,,,,,,,,,,,,,,,,,,,,Eastern Cape,"Upper Elliot, Clarens",Upper Elliot,"27,2745862","-30,3028108","1.525,8974526","-7,6675893","2,0810841","157.943,5691248",relativeToGround,Clarens,"27,2631738","-30,4276694","1.932,0898441","-46,9996587","72,0242202","6.778,9345680",relativeToGround,,,,,,,,,,,,,,,,,,,,,,,,,,,,,,,,,,,,,,,,,,,,,,,,,,,,,,,,,,,,,,,,,,,,,,,,,,,,,,,,,,,,,,,,,Early Jurassic,Hettangian-Pliensbachian,Dinosauria,Ornithischia,Heterodontosauridae,Heterodontosaurinae,,,,,,,,,,,,,,,,,At least several individuals (include almost complete skeleton with skull).,"Sereno, P.C. (2012) ""Taxonomy, morphology, masticatory function and phylogeny of heterodontosaurid dinosaurs"" .","Heterodontosaurus tucki lived during the Early Jurassic in what is now South Africa. It was a small, bipedal ornithischian with a unique set of teeth, including sharp canines and grinding cheek teeth. Heterodontosaurus likely fed on both plants and small animals, making it an early omnivore.",Omnivore,Semi-arid floodplains and rocky areas,https://drive.google.com/file/d/1KA9o0NSX2N0X2O0DQ-6EnbbI4tWlTuiN/view?usp=drive_link
77,Jingshanosaurus xinwaensis,valid,Zhang & Yang,1995,9 m,2 t,4,Asia,China,China,"91,9775972","41,4934298","1.199,8491739","359,8197205","0,0000000","10.341.207,3546696",relativeToGround,,,,,,,,,,,,,,,,,,,,,,,,,,,,,,,,,,,,,,,,,,,,,,,,,Yunnan,Lower Lufeng,Lower Lufeng,"102,5966239","25,5237677","1.845,9314055","-97,6906532","61,6676788","1.574,2852207",relativeToGround,,,,,,,,,,,,,,,,,,,,,,,,,,,,,,,,,,,,,,,,,,,,,,,,,,,,,,,,,,,,,,,,,,,,,,,,,,,,,,,,,,,,,,,,,,,,,,,,,Early Jurassic,Hettangian,Dinosauria,Saurischia,Eusaurischia,Sauropodomorpha,Plateosauria,Massopoda,Sauropodiformes,,,,,,,,,,,,,,"Almost complete skeleton with skull, referred skull with mandibles.","Zhang, Q.-N., Wang, T., Yang, Z.-W., & You, H.-L. (2019). Redescription of the Cranium of Jingshanosaurus xinwaensis (Dinosauria: Sauropodomorpha) from the Lower Jurassic Lufeng Formation of Yunnan Province, China.","Jingshanosaurus xinwaensis lived around 160 million years ago during the Late Jurassic in present-day China. It was a medium-sized sauropodomorph with a long neck, sturdy limbs, and a heavy body. Jingshanosaurus could move quadrupedally and fed on low- to mid-height vegetation, contributing to the diversity of Jurassic herbivores.",Herbivore,Forested floodplains and open woodlands,https://drive.google.com/file/d/11370KRD4w-xuRPlWvmGg_B1TWPzj6B2M/view?usp=drive_link
78,Kayentavenator elysiae,valid,Gay,2010,"1,9 m","8,5 kg",3,North America,USA,USA,"-106,1951385","39,4392637","-12.595,5345205","0,8682536","3,1287964","8.466.423,6667228",relativeToGround,,,,,,,,,,,,,,,,,,,,,,,,,,,,,,,,,,,,,,,,,,,,,,,,,Arizona,Kayenta,Kayenta,"-109,0518700","36,9998195","1.445,9894623","77,6172910","65,2065449","1.222,7985952",relativeToGround,,,,,,,,,,,,,,,,,,,,,,,,,,,,,,,,,,,,,,,,,,,,,,,,,,,,,,,,,,,,,,,,,,,,,,,,,,,,,,,,,,,,,,,,,,,,,,,,,Early Jurassic,Sinemurian-Pliensbachian,Dinosauria,Saurischia,Eusaurischia,Theropoda,Neotheropoda,Possibly Coelophysoidea,,,,,,,,,,,,,,,Fragmentary skeleton (juvenile).,"R. Gay. (2010). Kayentavenator elysiae, a new tetanuran from the Early Jurassic of Arizona.","Kayentavenator elysiae lived during the Early Jurassic in what is now North America. It was a small to medium-sized theropod with long legs, a slender body, and sharp teeth. Kayentavenator was bipedal and an agile predator, feeding on small vertebrates and insects.",Carnivore/Insectivore,Semi-arid floodplains and lightly wooded areas,https://drive.google.com/file/d/1fVVdSFifvCZCECe0X0Yo3F51yCcB3OEr/view?usp=drive_link
79,Kotasaurus yamanpalliensis,valid,Yadagiri,1988,"12,3 m","7,5 t","3,5",Asia,India,India,"74,6345719","22,1094784","-1.156,0224272","5,0175281","2,1442221","7.316.601,2286580",relativeToGround,,,,,,,,,,,,,,,,,,,,,,,,,,,,,,,,,,,,,,,,,,,,,,,,,Andhra Pradesh,Kota,Kota,"78,9478567","19,5292617","436,1862693","71,1376413","60,2683238","893,0112091",relativeToGround,,,,,,,,,,,,,,,,,,,,,,,,,,,,,,,,,,,,,,,,,,,,,,,,,,,,,,,,,,,,,,,,,,,,,,,,,,,,,,,,,,,,,,,,,,,,,,,,,Early Jurassic,Uncertain,Dinosauria,Saurischia,Eusaurischia,Sauropodomorpha,Plateosauria,Massopoda,Sauropodiformes,Anchisauria,Sauropoda,,,,,,,,,,,,At least 12 individuals.,"Yadagiri, P. (2001). The osteology of Kotasaurus yamanpalliensis, a sauropod dinosaur from the Early Jurassic Kota Formation of India.","Kotasaurus yamanpalliensis lived during the Early Jurassic in what is now India. It was a medium-sized sauropodomorph with a long neck, robust limbs, and a moderately heavy body. Kotasaurus could walk quadrupedally or bipedally while feeding on vegetation and is one of the earliest Indian sauropodomorphs.",Herbivore,Floodplains and open forested areas,https://drive.google.com/file/d/1CbuzYNz7oWU-iTKbzjDHLdv-sPylDtT9/view?usp=drive_link
80,Lamplughsaura dharmaramensis,valid,Kutty et al.,2007,"6,4 m",650 kg,3,Asia,India,India,"74,6345719","22,1094784","-1.156,0224272","5,0175281","2,1442221","7.316.601,2286580",relativeToGround,,,,,,,,,,,,,,,,,,,,,,,,,,,,,,,,,,,,,,,,,,,,,,,,,Andhra Pradesh,Upper Dharmaram,Upper Dharmaram,"79,8514419","19,3807907","162,2415847","-4,8482245","65,8415069","556,4298196",relativeToGround,,,,,,,,,,,,,,,,,,,,,,,,,,,,,,,,,,,,,,,,,,,,,,,,,,,,,,,,,,,,,,,,,,,,,,,,,,,,,,,,,,,,,,,,,,,,,,,,,Early Jurassic,Sinemurian,Dinosauria,Saurischia,Eusaurischia,Sauropodomorpha,Possibly Plateosauria,Possibly Massopoda,Possibly Sauropodiformes,Possibly Anchisauria,,,,,,,,,,,,,At least several partial skeletons (also with skulls).,"Kutty, T. S., Chatterjee, S., Galton, P. M., & Upchurch, P. (2007). Basal sauropodomorphs (Dinosauria: Saurischia) from the Lower Jurassic of India: their anatomy and relationships.","Lamplughsaura dharmaramensis lived during the Early Jurassic in what is now India. It was a medium to large sauropodomorph with a long neck, robust limbs, and a moderately heavy body. Lamplughsaura was primarily quadrupedal and fed on low- to mid-height vegetation, showing early adaptations toward giant herbivores in Gondwana.",Herbivore,Floodplains and lightly forested areas,https://drive.google.com/file/d/1jwJLSIKK_lb_fMCUWIvZcpXIvXdiJG61/view?usp=drive_link
81,Laquintasaura venezuelae,valid,Barrett et al.,2014,1 m,"2,5 kg",3,South America,Venezuela,Venezuela,"-67,2504388","8,1115881","995,5516067","-18,1325980","14,3909135","5.222.871,3370228",relativeToGround,,,,,,,,,,,,,,,,,,,,,,,,,,,,,,,,,,,,,,,,,,,,,,,,,Táchira,La Quinta,La Quinta,"-71,6547502","8,3349848","1.559,8385675","-113,3408315","61,7817669","9.259,3322749",relativeToGround,,,,,,,,,,,,,,,,,,,,,,,,,,,,,,,,,,,,,,,,,,,,,,,,,,,,,,,,,,,,,,,,,,,,,,,,,,,,,,,,,,,,,,,,,,,,,,,,,Early Jurassic,Hettangian,Dinosauria,Ornithischia,Genasauria,Thyreophora,,,,,,,,,,,,,,,,,At least four individuals (bonebed).,"Barrett, Paul M.; Butler, Richard J.; Mundil, Roland; Scheyer, Torsten M.; Irmis, Randall B.; Sánchez-Villagra, Marcelo R. (2014). ""A palaeoequatorial ornithischian and new constraints on early dinosaur diversification"".","Laquintasaura venezuelae lived around 200 million years ago during the Early Jurassic in present-day Venezuela. It was a small, bipedal ornithischian with slender limbs and a lightweight body. Laquintasaura likely fed on low-lying plants and may have used speed to avoid predators.",Herbivore,Floodplains and lightly wooded areas,https://drive.google.com/file/d/1GBQPjd0QqGAngsueV9tIbI-aWWHDZ9HF/view?usp=drive_link
82,Ledumahadi mafube,valid,McPhee et al.,2018,"9,8 m","5,3 t",2,Africa,South Africa,South Africa,"21,4384946","-25,4022114","1.605,6151303","-0,3196691","5,5700988","5.057.169,8686427",relativeToGround,,,,,,,,,,,,,,,,,,,,,,,,,,,,,,,,,,,,,,,,,,,,,,,,,Free State,Upper Elliot,Upper Elliot,"27,2746081","-30,3026669","1.536,8951401","-18,4156633","67,3212747","414,9986713",relativeToGround,,,,,,,,,,,,,,,,,,,,,,,,,,,,,,,,,,,,,,,,,,,,,,,,,,,,,,,,,,,,,,,,,,,,,,,,,,,,,,,,,,,,,,,,,,,,,,,,,Early Jurassic,Hettangian-Sinemurian,Dinosauria,Saurischia,Eusaurischia,Sauropodomorpha,Plateosauria,Massopoda,Sauropodiformes,Anchisauria,Possibly Sauropoda,Lessemsauridae,,,,,,,,,,,Fragmentary skeleton (mostly vertebrae).,"McPhee, B. W., Benson, R. B. J., Botha-Brink, J., Bordy, E. M., & Choiniere, J. N. (2018). A Giant Dinosaur from the Earliest Jurassic of South Africa and the Transition to Quadrupedality in Early Sauropodomorphs.","Ledumahadi mafube lived during the Early Jurassic in what is now South Africa. It was a very large sauropodomorph with massive limbs, long neck, and heavy body. Ledumahadi represents one of the earliest steps toward giant body size in sauropods and was fully quadrupedal.",Herbivore,Floodplains and open woodlands,https://drive.google.com/file/d/1-WvV4bYfd7KE_ouXDt4BsHtxvXURhoSd/view?usp=drive_link
83,Leonerasaurus taquetrensis,valid,"Pol, Garrido & Cerda",2011,"2,5 m",40 kg,3,South America,Argentina,Argentina,"-71,8643507","-34,8680283","1.685,0545519","9,0311496","8,9073784","11.033.475,1150632",relativeToGround,,,,,,,,,,,,,,,,,,,,,,,,,,,,,,,,,,,,,,,,,,,,,,,,,Chubut,Las Leoneras,Las Leoneras,"-69,4653134","-42,7381969","1.278,7839746","6,1220752","63,6041716","5.182,7266758",relativeToGround,,,,,,,,,,,,,,,,,,,,,,,,,,,,,,,,,,,,,,,,,,,,,,,,,,,,,,,,,,,,,,,,,,,,,,,,,,,,,,,,,,,,,,,,,,,,,,,,,Early Jurassic,Uncertain,Dinosauria,Saurischia,Eusaurischia,Sauropodomorpha,Plateosauria,Massopoda,Sauropodiformes,Anchisauria,,,,,,,,,,,,,Partial skeleton with skull fragments.,"Pol D., Garrido A. i I.A. Cerdo. (2011). A new sauropodomorph dinosaur from the Early Jurassic of Patagonia and the origin and evolution of the sauropod-type sacrum.","Leonerasaurus taquetrensis lived around 190 million years ago during the Early Jurassic in Argentina. It was a small to medium-sized sauropodomorph with a long neck, slender body, and moderately robust limbs. Leonerasaurus could walk bipedally or quadrupedally while feeding on vegetation.",Herbivore,Floodplains and open forests,https://drive.google.com/file/d/1WFGA8jCLkyhmbYL1eOFl_DHgHtY90HR_/view?usp=drive_link
84,Lesothosaurus diagnosticus,valid,Galton,1978,"2,5 m",40 kg,4,Africa,"Lesotho and
South Africa",Lesotho,"27,9121742","-29,2533800","1.724,8089847","-4,8317868","2,9627759","839.507,1324000",relativeToGround,South Africa,"21,4384946","-25,4022114","1.605,6151303","-0,3196691","5,5700988","5.057.169,8686427",relativeToGround,,,,,,,,,,,,,,,,,,,,,,,,,,,,,,,,,,,,,,,,,"Mafeteng, Quthing, Free State,
Eastern Cape",Upper Elliot,Upper Elliot,"27,2746081","-30,3026669","1.536,8951401","-18,4156633","67,3212747","414,9986713",relativeToGround,,,,,,,,,,,,,,,,,,,,,,,,,,,,,,,,,,,,,,,,,,,,,,,,,,,,,,,,,,,,,,,,,,,,,,,,,,,,,,,,,,,,,,,,,,,,,,,,,Early Jurassic,Hettangian-Sinemurian,Dinosauria,Ornithischia,Genasauria,Possibly Neornithischia,,,,,,,,,,,,,,,,,At least over a dozen individuals (skeletons and skulls).,"Baron, M. G., Norman, D. B., & Barrett, P. M. (2016). Postcranial anatomy of Lesothosaurus diagnosticus (Dinosauria: Ornithischia) from the Lower Jurassic of southern Africa: implications for basal ornithischian taxonomy and systematics.","Lesothosaurus diagnosticus lived during the Early Jurassic in what is now Lesotho and South Africa. It was a small, bipedal ornithischian with a lightweight body and sharp front teeth for cropping plants. Lesothosaurus was one of the earliest herbivorous dinosaurs, feeding on low vegetation.",Herbivore,Semi-arid plains and open woodlands,https://drive.google.com/file/d/1T8B0h0rtBTkavjGACY-JBPkl_Ek4urtp/view?usp=drive_link
85,Lufengosaurus huenei,valid,Young,1941,"5,5 m",600 kg,4,Asia,China,China,"91,9775972","41,4934298","1.199,8491739","359,8197205","0,0000000","10.341.207,3546696",relativeToGround,,,,,,,,,,,,,,,,,,,,,,,,,,,,,,,,,,,,,,,,,,,,,,,,,Yunnan,Lower Lufeng,Lower Lufeng,"102,5966239","25,5237677","1.845,9314055","-97,6906532","61,6676788","1.574,2852207",relativeToGround,,,,,,,,,,,,,,,,,,,,,,,,,,,,,,,,,,,,,,,,,,,,,,,,,,,,,,,,,,,,,,,,,,,,,,,,,,,,,,,,,,,,,,,,,,,,,,,,,Early Jurassic,Hettangian-Sinemurian,Dinosauria,Saurischia,Eusaurischia,Sauropodomorpha,Plateosauria,Massopoda,Massospondylidae,,,,,,,,,,,,,,Probably over 30 individuals (include almost complete skeleton).,"Glut, (1997). Dinosaurs - The Encyclopedia.","Lufengosaurus huenei lived during the Early Jurassic in what is now China. It was a medium-sized sauropodomorph with a long neck, robust limbs, and a moderately heavy body. Lufengosaurus could move bipedally or quadrupedally while feeding on vegetation, representing one of the earliest large herbivores in Asia.",Herbivore,Floodplains and forested areas,https://drive.google.com/file/d/1KRQNqHu8RIfOkcmoF3122cRpoJeaIwR1/view?usp=drive_link
Free State",Upper Elliot,Upper Elliot,"27,2746081","-30,3026669","1.536,8951401","-18,4156633","67,3212747","414,9986713",relativeToGround,,,,,,,,,,,,,,,,,,,,,,,,,,,,,,,,,,,,,,,,,,,,,,,,,,,,,,,,,,,,,,,,,,,,,,,,,,,,,,,,,,,,,,,,,,,,,,,,,Early Jurassic,Hettangian-Sinemurian,Dinosauria,Ornithischia,Heterodontosauridae,Heterodontosaurinae,,,,,,,,,,,,,,,,,"Left dentary with 11 teeth, referred partial disarticulated skul and two maxillae.","Sereno, P. (2012). ""Taxonomy, morphology, masticatory function and phylogeny of heterodontosaurid dinosaurs"".","Lycorhinus angustidens lived around 200 million years ago during the Early Jurassic in what is now South Africa. It was a small, bipedal ornithischian with strong jaw muscles and specialized teeth for chewing tough vegetation. Lycorhinus likely fed on low-growing plants and may have been agile to escape predators.",Herbivore,Semi-arid floodplains and rocky areas,https://drive.google.com/file/d/1Pz7GMWUcxiPTT8Ewi3eEtGDwYqmebEtn/view?usp=drive_link
87,Massospondylus carinatus,valid,Owen,1854,"5,45 m",430 kg,4,Africa,"South Africa, Lesotho, Zimbabwe",South Africa,"21,4384946","-25,4022114","1.605,6151303","-0,3196691","5,5700988","5.057.169,8686427",relativeToGround,Lesotho,"27,9121742","-29,2533800","1.724,8089847","-4,8317868","2,9627759","839.507,1324000",relativeToGround,Zimbabwe,"29,2716679","-18,2718104","-2.958,0193831","-0,5575666","3,4247994","2.822.350,9029981",relativeToGround,,,,,,,,,,,,,,,,,,,,,,,,,,,,,,,,,"Free State, Eastern Cape, Limpopo, Leribe, Quthing, Mashonaland West, Matabeleland North,
Matabeleland South","Upper Elliot, Clarens, Bushveld Sandstone, Upper Karoo, Forest Sandstone, Mpandi",Upper Elliot,"27,2746081","-30,3026669","1.536,8951401","-18,4156633","67,3212747","414,9986713",relativeToGround,Clarens,"27,2631738","-30,4276694","1.932,0898441","-46,9996587","72,0242202","6.778,9345680",relativeToGround,Bushveld Sandstone,"29,4102950","-22,2851169","577,2032194","70,6993799","65,9319343","368,1541935",relativeToGround,Upper Karoo,"25,3705803","-17,9820850","1.057,5874084","113,2129415","58,5698605","1.537,0309382",relativeToGround,Forest Sandstone,"28,2655220","-20,0250771","1.271,2279954","-3,0895667","67,4125170","608,3733693",relativeToGround,Mpandi,"29,3914466","-22,1640480","534,1073995","9,4424828","57,7249877","290,3406881",relativeToGround,,,,,,,,,,,,,,,,,,,,,,,,,,,,,,,,,,,,,,,,,,,,,,,,,,,,,,,,,Early Jurassic,Hettangian-Pliensbachian,Dinosauria,Saurischia,Eusaurischia,Sauropodomorpha,Plateosauria,Massopoda,Massospondylidae,,,,,,,,,,,,,,Several dozen individuals (more than 80 (uncertain)).,"Owen, Richard (1854). ""Descriptive catalogue of the Fossil organic remains of Reptilia and Pisces contained in the Museum of the Royal College of Surgeons of England.""
Barrett, Chapelle, Staunton, Botha & Choiniere (2019) Postcranial osteology of the neotype specimen of Massospondylus carinatus Owen, 1854 (Dinosauria: Sauropodomorpha) from the upper Elliot formation of South Africa.","Massospondylus carinatus lived during the Early Jurassic in what is now South Africa. It was a medium-sized sauropodomorph with a long neck, slender body, and moderately heavy limbs. Massospondylus could walk bipedally or quadrupedally while feeding, and it is one of the best-known early sauropodomorphs.",Herbivore,Floodplains and open woodlands,https://drive.google.com/file/d/1S322WOoyGL6m5pezemWdJ_RPttnWv0qb/view?usp=drive_link
88,Massospondylus kaalae,valid,Barrett,2009,"3,4 m",100 kg,2,Africa,South Africa,South Africa,"21,4384946","-25,4022114","1.605,6151303","-0,3196691","5,5700988","5.057.169,8686427",relativeToGround,,,,,,,,,,,,,,,,,,,,,,,,,,,,,,,,,,,,,,,,,,,,,,,,,Eastern Cape,Upper Elliot,Upper Elliot,"27,2746081","-30,3026669","1.536,8951401","-18,4156633","67,3212747","414,9986713",relativeToGround,,,,,,,,,,,,,,,,,,,,,,,,,,,,,,,,,,,,,,,,,,,,,,,,,,,,,,,,,,,,,,,,,,,,,,,,,,,,,,,,,,,,,,,,,,,,,,,,,Early Jurassic,Hettangian-Sinemurian,Dinosauria,Saurischia,Eusaurischia,Sauropodomorpha,Plateosauria,Massopoda,Massospondylidae,,,,,,,,,,,,,,Partial skull.,"Barrett, P. M. (2009). ""A new basal sauropodomorph dinosaur from the Upper Elliot Formation (Lower Jurassic) of South Africa"".","Massospondylus kaalae lived during the Early Jurassic in what is now Australia. It was similar to M. carinatus, with a long neck, slender body, and robust limbs. Massospondylus kaalae could walk bipedally or quadrupedally while feeding on plants and represents early sauropodomorph dispersal to Gondwana.",Herbivore,Floodplains and lightly forested areas,https://drive.google.com/file/d/1GIGMF1xZnP4pF-1eLKwRE_vh4ordc4Pk/view?usp=drive_link
89,Ngwevu intloko,valid,Chapelle et al. ,2019,"3,35 m",100 kg,3,Africa,South Africa,South Africa,"21,4384946","-25,4022114","1.605,6151303","-0,3196691","5,5700988","5.057.169,8686427",relativeToGround,,,,,,,,,,,,,,,,,,,,,,,,,,,,,,,,,,,,,,,,,,,,,,,,,Free State,Upper Elliot,Upper Elliot,"27,2746081","-30,3026669","1.536,8951401","-18,4156633","67,3212747","414,9986713",relativeToGround,,,,,,,,,,,,,,,,,,,,,,,,,,,,,,,,,,,,,,,,,,,,,,,,,,,,,,,,,,,,,,,,,,,,,,,,,,,,,,,,,,,,,,,,,,,,,,,,,Early Jurassic,Hettangian-Sinemurian,Dinosauria,Saurischia,Eusaurischia,Sauropodomorpha,Plateosauria,Massopoda,Massospondylidae,,,,,,,,,,,,,,Partially complete skeleton including skull.,"Chapelle, K.E.J., Barrett, P.M., Botha, J., Choiniere, J.N. (2019). ""Ngwevu intloko: a new early sauropodomorph dinosaur from the Lower Jurassic Elliot Formation of South Africa and comments on cranial ontogeny in Massospondylus carinatus"".","Ngwevu intloko lived during the Early Jurassic in what is now South Africa. It was a medium-sized sauropodomorph with a long neck, robust body, and moderately strong limbs. Ngwevu could move bipedally or quadrupedally while feeding, and its fossils provide insight into early sauropodomorph diversity in Gondwana.",Herbivore,Floodplains and open woodlands,https://drive.google.com/file/d/1UowflDflJWNcv2V1_BBht3q0ioZ3mmDE/view?usp=drive_link
90,Panguraptor lufengensis,valid,You et al.,2014,"1,65 m","6,5 kg",3,Asia,China,China,"91,9775972","41,4934298","1.199,8491739","359,8197205","0,0000000","10.341.207,3546696",relativeToGround,,,,,,,,,,,,,,,,,,,,,,,,,,,,,,,,,,,,,,,,,,,,,,,,,Yunnan,Lower Lufeng,Lower Lufeng,"102,5966239","25,5237677","1.845,9314055","-97,6906532","61,6676788","1.574,2852207",relativeToGround,,,,,,,,,,,,,,,,,,,,,,,,,,,,,,,,,,,,,,,,,,,,,,,,,,,,,,,,,,,,,,,,,,,,,,,,,,,,,,,,,,,,,,,,,,,,,,,,,Early Jurassic,Hettangian-Sinemurian,Dinosauria,Saurischia,Eusaurischia,Theropoda,Neotheropoda,Coelophysoidea,Coelophysidae,,,,,,,,,,,,,,Partial skeleton with skull.,"You, Azuma, Wang, Wang and Dong, (2014). The first well-preserved coelophysoid theropod dinosaur from Asia.","Panguraptor lufengensis lived during the Early Jurassic in what is now China. It was a small, agile theropod with long legs, a slender body, and sharp teeth. Panguraptor was bipedal and likely hunted small vertebrates and insects, representing one of the earliest coelophysoid theropods in Asia.",Carnivore/Insectivore,Floodplains and lightly forested areas,https://drive.google.com/file/d/16MJ2k3dAKCfwQu76lib3jwTV_Ry2lx8h/view?usp=drive_link
91,Pegomastax africana,valid,Sereno,2012,"0,8 m (approx. 1,25 m)","0,55 kg (approx. 2 kg)",2,Africa,South Africa,South Africa,"21,4384946","-25,4022114","1.605,6151303","-0,3196691","5,5700988","5.057.169,8686427",relativeToGround,,,,,,,,,,,,,,,,,,,,,,,,,,,,,,,,,,,,,,,,,,,,,,,,,Eastern Cape,Upper Elliot,Upper Elliot,"27,2746081","-30,3026669","1.536,8951401","-18,4156633","67,3212747","414,9986713",relativeToGround,,,,,,,,,,,,,,,,,,,,,,,,,,,,,,,,,,,,,,,,,,,,,,,,,,,,,,,,,,,,,,,,,,,,,,,,,,,,,,,,,,,,,,,,,,,,,,,,,Early Jurassic,Hettangian-Sinemurian,Dinosauria,Ornithischia,Heterodontosauridae,Heterodontosaurinae,,,,,,,,,,,,,,,,,"Fragmentary skull, referred partial skeleton (uncertain)","Sereno, P. (2012). ""Taxonomy, morphology, masticatory function and phylogeny of heterodontosaurid dinosaurs"".","Pegomastax africana lived around 200 million years ago during the Early Jurassic in what is now South Africa. It was a tiny ornithischian with a beaked mouth and small tusks for cropping vegetation. Pegomastax was bipedal and fed on low-growing plants, possibly omnivorous.",Herbivore,Semi-arid floodplains and rocky areas,https://drive.google.com/file/d/11d5AGoMl37B5nAJZp1msHS0Blftq7rrQ/view?usp=drive_link
92,Podokesaurus holyokensis,valid,Talbot,1911,"2,25 m",16 kg,3,North America,USA,USA,"-106,1951385","39,4392637","-12.595,5345205","0,8682536","3,1287964","8.466.423,6667228",relativeToGround,,,,,,,,,,,,,,,,,,,,,,,,,,,,,,,,,,,,,,,,,,,,,,,,,"Massachusetts, Connecticut",Portland,Portland,"-72,2324913","42,0308236","293,9723178","117,8453129","60,4428004","757,5657685",relativeToGround,,,,,,,,,,,,,,,,,,,,,,,,,,,,,,,,,,,,,,,,,,,,,,,,,,,,,,,,,,,,,,,,,,,,,,,,,,,,,,,,,,,,,,,,,,,,,,,,,Early Jurassic,Hettangian-Sinemurian,Dinosauria,Saurischia,Eusaurischia,Theropoda,Neotheropoda,Coelophysoidea,,,,,,,,,,,,,,,"Fragmentary skeleton (destroyed), referred dorsal rib, dorsal rib fragments, pubis and tibia.","Talbot, (1911). Podokesaurus holyokensis, a new dinosaur from the Triassic of the Connecticut Valley.
Mortimer - Theropod database (online).","Podokesaurus holyokensis lived during the Early Jurassic in what is now North America. It was a small, lightly built theropod with long legs, sharp teeth, and a slender body. Podokesaurus was bipedal and an agile predator of small vertebrates and insects.",Carnivore/Insectivore,Floodplains and open woodlands,https://drive.google.com/file/d/1B72ZldTDzbfqq976Pt2UaZbSz3B9Eq1L/view?usp=drive_link
93,Pradhania gracilis,valid,Kutty et al.,2007,"4,4 m",220 kg,2,Asia,India,India,"74,6345719","22,1094784","-1.156,0224272","5,0175281","2,1442221","7.316.601,2286580",relativeToGround,,,,,,,,,,,,,,,,,,,,,,,,,,,,,,,,,,,,,,,,,,,,,,,,,Andhra Pradesh,Upper Dharmaram,Upper Dharmaram,"79,8514419","19,3807907","162,2415847","-4,8482245","65,8415069","556,4298196",relativeToGround,,,,,,,,,,,,,,,,,,,,,,,,,,,,,,,,,,,,,,,,,,,,,,,,,,,,,,,,,,,,,,,,,,,,,,,,,,,,,,,,,,,,,,,,,,,,,,,,,Early Jurassic,Sinemurian,Dinosauria,Saurischia,Eusaurischia,Sauropodomorpha,Plateosauria,Massopoda,Possibly Massospondylidae,,,,,,,,,,,,,,Fragmentary skeleton and skull fragments.,"Kutty, T. S., Chatterjee, S., Galton, P. M., & Upchurch, P. (2007). Basal sauropodomorphs (Dinosauria: Saurischia) from the Lower Jurassic of India: their anatomy and relationships.","Pradhania gracilis lived during the Early Jurassic in what is now India. It was a small sauropodomorph with a long neck, slender body, and moderately robust limbs. Pradhania was bipedal or facultatively quadrupedal and fed on low- to mid-height vegetation.",Herbivore,Floodplains and lightly forested areas,https://drive.google.com/file/d/1h9vu2HXmjLBn6wpXdEI-SjIEQqGjaf05/view?usp=drive_link
94,Pulanesaura eocollum,valid,McPhee et al.,2015,"7,5 m","1,7 t",2,Africa,South Africa,South Africa,"21,4384946","-25,4022114","1.605,6151303","-0,3196691","5,5700988","5.057.169,8686427",relativeToGround,,,,,,,,,,,,,,,,,,,,,,,,,,,,,,,,,,,,,,,,,,,,,,,,,Free State,Upper Elliot,Upper Elliot,"27,2746081","-30,3026669","1.536,8951401","-18,4156633","67,3212747","414,9986713",relativeToGround,,,,,,,,,,,,,,,,,,,,,,,,,,,,,,,,,,,,,,,,,,,,,,,,,,,,,,,,,,,,,,,,,,,,,,,,,,,,,,,,,,,,,,,,,,,,,,,,,Early Jurassic,Hettangian-Sinemurian,Dinosauria,Saurischia,Eusaurischia,Sauropodomorpha,Plateosauria,Massopoda,Sauropodiformes,Anchisauria,Sauropoda,,,,,,,,,,,,At least 2 individuals.,"McPhee, Bonnan, Yates, Neveling and Choiniere, (2015). A new basal sauropod from the pre-Toarcian Jurassic of South Africa: Evidence of niche-partitioning at the sauropodomorph-sauropod boundary?","Pulanesaura eocollum lived during the Early Jurassic in what is now South Africa. It was a medium-sized sauropodomorph with a long neck, heavy body, and strong limbs. Pulanesaura was primarily quadrupedal and fed on mid- to high-level vegetation, showing adaptations toward later giant sauropods.",Herbivore,Floodplains and open forests,https://drive.google.com/file/d/1aXrOg4REN7KsjVkZ5qor6rskZj2nwjFR/view?usp=drive_link
95,Saltriovenator zanellai,valid,"Dal Sasso​, Maganuco & Cau",2018,"7,5 m","1,35 t","2,5",Europe,Italy,Italy,"10,9844064","42,5698789","269,2791839","344,6350336","0,0000000","2.491.786,4361057",relativeToGround,,,,,,,,,,,,,,,,,,,,,,,,,,,,,,,,,,,,,,,,,,,,,,,,,Lombardy,Saltrio,Saltrio,"9,0906921","45,9606988","723,0287402","68,9723861","72,9497319","1.314,5040120",relativeToGround,,,,,,,,,,,,,,,,,,,,,,,,,,,,,,,,,,,,,,,,,,,,,,,,,,,,,,,,,,,,,,,,,,,,,,,,,,,,,,,,,,,,,,,,,,,,,,,,,Early Jurassic,Early Sinemurian,Dinosauria,Saurischia,Eusaurischia,Theropoda,Neotheropoda,Averostra,Ceratosauria,,,,,,,,,,,,,,Fragmentary skeleton with skull fragments. Referred tooth.,"Dal Sasso, Maganuco and Cau, (2018). The oldest ceratosaurian (Dinosauria: Theropoda), from the Lower Jurassic of Italy, sheds light on the evolution of the three-fingered hand of birds.","Saltriovenator zanellai lived during the Early Jurassic in what is now Italy. It was a large theropod with a robust skull, sharp teeth, and powerful limbs. Saltriovenator was bipedal and one of the earliest known large predatory dinosaurs in Europe, hunting medium-sized prey.",Carnivore,Coastal floodplains and open woodlands,https://drive.google.com/file/d/1FmeY4CMcoi0OGa5Vj-kXu-mI6TCQzAV5/view?usp=drive_link
96,Sanpasaurus yaoi,valid,Young,1944,8 m,"2,2 t","2,5",Asia,China,China,"91,9775972","41,4934298","1.199,8491739","359,8197205","0,0000000","10.341.207,3546696",relativeToGround,,,,,,,,,,,,,,,,,,,,,,,,,,,,,,,,,,,,,,,,,,,,,,,,,Sichuan,Ziliujing,Ziliujing,"104,0049041","29,1937868","403,8518229","-47,4876160","73,2072595","716,3600761",relativeToGround,,,,,,,,,,,,,,,,,,,,,,,,,,,,,,,,,,,,,,,,,,,,,,,,,,,,,,,,,,,,,,,,,,,,,,,,,,,,,,,,,,,,,,,,,,,,,,,,,Early Jurassic,Approx. Toarcian,Dinosauria,Saurischia,Eusaurischia,Sauropodomorpha,Plateosauria,Massopoda,Sauropodiformes,Anchisauria,Sauropoda,,,,,,,,,,,,"Dorsal vertebral series, referred many fragments (mostly vertebrae).","McPhee, B.W., Upchurch, P., Mannion, P.D., Sullivan, C., Butler, R.J., Barrett, P.M. (2016). A revision of Sanpasaurus yaoi Young, 1944 from the Early Jurassic of China, and its relevance to the early evolution of Sauropoda (Dinosauria).","Sanpasaurus yaoi lived around 190 million years ago during the Early Jurassic in present-day China. It was a medium-sized sauropodomorph with a long neck, slender body, and moderately heavy limbs. Sanpasaurus could walk bipedally or quadrupedally while feeding on vegetation.",Herbivore,Floodplains and lightly forested areas,https://drive.google.com/file/d/1nDtSm1tOsREN4-r1ZEftMxzpu7LPtVx1/view?usp=drive_link
97,Sarahsaurus aurifontanalis,valid,"Rowe, Sues & Reisz",2011,"4,75 m",280 kg,"3,5",North America,USA,USA,"-106,1951385","39,4392637","-12.595,5345205","0,8682536","3,1287964","8.466.423,6667228",relativeToGround,,,,,,,,,,,,,,,,,,,,,,,,,,,,,,,,,,,,,,,,,,,,,,,,,Arizona,Kayenta,Kayenta,"-109,0518700","36,9998195","1.445,9894623","77,6172910","65,2065449","1.222,7985952",relativeToGround,,,,,,,,,,,,,,,,,,,,,,,,,,,,,,,,,,,,,,,,,,,,,,,,,,,,,,,,,,,,,,,,,,,,,,,,,,,,,,,,,,,,,,,,,,,,,,,,,Early Jurassic,Sinemurian-Pliensbachian,Dinosauria,Saurischia,Eusaurischia,Sauropodomorpha,Plateosauria,Massopoda,Possibly Massospondylidae,,,,,,,,,,,,,,3 skeletons also with skulls.,"Marsh AD, Rowe TB (2018) “Anatomy and systematics of the sauropodomorph Sarahsaurus aurifontanalis from the Early Jurassic Kayenta Formation”.","Sarahsaurus aurifontanalis lived during the Early Jurassic in what is now North America. It was a medium-sized sauropodomorph with a long neck, lightly built body, and strong limbs. Sarahsaurus was bipedal or quadrupedal while feeding on low- to mid-height vegetation.",Herbivore,Floodplains and open forests,https://drive.google.com/file/d/1Hkf6WCY8HdVG2GsJaEbivoCdGR4jtlM_/view?usp=drive_link
98,Scelidosaurus harrisonii,valid,Owen,1861,"4,4 m",320 kg,"3,5",Europe,United Kingdom,United Kingdom,"-5,4282139","55,1022881","45,1485417","-15,6227355","6,3270023","2.554.337,5034103",relativeToGround,,,,,,,,,,,,,,,,,,,,,,,,,,,,,,,,,,,,,,,,,,,,,,,,,England,Charmouth Mudstone,Charmouth Mudstone,"-2,8918148","50,7325679","52,7719215","10,6108684","66,5607220","850,2891454",relativeToGround,,,,,,,,,,,,,,,,,,,,,,,,,,,,,,,,,,,,,,,,,,,,,,,,,,,,,,,,,,,,,,,,,,,,,,,,,,,,,,,,,,,,,,,,,,,,,,,,,Early Jurassic,Sinemurian,Dinosauria,Ornithischia,Genasauria,Thyreophora,Scelidosauridae,,,,,,,,,,,,,,,,At least over a dozen individuals (skeletons and skulls).,"Norman, D. B. (2019). Scelidosaurus harrisonii from the Early Jurassic of Dorset, England: cranial anatomy.","Scelidosaurus harrisonii lived around 190 million years ago during the Early Jurassic in what is now England. It was a small to medium-sized armored dinosaur with bony plates along its back. Scelidosaurus was quadrupedal and fed on low vegetation, one of the earliest known armored dinosaurs.",Herbivore,Coastal plains and floodplains,https://drive.google.com/file/d/1AJcO5ymvso7w44P2aj6kM0neesX3dhfi/view?usp=drive_link
99,Scutellosaurus lawleri,valid,Colbert,1981,"1,65 m (approx. 1,9 m)",10 kg (approx. 16 kg),4,North America,USA,USA,"-106,1951385","39,4392637","-12.595,5345205","0,8682536","3,1287964","8.466.423,6667228",relativeToGround,,,,,,,,,,,,,,,,,,,,,,,,,,,,,,,,,,,,,,,,,,,,,,,,,Arizona,Kayenta,Kayenta,"-109,0518700","36,9998195","1.445,9894623","77,6172910","65,2065449","1.222,7985952",relativeToGround,,,,,,,,,,,,,,,,,,,,,,,,,,,,,,,,,,,,,,,,,,,,,,,,,,,,,,,,,,,,,,,,,,,,,,,,,,,,,,,,,,,,,,,,,,,,,,,,,Early Jurassic,Sinemurian-Pliensbachian,Dinosauria,Ornithischia,Genasauria,Thyreophora,,,,,,,,,,,,,,,,,Probably more than 30 individuals.,"Breeden, B.T. (2016) ""Observations on the osteology of scutellosaurus lawleri Colbert, 1981 (Ornithischia: Thyreophora) on the basis on new specimens from the Lower Jurassic Kayenta Formation of Arizona"".","Scutellosaurus lawleri lived during the Early Jurassic in what is now North America. It was a small, lightly built armored dinosaur with rows of bony scutes along its back. Scutellosaurus was bipedal or facultatively quadrupedal, feeding on low-lying plants.",Herbivore,Floodplains and open woodland,https://drive.google.com/file/d/1b0w4R1fl4XcFzUXmIwnHTJCRei3EpgzQ/view?usp=drive_link
100,Segisaurus halli,valid,Camp,1936,"1,55 m","4,5 kg","3,5",North America,USA,USA,"-106,1951385","39,4392637","-12.595,5345205","0,8682536","3,1287964","8.466.423,6667228",relativeToGround,,,,,,,,,,,,,,,,,,,,,,,,,,,,,,,,,,,,,,,,,,,,,,,,,Arizona,Navajo Sandstone,Navajo Sandstone,"-111,3214170","36,8964181","1.451,3319016","-116,4099295","72,0447051","3.254,8799709",relativeToGround,,,,,,,,,,,,,,,,,,,,,,,,,,,,,,,,,,,,,,,,,,,,,,,,,,,,,,,,,,,,,,,,,,,,,,,,,,,,,,,,,,,,,,,,,,,,,,,,,Early Jurassic,Hettangian-Sinemurian,Dinosauria,Saurischia,Eusaurischia,Theropoda,Neotheropoda,Coelophysoidea,Coelophysidae,,,,,,,,,,,,,,Large part of skeleton without skull.,"Carrano, Hutchinson and Sampson, (2005). New information on Segisaurus halli, a small theropod dinosaur from the Early Jurassic of Arizona.","Segisaurus halli lived during the Early Jurassic in what is now North America. It was a small, agile theropod with long legs, slender body, and sharp teeth. Segisaurus was bipedal and hunted small vertebrates and insects, representing an early coelophysoid in its region.",Carnivore/Insectivore,Semi-arid floodplains and open woodlands,https://drive.google.com/file/d/15jO9UwmgHiqGvO_Q4cGQg6q0VI4Gzi_C/view?usp=drive_link
101,Seitaad ruessi,valid,Sertich & Loewen,2010,"3,6 m",110 kg,3,North America,USA,USA,"-106,1951385","39,4392637","-12.595,5345205","0,8682536","3,1287964","8.466.423,6667228",relativeToGround,,,,,,,,,,,,,,,,,,,,,,,,,,,,,,,,,,,,,,,,,,,,,,,,,Utah,Navajo Sandstone,Navajo Sandstone,"-111,3214170","36,8964181","1.451,3319016","-116,4099295","72,0447051","3.254,8799709",relativeToGround,,,,,,,,,,,,,,,,,,,,,,,,,,,,,,,,,,,,,,,,,,,,,,,,,,,,,,,,,,,,,,,,,,,,,,,,,,,,,,,,,,,,,,,,,,,,,,,,,Early Jurassic,Hettangian-Sinemurian,Dinosauria,Saurischia,Eusaurischia,Sauropodomorpha,Plateosauria,Massopoda,Sauropodiformes,,,,,,,,,,,,,,"11 dorsal vertebrae, 16 ribs, pectoral girdles, left and partial right forelimb, partial pelvis, partial left hind limb, and array of gastral ribs.","Joseph J. W. Sertich and Mark A. Loewen (2010). Laudet, Vincent (ed.). ""A New Basal Sauropodomorph Dinosaur from the Lower Jurassic Navajo Sandstone of Southern Utah.","Seitaad ruessi lived around 200 million years ago during the Early Jurassic in what is now North America. It was a small to medium-sized sauropodomorph with a long neck, slender body, and moderately robust limbs. Seitaad could move bipedally or quadrupedally while feeding on vegetation.",Herbivore,Floodplains and open woodland,https://drive.google.com/file/d/14gXXA2jSLYp0efdAl6meZ7h9ui4tuKLA/view?usp=drive_link
102,Sinosaurus triassicus,valid,Young,1948,"5,65 m",380 kg,3,Asia,China,China,"91,9775972","41,4934298","1.199,8491739","359,8197205","0,0000000","10.341.207,3546696",relativeToGround,,,,,,,,,,,,,,,,,,,,,,,,,,,,,,,,,,,,,,,,,,,,,,,,,Yunnan,"Lower Lufeng, Fengjiahe",Lower Lufeng,"102,5966239","25,5237677","1.845,9314055","-97,6906532","61,6676788","1.574,2852207",relativeToGround,Fengjiahe,"101,3210474","26,2102024","2.220,0547552","15,8146613","67,9314382","1.014,1544021",relativeToGround,,,,,,,,,,,,,,,,,,,,,,,,,,,,,,,,,,,,,,,,,,,,,,,,,,,,,,,,,,,,,,,,,,,,,,,,,,,,,,,,,,,,,,,,,Early Jurassic,Hettangian-Sinemurian,Dinosauria,Saurischia,Eusaurischia,Theropoda,Neotheropoda,Possibly Averostra,Possibly Tetanurae,,,,,,,,,,,,,,At least several individuals (include Shuangbaisaurus anlongbaoensis and Sinosaurus sinensis material).,Mortimer - Theropod database (online).,"Sinosaurus triassicus lived during the Late Triassic in what is now China. It was a medium-sized theropod with a slender body, long legs, and sharp teeth. Sinosaurus was bipedal and one of the earliest Asian predatory dinosaurs, hunting small to medium prey.",Carnivore,Floodplains and lightly forested areas,https://drive.google.com/file/d/1qJq3Qt2ZhsV-iKBpf2sdoTk3N-beYb4l/view?usp=drive_link
103,Syntarsus kayentakatae,valid,Rowe,1989,3 m,30 kg,3,North America,USA,USA,"-106,1951385","39,4392637","-12.595,5345205","0,8682536","3,1287964","8.466.423,6667228",relativeToGround,,,,,,,,,,,,,,,,,,,,,,,,,,,,,,,,,,,,,,,,,,,,,,,,,Arizona,Kayenta,Kayenta,"-109,0518700","36,9998195","1.445,9894623","77,6172910","65,2065449","1.222,7985952",relativeToGround,,,,,,,,,,,,,,,,,,,,,,,,,,,,,,,,,,,,,,,,,,,,,,,,,,,,,,,,,,,,,,,,,,,,,,,,,,,,,,,,,,,,,,,,,,,,,,,,,Early Jurassic,Sinemurian-Pliensbachian,Dinosauria,Saurischia,Eusaurischia,Theropoda,Neotheropoda,Coelophysoidea,Coelophysidae,,,,,,,,,,,,,,Several individuals (include partial skeleton with skull).,Mortimer - Theropod database (online).,"Syntarsus kayentakatae lived during the Early Jurassic in what is now North America. It was a small, fast theropod with long legs, slender body, and sharp teeth. ""Syntarsus"" kayentakatae was bipedal and hunted small vertebrates and insects.",Carnivore/Insectivore,Semi-arid floodplains and open woodlands,https://drive.google.com/file/d/1CbNT02SiMmu3e9_1Pw__Kj7HhUjJE0Wr/view?usp=drive_link
104,Tachiraptor admirabilis,valid,Langer et al.,2014,"Approx. 3,5 m",Approx. 42 kg,1,South America,Venezuela,Venezuela,"-67,2504388","8,1115881","995,5516067","-18,1325980","14,3909135","5.222.871,3370228",relativeToGround,,,,,,,,,,,,,,,,,,,,,,,,,,,,,,,,,,,,,,,,,,,,,,,,,Táchira,La Quinta,La Quinta,"-71,6547502","8,3349848","1.559,8385675","-113,3408315","61,7817669","9.259,3322749",relativeToGround,,,,,,,,,,,,,,,,,,,,,,,,,,,,,,,,,,,,,,,,,,,,,,,,,,,,,,,,,,,,,,,,,,,,,,,,,,,,,,,,,,,,,,,,,,,,,,,,,Early Jurassic,Hettangian,Dinosauria,Saurischia,Eusaurischia,Theropoda,Neotheropoda,,,,,,,,,,,,,,,,"Incomplete tibia, referred proximal ischium.","Langer M.C., Rincón A.D., Ramezani J., Solórzano A. i O.W.M. Rauhut. (2014). New dinosaur (Theropoda, stem-Averostra) from the earliest Jurassic of the La Quinta formation, Venezuelan Andes.","Tachiraptor admirabilis lived around 200 million years ago during the Early Jurassic in what is now Venezuela. It was a small, agile theropod with long legs, a slender body, and sharp teeth. Tachiraptor was bipedal and preyed on small vertebrates and insects.",Carnivore/Insectivore,Floodplains and lightly forested areas,https://drive.google.com/file/d/1iM1SoS8jvRPbqyZ6mPJ8O1ifEGvfNUQ2/view?usp=drive_link
105,Tazoudasaurus naimi,valid,Allain et al.,2004,14 m,11 t,"3,5",Africa,Morocco,Morocco,"-8,5972822","34,6031243","-2.053,4997271","-1,3247262","0,3832970","4.484.213,1805927",relativeToGround,,,,,,,,,,,,,,,,,,,,,,,,,,,,,,,,,,,,,,,,,,,,,,,,,Drâa-Tafilalet,Toundoute Continental Series,Toundoute Continental Series,"-6,1655465","32,2179445","1.084,6872988","169,9602222","62,4167408","303,2164935",relativeToGround,,,,,,,,,,,,,,,,,,,,,,,,,,,,,,,,,,,,,,,,,,,,,,,,,,,,,,,,,,,,,,,,,,,,,,,,,,,,,,,,,,,,,,,,,,,,,,,,,Early Jurassic,Pliensbachian-Toarcian,Dinosauria,Saurischia,Eusaurischia,Sauropodomorpha,Plateosauria,Massopoda,Sauropodiformes,Anchisauria,Sauropoda,Gravisauria,Vulcanodontidae,,,,,,,,,,At least 10 individuals (also skulls).,"Allain, R., Aquesbi, N., Dejax, J., Meyer, C.A., Monbaron, M., Montenat, C., Rechir, P., Rochdy, M., Russell, D.A., Taquet, P. (2004). A basal sauropod dinosaur from the Early Jurassic of Morocco.
Peyer, K., Allain, R. (2010). A reconstruction of Tazoudasaurus naimi (Dinosauria, Sauropoda) from the late Early Jurassic of Morocco.","Tazoudasaurus naimi lived during the Early Jurassic in what is now Morocco. It was a large sauropodomorph with a long neck, robust limbs, and heavy body. Tazoudasaurus was primarily quadrupedal and fed on mid- to high-height vegetation, one of the earliest large sauropods in Africa.",Herbivore,Floodplains and lightly forested areas,https://drive.google.com/file/d/1eSK8_GmmTcQeqcL_SUmuQtaMpT14be7M/view?usp=drive_link
106,Tonganosaurus hei,valid,"Li, Yang, Liu & Wang",2010,"11,6 m",2 t,3,Asia,China,China,"91,9775972","41,4934298","1.199,8491739","359,8197205","0,0000000","10.341.207,3546696",relativeToGround,,,,,,,,,,,,,,,,,,,,,,,,,,,,,,,,,,,,,,,,,,,,,,,,,Sichuan,Yimen,Yimen,"105,5643590","31,4374209","667,8406900","44,9036876","64,7689673","2.033,5308100",relativeToGround,,,,,,,,,,,,,,,,,,,,,,,,,,,,,,,,,,,,,,,,,,,,,,,,,,,,,,,,,,,,,,,,,,,,,,,,,,,,,,,,,,,,,,,,,,,,,,,,,Early Jurassic,Approx. Pliensbachian,Dinosauria,Saurischia,Eusaurischia,Sauropodomorpha,Plateosauria,Massopoda,Sauropodiformes,Anchisauria,Sauropoda,Gravisauria,Eusauropoda,Mamenchisauridae,,,,,,,,,"Partial skeleton (vertebrae, rib fragments, limb bones and other fragments).","Li, Kui; Yang, Chun-Yan; Liu, Jian and Wang, Zheng-Xin (2010). ""A new sauropod dinosaur from the Lower Jurassic of Huili, Sichuan, China"".","Tonganosaurus hei lived during the Early Jurassic in what is now China. It was a medium-sized sauropodomorph with a long neck, robust limbs, and moderately heavy body. Tonganosaurus could walk bipedally or quadrupedally while feeding on low- to mid-level vegetation.",Herbivore,Floodplains and lightly forested areas,https://drive.google.com/file/d/1ob0No6cVRMZXz7RD5a1nvXTfip6zAp_l/view?usp=drive_link
107,Vulcanodon karibaensis,valid,Raath,1972,"9,5 m","3,5 t",3,Africa,Zimbabwe,Zimbabwe,"29,2716679","-18,2718104","-2.958,0193831","-0,5575666","3,4247994","2.822.350,9029981",relativeToGround,,,,,,,,,,,,,,,,,,,,,,,,,,,,,,,,,,,,,,,,,,,,,,,,,Mashonaland West,Forest Sandstone,Forest Sandstone,"28,2655220","-20,0250771","1.271,2279954","-3,0895667","67,4125170","608,3733693",relativeToGround,,,,,,,,,,,,,,,,,,,,,,,,,,,,,,,,,,,,,,,,,,,,,,,,,,,,,,,,,,,,,,,,,,,,,,,,,,,,,,,,,,,,,,,,,,,,,,,,,Early Jurassic,Sinemurian-Pliensbachian,Dinosauria,Saurischia,Eusaurischia,Sauropodomorpha,Plateosauria,Massopoda,Sauropodiformes,Anchisauria,Sauropoda,Gravisauria,Vulcanodontidae,,,,,,,,,,"Partial skeleton (vertebrae, limb bones and other fragments) without skull. Scapula (uncertain) and other fragments (uncertain)","Cooper, Michael R. (1984). ""A reassessment of Vulcanodon karibaensis Raath (Dinosauria: Saurischia) and the origin of the Sauropoda"".","Vulcanodon karibaensis lived around 200 million years ago during the Early Jurassic in what is now Zimbabwe. It was a medium-sized sauropodomorph with a long neck, sturdy limbs, and heavy body. Vulcanodon was primarily quadrupedal and fed on mid- to high-level vegetation.",Herbivore,Floodplains and open forests,https://drive.google.com/file/d/1esHkU1462eMi4gf55CVDeP0ChBTa8oAT/view?usp=drive_link
108,Xingxiulong chengi,valid,"Wang, You & Wang",2017,"5,3 m",400 kg,"3,5",Asia,China,China,"91,9775972","41,4934298","1.199,8491739","359,8197205","0,0000000","10.341.207,3546696",relativeToGround,,,,,,,,,,,,,,,,,,,,,,,,,,,,,,,,,,,,,,,,,,,,,,,,,Yunnan,Lower Lufeng,Lower Lufeng,"102,5966239","25,5237677","1.845,9314055","-97,6906532","61,6676788","1.574,2852207",relativeToGround,,,,,,,,,,,,,,,,,,,,,,,,,,,,,,,,,,,,,,,,,,,,,,,,,,,,,,,,,,,,,,,,,,,,,,,,,,,,,,,,,,,,,,,,,,,,,,,,,Early Jurassic,Hettangian,Dinosauria,Saurischia,Eusaurischia,Sauropodomorpha,Plateosauria,Massopoda,Sauropodiformes,,,,,,,,,,,,,,3 skeletons (also skulls).,"Wang, Y.-M., You, H.-L. & Wang, T. (2017) ""A new basal sauropodiform dinosaur from the Lower Jurassic of Yunnan Province, China"".","Xingxiulong chengi lived during the Early Jurassic in what is now China. It was a medium-sized sauropodomorph with a long neck, lightly built body, and moderately strong limbs. Xingxiulong could walk bipedally or quadrupedally while feeding on vegetation.",Herbivore,Floodplains and lightly forested areas,https://drive.google.com/file/d/1YoF6p59rujkYAiaigLGrTOcW_xKXC9QQ/view?usp=drive_link
109,Xixiposaurus suni,valid,Sekiya,2010,"3,7 m",110 kg,"3,5",Asia,China,China,"91,9775972","41,4934298","1.199,8491739","359,8197205","0,0000000","10.341.207,3546696",relativeToGround,,,,,,,,,,,,,,,,,,,,,,,,,,,,,,,,,,,,,,,,,,,,,,,,,Yunnan,Lower Lufeng,Lower Lufeng,"102,5966239","25,5237677","1.845,9314055","-97,6906532","61,6676788","1.574,2852207",relativeToGround,,,,,,,,,,,,,,,,,,,,,,,,,,,,,,,,,,,,,,,,,,,,,,,,,,,,,,,,,,,,,,,,,,,,,,,,,,,,,,,,,,,,,,,,,,,,,,,,,Early Jurassic,Hettangian-Sinemurian,Dinosauria,Saurischia,Eusaurischia,Sauropodomorpha,,,,,,,,,,,,,,,,,Large part of skeleton with skull.,Sekiya T. (2010). A new prosauropod dinosaur from Lower Jurassic in Lufeng of Yunnan.,"Xixiposaurus suni lived during the Early Jurassic in what is now China. It was a medium-sized sauropodomorph with a long neck, slender body, and robust limbs. Xixiposaurus could move bipedally or quadrupedally while feeding on vegetation.",Herbivore,Floodplains and lightly forested areas,https://drive.google.com/file/d/1nS6vuR_dYyftJ7mfwOWu111NEAZcqbix/view?usp=drive_link
110,Yimenosaurus youngi,valid,"Bai, Yang & Wang",1990,"8,6 m","2,5 t",3,Asia,China,China,"91,9775972","41,4934298","1.199,8491739","359,8197205","0,0000000","10.341.207,3546696",relativeToGround,,,,,,,,,,,,,,,,,,,,,,,,,,,,,,,,,,,,,,,,,,,,,,,,,Yunnan,Fengjiahe,Fengjiahe,"101,3210474","26,2102024","2.220,0547552","15,8146613","67,9314382","1.014,1544021",relativeToGround,,,,,,,,,,,,,,,,,,,,,,,,,,,,,,,,,,,,,,,,,,,,,,,,,,,,,,,,,,,,,,,,,,,,,,,,,,,,,,,,,,,,,,,,,,,,,,,,,Early Jurassic,Approx. Hettangian,Dinosauria,Saurischia,Eusaurischia,Sauropodomorpha,Possibly Plateosauria,,,,,,,,,,,,,,,,2 (more (uncertain)) partial skeletons with incomplete skulls.,"Bai, Z.; Yang, J.; Wang, G. (1990). ""Yimenosaurus, a New Genus of Prosauropod from Yimen County, Yunnan Province"".","Yimenosaurus youngi lived during the Early Jurassic in what is now China. It was a large sauropodomorph with a long neck, robust limbs, and heavy body. Yimenosaurus was primarily quadrupedal and fed on mid- to high-height vegetation, contributing to early sauropod diversity in Asia.",Herbivore,Floodplains and lightly forested areas,https://drive.google.com/file/d/15PVWEFB5JCkr34BCZwsktUt1Z1ZwmRXB/view?usp=drive_link
111,Yizhousaurus sunae,valid,Zhang et al.,2018,7 m,800 kg,"3,5",Asia,China,China,"91,9775972","41,4934298","1.199,8491739","359,8197205","0,0000000","10.341.207,3546696",relativeToGround,,,,,,,,,,,,,,,,,,,,,,,,,,,,,,,,,,,,,,,,,,,,,,,,,Yunnan,Lower Lufeng,Lower Lufeng,"102,5966239","25,5237677","1.845,9314055","-97,6906532","61,6676788","1.574,2852207",relativeToGround,,,,,,,,,,,,,,,,,,,,,,,,,,,,,,,,,,,,,,,,,,,,,,,,,,,,,,,,,,,,,,,,,,,,,,,,,,,,,,,,,,,,,,,,,,,,,,,,,Early Jurassic,Sinemurian,Dinosauria,Saurischia,Eusaurischia,Sauropodomorpha,Plateosauria,Massopoda,Sauropodiformes,,,,,,,,,,,,,,Large part of skeleton with skull.,"Zhang, Q.-N., You, H.-L., Wang, T., Chatterjee, S. (2018). A new sauropodiform dinosaur with a ‘sauropodan’ skull from the Lower Jurassic Lufeng Formation of Yunnan Province, China. ","Yizhousaurus sunae lived around 200 million years ago during the Late Triassic in present-day China. It was a medium-sized sauropodomorph with a long neck, slender body, and moderately robust limbs. Yizhousaurus could walk bipedally or quadrupedally while feeding on vegetation.",Herbivore,Floodplains and forested areas,https://drive.google.com/file/d/1rjU8Dezw2jcK3XFpiO51qSxktkwYznsT/view?usp=drive_link
112,Yunnanosaurus huangi,valid,Young,1942,5 m,300 kg,"3,5",Asia,China,China,"91,9775972","41,4934298","1.199,8491739","359,8197205","0,0000000","10.341.207,3546696",relativeToGround,,,,,,,,,,,,,,,,,,,,,,,,,,,,,,,,,,,,,,,,,,,,,,,,,Yunnan,Lower Lufeng,Lower Lufeng,"102,5966239","25,5237677","1.845,9314055","-97,6906532","61,6676788","1.574,2852207",relativeToGround,,,,,,,,,,,,,,,,,,,,,,,,,,,,,,,,,,,,,,,,,,,,,,,,,,,,,,,,,,,,,,,,,,,,,,,,,,,,,,,,,,,,,,,,,,,,,,,,,Early Jurassic,Hettangian-Sinemurian,Dinosauria,Saurischia,Eusaurischia,Sauropodomorpha,Plateosauria,Massopoda,Sauropodiformes,,,,,,,,,,,,,,More than 20 individuals.,"C-C. Young (1942) ""Yunnanosaurus huangi Young (gen. et sp. nov.), a new Prosauropoda from the red beds at Lufeng, Yunnan"".","Yunnanosaurus huangi lived during the Early Jurassic in what is now China. It was a medium-sized sauropodomorph with a long neck, sturdy limbs, and moderately heavy body. Yunnanosaurus was primarily quadrupedal and fed on mid-level vegetation.",Herbivore,Floodplains and lightly forested areas,https://drive.google.com/file/d/1E_abDLCB4JFM_27bK8WA7sS6ErfTXhzD/view?usp=drive_link
113,Abrosaurus dongpoi,valid,Ouyang,1989,Approx. 10 m,"Approx. 3,5 t",1,Asia,China,China,"91,9775972","41,4934298","1.199,8491739","359,8197205","0,0000000","10.341.207,3546696",relativeToGround,,,,,,,,,,,,,,,,,,,,,,,,,,,,,,,,,,,,,,,,,,,,,,,,,Sichuan,Lower Shaximiao,Lower Shaximiao,"104,9831141","28,7912388","432,2577310","38,6686813","68,1783175","1.324,0817377",relativeToGround,,,,,,,,,,,,,,,,,,,,,,,,,,,,,,,,,,,,,,,,,,,,,,,,,,,,,,,,,,,,,,,,,,,,,,,,,,,,,,,,,,,,,,,,,,,,,,,,,Middle Jurassic,Bathonian-Callovian,Dinosauria,Saurischia,Eusaurischia,Sauropodomorpha,Plateosauria,Massopoda,Sauropodiformes,Anchisauria,Sauropoda,Gravisauria,Eusauropoda,Neosauropoda,Macronaria,,,,,,,,Two incomplete skulls.,"Ouyang H. (1989). A new sauropod dinosaur from Dashanpu, Zigong County, Sichuan Province (Abrosaurus dongpoensis gen. et sp. nov.).","Abrosaurus dongpoi lived around 160 million years ago during the Late Jurassic in present-day China. It was a medium-sized sauropod with a long neck, heavy body, and robust limbs. Abrosaurus was quadrupedal and fed on high vegetation, representing early neosauropod adaptations.",Herbivore,Floodplains and open forests,https://drive.google.com/file/d/1OpL8NDTA6NqO4WJPztky_DHi5mLv9qa0/view?usp=drive_link
114,Adratiklit boulahfa,valid,Maidment et al.,2019,"6,6 m","1,9 t",2,Africa,Morocco,Morocco,"-8,5972822","34,6031243","-2.053,4997271","-1,3247262","0,3832970","4.484.213,1805927",relativeToGround,,,,,,,,,,,,,,,,,,,,,,,,,,,,,,,,,,,,,,,,,,,,,,,,,Fès-Meknès,El Mers II,El Mers II,"-4,4057948","33,4631534","1.289,1624956","64,1961835","54,6998531","1.082,5660533",relativeToGround,,,,,,,,,,,,,,,,,,,,,,,,,,,,,,,,,,,,,,,,,,,,,,,,,,,,,,,,,,,,,,,,,,,,,,,,,,,,,,,,,,,,,,,,,,,,,,,,,Middle Jurassic,Bathonian,Dinosauria,Ornithischia,Genasauria,Thyreophora,Eurypoda,Stegosauria,,,,,,,,,,,,,,,"Dorsal vertebra and referred three cervical vertebrae, one dorsal vertebra and left humerus.","Maidment, Susannah C. R.; Raven, Thomas J.; Ouarhache, Driss; Barrett, Paul M. (2019). ""North Africa's first stegosaur: Implications for Gondwanan thyreophoran dinosaur diversity"".","Adratiklit boulahfa lived during the Middle Jurassic in what is now Morocco. It was a medium to large sauropod with a long neck, massive limbs, and heavy body. Adratiklit was quadrupedal and fed on mid- to high-level vegetation, one of the earliest known African sauropods.",Herbivore,Floodplains and open woodlands,https://drive.google.com/file/d/1RMkyXAKts_R_2qvbjYfhdMLCL2eEAmXB/view?usp=drive_link
115,Agilisaurus louderbacki,valid,Peng,1990,"1,6 m",10 kg,4,Asia,China,China,"91,9775972","41,4934298","1.199,8491739","359,8197205","0,0000000","10.341.207,3546696",relativeToGround,,,,,,,,,,,,,,,,,,,,,,,,,,,,,,,,,,,,,,,,,,,,,,,,,Sichuan,Lower Shaximiao,Lower Shaximiao,"104,9831141","28,7912388","432,2577310","38,6686813","68,1783175","1.324,0817377",relativeToGround,,,,,,,,,,,,,,,,,,,,,,,,,,,,,,,,,,,,,,,,,,,,,,,,,,,,,,,,,,,,,,,,,,,,,,,,,,,,,,,,,,,,,,,,,,,,,,,,,Middle Jurassic,Bathonian-Callovian,Dinosauria,Ornithischia,Genasauria,Neornithischia,,,,,,,,,,,,,,,,,Almost complete skeleton with skull.,"Peng, G. (1990). ""A new small ornithopod (Agilisaurus louderbacki gen. et sp. nov.) from Zigong, China"". Newsletter of the Zigong Dinosaur Museum (in Chinese).","Agilisaurus louderbacki lived during the Middle Jurassic in what is now China. It was a small, bipedal ornithopod with a lightweight body, long legs, and strong hind limbs, built for agility. Agilisaurus likely fed on low vegetation and could escape predators quickly.",Herbivore,Forested hills and floodplains,https://drive.google.com/file/d/1RXoUNNhzZ9-hnwgg_FmKh_SJPjPDvGNr/view?usp=drive_link
116,Analong chuanjieensis,valid,Ren et al.,2020,"18,7 m","7,6 t","3,5",Asia,China,China,"91,9775972","41,4934298","1.199,8491739","359,8197205","0,0000000","10.341.207,3546696",relativeToGround,,,,,,,,,,,,,,,,,,,,,,,,,,,,,,,,,,,,,,,,,,,,,,,,,Yunnan,Chuanjie,Chuanjie,"102,0976522","24,9627148","1.609,2496120","-68,2557001","75,7616769","4.251,7804117",relativeToGround,,,,,,,,,,,,,,,,,,,,,,,,,,,,,,,,,,,,,,,,,,,,,,,,,,,,,,,,,,,,,,,,,,,,,,,,,,,,,,,,,,,,,,,,,,,,,,,,,Middle Jurassic,Approx. Aalenian-Bajocian,Dinosauria,Saurischia,Eusaurischia,Sauropodomorpha,Plateosauria,Massopoda,Sauropodiformes,Anchisauria,Sauropoda,Gravisauria,Eusauropoda,Mamenchisauridae,,,,,,,,,Large part of skeleton.,"Ren, X.-X., Sekiya, T., Wang, T., Yang, Z.-W., & You, H.-L. (2020). A revision of the referred specimen of Chuanjiesaurus anaensis Fang et al., 2000: a new early branching mamenchisaurid sauropod from the Middle Jurassic of China.","Analong chuanjieensis lived around 160 million years ago during the Late Jurassic in present-day China. It was a medium-sized sauropod with a long neck, robust body, and heavy limbs. Analong was quadrupedal and fed on mid- to high-level vegetation.",Herbivore,Floodplains and open forests,https://drive.google.com/file/d/1TjkBnOS3Cx_jRkFnS_EMh9YZQad-C2QJ/view?usp=drive_link
117,Anhuilong diboensis,valid,"Ren, Huang & You",2018,20 m,10 t,2,Asia,China,China,"91,9775972","41,4934298","1.199,8491739","359,8197205","0,0000000","10.341.207,3546696",relativeToGround,,,,,,,,,,,,,,,,,,,,,,,,,,,,,,,,,,,,,,,,,,,,,,,,,Anhui,Hongqin,Hongqin,"118,6201142","29,9396505","235,9985887","64,5129919","76,7539196","1.500,6978261",relativeToGround,,,,,,,,,,,,,,,,,,,,,,,,,,,,,,,,,,,,,,,,,,,,,,,,,,,,,,,,,,,,,,,,,,,,,,,,,,,,,,,,,,,,,,,,,,,,,,,,,Middle Jurassic,Uncertain,Dinosauria,Saurischia,Eusaurischia,Sauropodomorpha,Plateosauria,Massopoda,Sauropodiformes,Anchisauria,Sauropoda,Gravisauria,Eusauropoda,Mamenchisauridae,,,,,,,,,"Left humerus, ulna and radius.","Ren, X.-X., Huang, J.-D., & You, H.-L. (2018). The second mamenchisaurid dinosaur from the Middle Jurassic of Eastern China.","Anhuilong diboensis lived during the Middle Jurassic in what is now China. It was a large sauropod with a long neck, heavy body, and massive limbs. Anhuilong was quadrupedal and grazed on mid- to high-height vegetation, contributing to the diversity of Jurassic Asian sauropods.",Herbivore,Floodplains and lightly forested areas,https://drive.google.com/file/d/1AMvop02BoShdFbqRj6VEBa67OjHtZ8Ec/view?usp=drive_link
118,Archaeodontosaurus descouensi,valid,Buffetaut,2005,Approx. 5 m,Approx. 450 kg,1,Africa,Madagascar,Madagascar,"45,1741113","-17,2996403","-134,1147808","10,7035160","10,2995497","3.577.746,7483431",relativeToGround,,,,,,,,,,,,,,,,,,,,,,,,,,,,,,,,,,,,,,,,,,,,,,,,,Mahajanga,Isalo IIIb,Isalo IIIb,"46,9975877","-16,6009250","31,0088534","-0,0000004","0,1823229","9.253,9914143",relativeToGround,,,,,,,,,,,,,,,,,,,,,,,,,,,,,,,,,,,,,,,,,,,,,,,,,,,,,,,,,,,,,,,,,,,,,,,,,,,,,,,,,,,,,,,,,,,,,,,,,Middle Jurassic,Bathonian,Dinosauria,Saurischia,Eusaurischia,Sauropodomorpha,Plateosauria,Massopoda,Sauropodiformes,Anchisauria,Sauropoda,,,,,,,,,,,,"Partial dentary, several teeth.",Eric Buffetaut. (2005). A new sauropod dinosaur with prosauropod-like teeth from the Middle Jurassic of Madagascar.,"Archaeodontosaurus descouensi lived during the Middle Jurassic in what is now Madagascar. It was a medium to large sauropod with a long neck, heavy body, and robust limbs. Archaeodontosaurus was quadrupedal and fed on mid- to high-level vegetation.",Herbivore,Floodplains and lightly forested areas,https://drive.google.com/file/d/1amgWAMxgHwk-MrnM-3tKGifoZsEKX-qB/view?usp=drive_link
119,Asfaltovenator vialidadi,valid,Rauhut & Pol,2019,"7,2 m",1 t,"3,5",South America,Argentina,Argentina,"-71,8643507","-34,8680283","1.685,0545519","9,0311496","8,9073784","11.033.475,1150632",relativeToGround,,,,,,,,,,,,,,,,,,,,,,,,,,,,,,,,,,,,,,,,,,,,,,,,,Chubut,Cañadón Asfalto,Cañadón Asfalto,"-69,2001447","-43,4000113","568,6714177","-10,1310553","61,1138793","240,1208796",relativeToGround,,,,,,,,,,,,,,,,,,,,,,,,,,,,,,,,,,,,,,,,,,,,,,,,,,,,,,,,,,,,,,,,,,,,,,,,,,,,,,,,,,,,,,,,,,,,,,,,,Middle Jurassic,Aalenian-Bathonian,Dinosauria,Saurischia,Eusaurischia,Theropoda,Neotheropoda,Averostra,Tetanurae,Orionides,Avetheropoda,Carnosauria,Allosauroidea,,,,,,,,,,Almost complete skull and partial skeleton.,Oliver W. M. Rauhut & Diego Pol (2019). Probable basal allosauroid from the early Middle Jurassic Cañadón Asfalto Formation of Argentina highlights phylogenetic uncertainty in tetanuran theropod dinosaurs.,"Asfaltovenator vialidadi lived around 170 million years ago during the Middle Jurassic in present-day Argentina. It was a large basal allosauroid theropod with a robust skull, powerful jaws, and strong limbs. Asfaltovenator was bipedal and a top predator of its ecosystem.",Carnivore,Floodplains and open forests,https://drive.google.com/file/d/1pAjhO0KhOEFDXoxMihUNBdC0ura4F-u7/view?usp=drive_link
121,Omeisaurus tianfuensis,valid,"He, Li, Cai & Gao",1984,18 m,7 t,4,Asia,China,China,"91,9775972","41,4934298","1.199,8491739","359,8197205","0,0000000","10.341.207,3546696",relativeToGround,,,,,,,,,,,,,,,,,,,,,,,,,,,,,,,,,,,,,,,,,,,,,,,,,Sichuan,Lower Shaximiao,Lower Shaximiao,"104,9831141","28,7912388","432,2577310","38,6686813","68,1783175","1.324,0817377",relativeToGround,,,,,,,,,,,,,,,,,,,,,,,,,,,,,,,,,,,,,,,,,,,,,,,,,,,,,,,,,,,,,,,,,,,,,,,,,,,,,,,,,,,,,,,,,,,,,,,,,Middle Jurassic,Bathonian-Callovian,Dinosauria,Saurischia,Eusaurischia,Sauropodomorpha,Plateosauria,Massopoda,Sauropodiformes,Anchisauria,Sauropoda,Gravisauria,Eusauropoda,Possibly Mamenchisauridae,,,,,,,,,At least ten individuals (include almost complete skeleton with skull).,"X. He, K. Li, K. Cai and Y. Gao. (1984). Omeisaurus tianfuensis—a new species of Omeisaurus from Dashanpu, Zigong, Sichuan.","Omeisaurus tianfuensis lived during the Middle Jurassic in what is now China. It was a large sauropod with a long neck, sturdy limbs, and heavy body. ""Omeisaurus"" tianfuensis was quadrupedal and fed on high vegetation, contributing to the diversity of Chinese Jurassic sauropods.",Herbivore,Floodplains and forested areas,https://drive.google.com/file/d/1B-5OyZIrIiC45AhkKKFlC2eSPSa_daHT/view?usp=drive_link
122,Patagosaurus fariasi,valid,Bonaparte,1979,15 m,9 t,3,South America,Argentina,Argentina,"-71,8643507","-34,8680283","1.685,0545519","9,0311496","8,9073784","11.033.475,1150632",relativeToGround,,,,,,,,,,,,,,,,,,,,,,,,,,,,,,,,,,,,,,,,,,,,,,,,,Chubut,Cañadón Asfalto,Cañadón Asfalto,"-69,2001447","-43,4000113","568,6714177","-10,1310553","61,1138793","240,1208796",relativeToGround,,,,,,,,,,,,,,,,,,,,,,,,,,,,,,,,,,,,,,,,,,,,,,,,,,,,,,,,,,,,,,,,,,,,,,,,,,,,,,,,,,,,,,,,,,,,,,,,,Middle Jurassic,Aalenian-Bathonian,Dinosauria,Saurischia,Eusaurischia,Sauropodomorpha,Plateosauria,Massopoda,Sauropodiformes,Anchisauria,Sauropoda,Gravisauria,Eusauropoda,,,,,,,,,,Over a dozen individuals.,"Bonaparte, J.F. (1986). ""Les dinosaures (Carnosaures, Allosauridés, Sauropodes, Cétosauridés) du Jurassique Moyen de Cerro Cóndor (Chubut, Argentina)"".","Patagosaurus fariasi lived around 170 million years ago during the Middle Jurassic in what is now Argentina. It was a medium to large sauropod with a long neck, robust body, and massive limbs. Patagosaurus was quadrupedal and fed on mid- to high-level vegetation.",Herbivore,Floodplains and lightly forested areas,https://drive.google.com/file/d/1rxvGzIGViHIz8nkcvjSvXBydUWbPP9P2/view?usp=drive_link
123,Piatnitzkysaurus floresi,valid,Bonaparte,1979,"4,7 m",320 kg,"3,5",South America,Argentina,Argentina,"-71,8643507","-34,8680283","1.685,0545519","9,0311496","8,9073784","11.033.475,1150632",relativeToGround,,,,,,,,,,,,,,,,,,,,,,,,,,,,,,,,,,,,,,,,,,,,,,,,,Chubut,Cañadón Asfalto,Cañadón Asfalto,"-69,2001447","-43,4000113","568,6714177","-10,1310553","61,1138793","240,1208796",relativeToGround,,,,,,,,,,,,,,,,,,,,,,,,,,,,,,,,,,,,,,,,,,,,,,,,,,,,,,,,,,,,,,,,,,,,,,,,,,,,,,,,,,,,,,,,,,,,,,,,,Middle Jurassic,Aalenian-Bathonian,Dinosauria,Saurischia,Eusaurischia,Theropoda,Neotheropoda,Averostra,Tetanurae,Orionides,Megalosauroidea,Piatnitzkysauridae,,,,,,,,,,,2 individuals (include large part of skeleton and incomplete skull).,"Bonaparte, (1986). Les Dinosaures (Carnosaures, Allosauridés, Sauropodes, Cétiosauridés) du Jurassique moyen de Cerro Cóndor (Chubut, Argentine).","Piatnitzkysaurus floresi lived during the Middle Jurassic in what is now Argentina. It was a medium-sized theropod with a slender body, long legs, and sharp teeth. Piatnitzkysaurus was bipedal and hunted medium-sized vertebrates in its ecosystem.",Carnivore,Floodplains and open woodlands,https://drive.google.com/file/d/1QfhmyARmChiQ4rL7WoX0coZ_ueH3OreE/view?usp=drive_link
124,Piveteausaurus divesensis,valid,Taquet & Welles,1977,"Approx. 5,5 m",Approx. 420 kg,"1,5",Europe,France,France,"-3,2555052","45,7371162","-454,1603896","-16,6623723","0,7580395","3.564.878,4383762",relativeToGround,,,,,,,,,,,,,,,,,,,,,,,,,,,,,,,,,,,,,,,,,,,,,,,,,Normandy,Marnes de Dives,Marnes de Dives,"-0,0639536","49,3075096","3,7947382","169,3050031","64,7245641","119,1124065",relativeToGround,,,,,,,,,,,,,,,,,,,,,,,,,,,,,,,,,,,,,,,,,,,,,,,,,,,,,,,,,,,,,,,,,,,,,,,,,,,,,,,,,,,,,,,,,,,,,,,,,Middle Jurassic,Late Callovian,Dinosauria,Saurischia,Eusaurischia,Theropoda,Neotheropoda,Averostra,Tetanurae,Orionides,Megalosauroidea,Megalosauridae,Afrovenatorinae,,,,,,,,,,"Frontals, parietals, braincase.","Carrano, Benson & Sampson, (2012). The phylogeny of Tetanurae (Dinosauria: Theropoda).","Piveteausaurus divesensis lived during the Middle Jurassic in what is now France. It was a medium-sized theropod with a robust skull, strong limbs, and sharp teeth. Piveteausaurus was bipedal and one of the top predators of its region.",Carnivore,Floodplains and lightly forested areas,https://drive.google.com/file/d/12cBlXJhwbHjeWKAiwZ9xtFUhpu5sWd7f/view?usp=drive_link
125,Poekilopleuron bucklandii,valid,Eudes-Deslongchamps,1837,"6,8 m",800 kg,"2,5",Europe,France,France,"-3,2555052","45,7371162","-454,1603896","-16,6623723","0,7580395","3.564.878,4383762",relativeToGround,,,,,,,,,,,,,,,,,,,,,,,,,,,,,,,,,,,,,,,,,,,,,,,,,Normandy,Calcaire de Caen,Calcaire de Caen,"0,4000886","49,4000287","97,9220463","-72,3338721","56,1373348","130,5015775",relativeToGround,,,,,,,,,,,,,,,,,,,,,,,,,,,,,,,,,,,,,,,,,,,,,,,,,,,,,,,,,,,,,,,,,,,,,,,,,,,,,,,,,,,,,,,,,,,,,,,,,Middle Jurassic,Middle Bathonian,Dinosauria,Saurischia,Eusaurischia,Theropoda,Neotheropoda,Averostra,Tetanurae,Orionides,Megalosauroidea,Megalosauridae,Possibly Afrovenatorinae,,,,,,,,,,"Partial skeleton (21 caudal vertebrae, limb bones, gastralia, scapula and other fragments)- destroyed.","Carrano, Benson & Sampson, (2012). The phylogeny of Tetanurae (Dinosauria: Theropoda).","Poekilopleuron bucklandii lived during the Middle Jurassic in what is now France. It was a medium to large theropod with a robust skull, sharp teeth, and strong limbs. Poekilopleuron was bipedal and preyed on medium to large vertebrates, one of the early allosauroid predators of Europe.",Carnivore,Floodplains and open forests,https://drive.google.com/file/d/1RXnXfYfC6u0adsDDIIorpOexNgte-E6a/view?usp=drive_link
126,Proceratosaurus bradleyi,valid,von Huene,1926,"2,7 m",95 kg,2,Europe,United Kingdom,United Kingdom,"-5,4282139","55,1022881","45,1485417","-15,6227355","6,3270023","2.554.337,5034103",relativeToGround,,,,,,,,,,,,,,,,,,,,,,,,,,,,,,,,,,,,,,,,,,,,,,,,,England,Great Oolite Group,Great Oolite Group,"-2,2558524","51,7134984","211,0839799","17,1423309","63,2477534","468,3017726",relativeToGround,,,,,,,,,,,,,,,,,,,,,,,,,,,,,,,,,,,,,,,,,,,,,,,,,,,,,,,,,,,,,,,,,,,,,,,,,,,,,,,,,,,,,,,,,,,,,,,,,Middle Jurassic,Bathonian,Dinosauria,Saurischia,Eusaurischia,Theropoda,Neotheropoda,Averostra,Tetanurae,Orionides,Avetheropoda,Coelurosauria,Tyrannoraptora,Tyrannosauroidea,Proceratosauridae,,,,,,,,"Partial skull, mandibles, hyoid and two cervical rib fragments.","RAUHUT, O. W. M., MILNER, A. C., & MOORE-FAY, S. (2010). Cranial osteology and phylogenetic position of the theropod dinosaur Proceratosaurus bradleyi (Woodward, 1910) from the Middle Jurassic of England.","Proceratosaurus bradleyi lived around 165 million years ago during the Middle Jurassic in present-day England. It was a small to medium-sized theropod with a slender body, elongated snout, and sharp teeth. Proceratosaurus was bipedal and likely hunted small vertebrates.",Carnivore,Forested floodplains and open woodlands,https://drive.google.com/file/d/1fzDCsWGPHetG68yVVvk46vCoVr-eP0D-/view?usp=drive_link
127,Sanxiasaurus modaoxiensis,valid,Li et al.,2019,"1,7 m",12 kg,3,Asia,China,China,"91,9775972","41,4934298","1.199,8491739","359,8197205","0,0000000","10.341.207,3546696",relativeToGround,,,,,,,,,,,,,,,,,,,,,,,,,,,,,,,,,,,,,,,,,,,,,,,,,Yunnan,Xintiangou,Xintiangou,"106,3217525","29,8609055","301,2639875","10,2692668","66,6105686","509,6274786",relativeToGround,,,,,,,,,,,,,,,,,,,,,,,,,,,,,,,,,,,,,,,,,,,,,,,,,,,,,,,,,,,,,,,,,,,,,,,,,,,,,,,,,,,,,,,,,,,,,,,,,Middle Jurassic,Aalenian,Dinosauria,Ornithischia,Genasauria,Neornithischia,,,,,,,,,,,,,,,,,"Vertebrae (2 cervical, 11 dorsal, 4 sacral, 18 caudal), humeri, radii, ulnas, partial right ilium and ischium, femora, tibiae, left fibula, 3 metatarsi and 4 phalanges.","Li, N., Dai, H., Tan, C., Hu, X., Wei, Z., Lin, Y., … Peng, G. (2019). A neornithischian dinosaur from the Middle Jurassic Xintiangou Formation of Yunyang, Chongqing, China: the earliest record in Asia.","Sanxiasaurus modaoxiensis lived during the Middle Jurassic in what is now China. It was a medium-sized sauropodomorph with a long neck, slender body, and moderately robust limbs. Sanxiasaurus could walk bipedally or quadrupedally while feeding on vegetation.",Herbivore,Floodplains and lightly forested areas,https://drive.google.com/file/d/1nuJeMX0H6KyBMb5dguP_NK4QZ6NI3eRr/view?usp=drive_link
128,Sarcolestes leedsi,valid,Lydekker,1893,"Approx. 2,1 m",Approx. 70 kg,1,Europe,United Kingdom,United Kingdom,"-5,4282139","55,1022881","45,1485417","-15,6227355","6,3270023","2.554.337,5034103",relativeToGround,,,,,,,,,,,,,,,,,,,,,,,,,,,,,,,,,,,,,,,,,,,,,,,,,England,Oxford Clay,Oxford Clay,"-2,4663409","50,5917623","2,0295856","-10,5756440","63,6081510","118,6122918",relativeToGround,,,,,,,,,,,,,,,,,,,,,,,,,,,,,,,,,,,,,,,,,,,,,,,,,,,,,,,,,,,,,,,,,,,,,,,,,,,,,,,,,,,,,,,,,,,,,,,,,Middle Jurassic,Callovian,Dinosauria,Ornithischia,Genasauria,Thyreophora,Eurypoda,Ankylosauria,Possibly Nodosauridae,,,,,,,,,,,,,,"Partial left mandible, referred dermal scutes (uncertain)","NAISH, D., & MARTILL, D. M. (2008). Dinosaurs of Great Britain and the role of the Geological Society of London in their discovery: Ornithischia.",Sarcolestes leedsi lived during the Middle Jurassic in what is now England. It was a medium-sized armored ornithischian with bony plates along its back. Sarcolestes was quadrupedal and fed on low vegetation.,Herbivore,Floodplains and lightly forested areas,https://drive.google.com/file/d/1s9GBDdWe_HMMLT-oZ5YOsoiqmkjmR0e2/view?usp=drive_link
129,Shidaisaurus jinae,valid,Wu et al.,2009,"7,1 m",950 kg,3,Asia,China,China,"91,9775972","41,4934298","1.199,8491739","359,8197205","0,0000000","10.341.207,3546696",relativeToGround,,,,,,,,,,,,,,,,,,,,,,,,,,,,,,,,,,,,,,,,,,,,,,,,,Yunnan,Chuanjie,Chuanjie,"102,0961200","24,9787348","-0,0000000","0,0000000","0,0000000","200.276,3319903",relativeToGround,,,,,,,,,,,,,,,,,,,,,,,,,,,,,,,,,,,,,,,,,,,,,,,,,,,,,,,,,,,,,,,,,,,,,,,,,,,,,,,,,,,,,,,,,,,,,,,,,Middle Jurassic,Aalenian-Bajocian,Dinosauria,Saurischia,Eusaurischia,Theropoda,Neotheropoda,Averostra,Tetanurae,Orionides,Avetheropoda,Carnosauria,Allosauroidea,Metriacanthosauridae,Metriacanthosaurinae,,,,,,,,"3 teeth, atlantal intercentrum, vertebrae, ilium, pubes and ischium.","Carrano, Benson and Sampson, (2012). The phylogeny of Tetanurae (Dinosauria: Theropoda).","Shidaisaurus jinae was a large theropod dinosaur that lived during the Middle Jurassic period, approximately 165 million years ago, in what is now China. It belonged to the tetanuran theropods, a group that includes many advanced carnivorous dinosaurs. Shidaisaurus had a powerful build, strong hind legs, and sharp claws, indicating it was an active predator. Its skull and teeth were adapted for slicing flesh, and its long tail helped maintain balance while running or hunting. Although it is not as famous as later theropods like Allosaurus, it played an important role as a top predator in its ecosystem.",Carnivore,Open plains and forested environments,https://drive.google.com/file/d/1kGRo8mM6kFdHUE3Tc-qDfmZ3lvOr-NSr/view?usp=drive_link
130,Shunosaurus lii,valid,"Dong, Zhou & Zhang",1983,10 m,"3,5 t",4,Asia,China,China,"91,9775972","41,4934298","1.199,8491739","359,8197205","0,0000000","10.341.207,3546696",relativeToGround,,,,,,,,,,,,,,,,,,,,,,,,,,,,,,,,,,,,,,,,,,,,,,,,,Sichuan,Lower Shaximiao,Lower Shaximiao,"104,9831141","28,7912388","432,2577310","38,6686813","68,1783175","1.324,0817377",relativeToGround,,,,,,,,,,,,,,,,,,,,,,,,,,,,,,,,,,,,,,,,,,,,,,,,,,,,,,,,,,,,,,,,,,,,,,,,,,,,,,,,,,,,,,,,,,,,,,,,,Middle Jurassic,Bathonian-Callovian,Dinosauria,Saurischia,Eusaurischia,Sauropodomorpha,Plateosauria,Massopoda,Sauropodiformes,Anchisauria,Sauropoda,Gravisauria,Eusauropoda,,,,,,,,,,Probably more than 20 individuals.,"Chatterjee, S. & Zheng, Z. (2002). ""Cranial anatomy of Shunosaurus, a basal sauropod dinosaur from the Middle Jurassic of China"". ","Shunosaurus lii lived during the Middle Jurassic in what is now China. It was a medium-sized sauropod with a long neck, sturdy body, and a tail that ended in a club-like structure. Shunosaurus was quadrupedal and fed on mid- to high-level vegetation.",Herbivore,Floodplains and lightly forested areas,https://drive.google.com/file/d/1OcAPUN8QPzu7YMwMTGzZP6wM2o2pn8Uw/view?usp=drive_link
131,Spinophorosaurus nigerensis,valid,Remes et al.,2009,"14,3 m",9 t,4,Africa,Niger,Niger,"8,0139253","19,3154853","2.006,8861861","-7,4368094","4,9390099","4.309.242,5949115",relativeToGround,,,,,,,,,,,,,,,,,,,,,,,,,,,,,,,,,,,,,,,,,,,,,,,,,Agadez,Irhazer Group,Irhazer Group,"7,9000469","16,7000902","441,8909086","3,7599724","63,6903553","398,0064315",relativeToGround,,,,,,,,,,,,,,,,,,,,,,,,,,,,,,,,,,,,,,,,,,,,,,,,,,,,,,,,,,,,,,,,,,,,,,,,,,,,,,,,,,,,,,,,,,,,,,,,,Middle Jurassic,Uncertain,Dinosauria,Saurischia,Eusaurischia,Sauropodomorpha,Plateosauria,Massopoda,Sauropodiformes,Anchisauria,Sauropoda,Gravisauria,Eusauropoda,,,,,,,,,,3 individuals (include almost complete skeleton and skulls).,"Remes, K., Ortega, F., Fierro, I., Joger, U., Kosma, R., Ferrer, J.M.M., Ide, O., Maga, A. (2009). A new basal sauropod dinosaur from the Middle Jurassic of Niger and the early evolution of sauropoda.","Spinophorosaurus nigerensis lived around 170 million years ago during the Middle Jurassic in present-day Niger. It was a large sauropod with a long neck, robust limbs, and a heavily built body. Spinophorosaurus was quadrupedal and fed on high vegetation, one of the earliest well-known African sauropods.",Herbivore,Floodplains and open woodlands,https://drive.google.com/file/d/1UjgoUamH0PL11qN54LT-UwpVduIbrLFd/view?usp=drive_link
132,Volkheimeria chubutensis,valid,Bonaparte,1979,7 m,1 t,3,South America,Argentina,Argentina,"-71,8643507","-34,8680283","1.685,0545519","9,0311496","8,9073784","11.033.475,1150632",relativeToGround,,,,,,,,,,,,,,,,,,,,,,,,,,,,,,,,,,,,,,,,,,,,,,,,,Chubut,Cañadón Asfalto,Cañadón Asfalto,"-69,2001447","-43,4000113","568,6714177","-10,1310553","61,1138793","240,1208796",relativeToGround,,,,,,,,,,,,,,,,,,,,,,,,,,,,,,,,,,,,,,,,,,,,,,,,,,,,,,,,,,,,,,,,,,,,,,,,,,,,,,,,,,,,,,,,,,,,,,,,,Middle Jurassic,Aalenian-Bathonian,Dinosauria,Saurischia,Eusaurischia,Sauropodomorpha,Plateosauria,Massopoda,Sauropodiformes,Anchisauria,Sauropoda,Gravisauria,Eusauropoda,,,,,,,,,,"Vertebrae, pelvis elements, limb bones and other fragments.","Holwerda, F.M., Pol, D. (2018). Phylogenetic analysis of Gondwanan basal eusauropods from the Early-Middle Jurassic of Patagonia, Argentina.","Volkheimeria chubutensis lived during the Middle Jurassic in what is now Argentina. It was a medium to large sauropod with a long neck, robust limbs, and a heavy body. Volkheimeria was quadrupedal and fed on mid- to high-level vegetation.",Herbivore,Floodplains and lightly forested areas,https://drive.google.com/file/d/1Vw5XiSxYo1sTbDLOfZxydA9muDYLTfcX/view?usp=drive_link
133,Wiehenvenator albati,valid,"Rauhut, Hübner & Lanser",2016,"8,3 m","1,6 t",3,Europe,Germany,Germany,"8,2575616","50,4691146","498,7920880","-15,5289244","0,7332085","2.688.036,2326142",relativeToGround,,,,,,,,,,,,,,,,,,,,,,,,,,,,,,,,,,,,,,,,,,,,,,,,,North Rhine-Westphalia,Ornatenton,Ornatenton,"9,1911791","47,5476669","481,1475205","148,5902358","62,8150627","1.249,2349651",relativeToGround,,,,,,,,,,,,,,,,,,,,,,,,,,,,,,,,,,,,,,,,,,,,,,,,,,,,,,,,,,,,,,,,,,,,,,,,,,,,,,,,,,,,,,,,,,,,,,,,,Middle Jurassic,Middle Callovian,Dinosauria,Saurischia,Eusaurischia,Theropoda,Neotheropoda,Averostra,Tetanurae,Orionides,Megalosauroidea,Megalosauridae,Megalosaurinae,,,,,,,,,,Partial skeleton with fragmentary skull.,"Rauhut, O., Hübner, T., Lanser, K. (2016). A new megalosaurid theropod dinosaur from the late Middle Jurassic (Callovian) of north-western Germany: implications for theropod evolution and faunal turnover in the Jurassic.","Wiehenvenator albati lived around 160 million years ago during the Late Jurassic in what is now Germany. It was a large theropod with a robust skull, powerful jaws, and strong limbs. Wiehenvenator was bipedal and a top predator in its ecosystem.",Carnivore,Floodplains and forested areas,https://drive.google.com/file/d/1UWFW2l39ivgS_CLA5dSMiEo67FEBs5z3/view?usp=drive_link
134,Xiaosaurus dashanpensis,valid,Dong & Tang,1983,1 m,"2,5 kg",2,Asia,China,China,"91,9775972","41,4934298","1.199,8491739","359,8197205","0,0000000","10.341.207,3546696",relativeToGround,,,,,,,,,,,,,,,,,,,,,,,,,,,,,,,,,,,,,,,,,,,,,,,,,Sichuan,Lower Shaximiao,Lower Shaximiao,"104,9831141","28,7912388","432,2577310","38,6686813","68,1783175","1.324,0817377",relativeToGround,,,,,,,,,,,,,,,,,,,,,,,,,,,,,,,,,,,,,,,,,,,,,,,,,,,,,,,,,,,,,,,,,,,,,,,,,,,,,,,,,,,,,,,,,,,,,,,,,Middle Jurassic,Bathonian-Callovian,Dinosauria,Ornithischia,Possibly Genasauria,Possibly Neornithischia,,,,,,,,,,,,,,,,,2 fragmentary skeletons with skull fragments.,"Barrett, P. M., Butler, R. J., & Knoll, F. (2005). Small-bodied ornithischian dinosaurs from the Middle Jurassic of Sichuan, China.","Xiaosaurus dashanpensis lived during the Middle Jurassic in what is now China. It was a small ornithischian with a slender body, long legs, and beaked mouth. Xiaosaurus was bipedal and fed on low vegetation, possibly supplemented with small insects.",Herbivore,Floodplains and lightly forested areas,https://drive.google.com/file/d/1YsXsPJ8RjbG0fbcImwDXtvoGYDV6WfxN/view?usp=drive_link
135,Xuanhanosaurus qilixiaensis,valid,Dong,1984,"4,8 m",265 kg,"2,5",Asia,China,China,"91,9775972","41,4934298","1.199,8491739","359,8197205","0,0000000","10.341.207,3546696",relativeToGround,,,,,,,,,,,,,,,,,,,,,,,,,,,,,,,,,,,,,,,,,,,,,,,,,Sichuan,Lower Shaximiao,Lower Shaximiao,"104,9831141","28,7912388","432,2577310","38,6686813","68,1783175","1.324,0817377",relativeToGround,,,,,,,,,,,,,,,,,,,,,,,,,,,,,,,,,,,,,,,,,,,,,,,,,,,,,,,,,,,,,,,,,,,,,,,,,,,,,,,,,,,,,,,,,,,,,,,,,Middle Jurassic,Bathonian-Callovian,Dinosauria,Saurischia,Eusaurischia,Theropoda,Neotheropoda,Averostra,Tetanurae,Orionides,Possibly Avetheropoda,Possibly Carnosauria,Possibly Allosauroidea,Possibly Metriacanthosauridae,,,,,,,,,"Fragmentary skeleton (vertebrae, limb bones, scapula, coracoid and other fragments) without skull.","Carrano, Benson & Sampson, (2012). The phylogeny of Tetanurae (Dinosauria: Theropoda).","Xuanhanosaurus qilixiaensis lived during the Middle Jurassic in what is now China. It was a medium to large theropod with a robust skull, strong limbs, and sharp teeth. Xuanhanosaurus was bipedal and preyed on medium-sized vertebrates in its ecosystem.",Carnivore,Forested floodplains and open woodlands,https://drive.google.com/file/d/1D1PpiNXE7axMwewl9NUolKiQt30Qm3ge/view?usp=drive_link
136,Yandusaurus hongheensis,valid,He,1979,"3,8 m",130 kg,3,Asia,China,China,"91,9775972","41,4934298","1.199,8491739","359,8197205","0,0000000","10.341.207,3546696",relativeToGround,,,,,,,,,,,,,,,,,,,,,,,,,,,,,,,,,,,,,,,,,,,,,,,,,Sichuan,Lower Shaximiao,Lower Shaximiao,"104,9831141","28,7912388","432,2577310","38,6686813","68,1783175","1.324,0817377",relativeToGround,,,,,,,,,,,,,,,,,,,,,,,,,,,,,,,,,,,,,,,,,,,,,,,,,,,,,,,,,,,,,,,,,,,,,,,,,,,,,,,,,,,,,,,,,,,,,,,,,Middle Jurassic,Bathonian-Callovian,Dinosauria,Ornithischia,Genasauria,Neornithischia,,,,,,,,,,,,,,,,,Partial skull and partial skeleton.,"Butler, R. J., Upchurch, P., & Norman, D. B. (2008). The phylogeny of the ornithischian dinosaurs.","Yandusaurus hongheensis lived around 160 million years ago during the Late Jurassic in present-day China. It was a small to medium-sized ornithopod with a slender body, long legs, and beaked mouth. Yandusaurus was bipedal and fed on low-lying vegetation.",Carnivore,Floodplains and lightly forested areas,https://drive.google.com/file/d/13VZ7DUGOcCze1DzSGPsQKB5gF0FgMKr9/view?usp=drive_link
137,Yangchuanosaurus zigongensis,valid,"Carrano, Benson & Sampson",2012,"6,5 m",500 kg,3,Asia,China,China,"91,9775972","41,4934298","1.199,8491739","359,8197205","0,0000000","10.341.207,3546696",relativeToGround,,,,,,,,,,,,,,,,,,,,,,,,,,,,,,,,,,,,,,,,,,,,,,,,,Sichuan,Lower Shaximiao,Lower Shaximiao,"104,9831141","28,7912388","432,2577310","38,6686813","68,1783175","1.324,0817377",relativeToGround,,,,,,,,,,,,,,,,,,,,,,,,,,,,,,,,,,,,,,,,,,,,,,,,,,,,,,,,,,,,,,,,,,,,,,,,,,,,,,,,,,,,,,,,,,,,,,,,,Middle Jurassic,Bathonian-Callovian,Dinosauria,Saurischia,Eusaurischia,Theropoda,Neotheropoda,Averostra,Tetanurae,Orionides,Avetheropoda,Carnosauria,Allosauroidea,Metriacanthosauridae,,,,,,,,,"Partial skeleton, referred maxilla (uncertain), teeth (uncertain), femur (uncertain), tibia (uncertain), fibula (uncertain)","Carrano, Benson & Sampson, (2012). The phylogeny of Tetanurae (Dinosauria: Theropoda).","Yangchuanosaurus zigongensis lived during the Late Jurassic in what is now China. It was a large theropod with a massive skull, powerful jaws, and strong limbs. Yangchuanosaurus was bipedal and one of the top predators of its ecosystem.",Carnivore,Floodplains and open forests,https://drive.google.com/file/d/1tEDVyGo2vTry0_RnFHQmMHJ7HeJeZhX_/view?usp=drive_link
139,Yunnanosaurus youngi,valid,Lü et al.,2007,"10,8 m","3,5 t",3,Asia,China,China,"91,9775972","41,4934298","1.199,8491739","359,8197205","0,0000000","10.341.207,3546696",relativeToGround,,,,,,,,,,,,,,,,,,,,,,,,,,,,,,,,,,,,,,,,,,,,,,,,,Yunnan,Zhanghe,Zhanghe,"100,1161764","38,9166429","1.749,3085279","48,0670679","49,4375359","208,1043405",relativeToGround,,,,,,,,,,,,,,,,,,,,,,,,,,,,,,,,,,,,,,,,,,,,,,,,,,,,,,,,,,,,,,,,,,,,,,,,,,,,,,,,,,,,,,,,,,,,,,,,,Middle Jurassic,Aalenian-Bajocian,Dinosauria,Saurischia,Eusaurischia,Sauropodomorpha,Plateosauria,Massopoda,Sauropodiformes,,,,,,,,,,,,,,Partial skeleton without skull.,"Lu Junchang; Li Tianguang; Zhong Shimin; Azuma Yoichi; Fujita Masato; Dong Zhiming; Ji Qiang (2007) ""New yunnanosaurid dinosaur (Dinosauria, Prosauropoda) from the Middle Jurassic Zhanghe Formation of Yuanmou, Yunnan Province of China"".","Yunnanosaurus youngi lived during the Early Jurassic in what is now China. It was a medium-sized sauropodomorph with a long neck, slender body, and moderately robust limbs. Yunnanosaurus was primarily quadrupedal and fed on low- to mid-level vegetation.",Herbivore,Floodplains and lightly forested areas,https://drive.google.com/file/d/1RM6Cu-DBjbTWiMN4JavCUJMzVWyFO4SN/view?usp=drive_link
140,Yunyangosaurus puanensis,valid,Dai et al.,2020,"5,1 m",350 kg,"2,5",Asia,China,China,"91,9775972","41,4934298","1.199,8491739","359,8197205","0,0000000","10.341.207,3546696",relativeToGround,,,,,,,,,,,,,,,,,,,,,,,,,,,,,,,,,,,,,,,,,,,,,,,,,Chongqing,Xintiangou,Xintiangou,"106,3217525","29,8609055","301,2639875","10,2692668","66,6105686","509,6274786",relativeToGround,,,,,,,,,,,,,,,,,,,,,,,,,,,,,,,,,,,,,,,,,,,,,,,,,,,,,,,,,,,,,,,,,,,,,,,,,,,,,,,,,,,,,,,,,,,,,,,,,Middle Jurassic,Aalenian,Dinosauria,Saurischia,Eusaurischia,Theropoda,Neotheropoda,Averostra,Tetanurae,Orionides,,,,,,,,,,,,,"Vertebrae, ribs and chevrons.","Dai et al. (2020). A new possible megalosauroid theropod from the Middle Jurassic Xintiangou Formation of Chongqing, People’s Republic of China and its implication for early tetanuran evolution.","Yunyangosaurus puanensis was a medium-sized basal sauropodomorph from the Early Jurassic of China. It had a long neck and tail, robust limbs, and a relatively small head with leaf-shaped teeth adapted for browsing a variety of plants. Its body was lightly built compared to later sauropods, suggesting it could move more quickly and may have foraged for low to mid-height vegetation along riverbanks and open plains.",Herbivore,"Open plains, river valleys, lightly forested areas",https://drive.google.com/file/d/1nciLF0rfyZkFwXsWitfMxccGFl9VWl7I/view?usp=drive_link
141,Huangshanlong anhuiensis,valid,"Huang, You, Yang & Ren",2014,17 m,"6,2 t",2,Asia,China,China,"91,9775972","41,4934298","1.199,8491739","359,8197205","0,0000000","10.341.207,3546696",relativeToGround,,,,,,,,,,,,,,,,,,,,,,,,,,,,,,,,,,,,,,,,,,,,,,,,,Anhui,Hongqin,Hongqin,"118,6201142","29,9396505","235,9985887","64,5129919","76,7539196","1.500,6978261",relativeToGround,,,,,,,,,,,,,,,,,,,,,,,,,,,,,,,,,,,,,,,,,,,,,,,,,,,,,,,,,,,,,,,,,,,,,,,,,,,,,,,,,,,,,,,,,,,,,,,,,Middle Jurassic,Uncertain,Dinosauria,Saurischia,Eusaurischia,Sauropodomorpha,Plateosauria,Massopoda,Sauropodiformes,Anchisauria,Sauropoda,Gravisauria,Eusauropoda,Mamenchisauridae,,,,,,,,,"Right humerus, radius and ulna.","Huang, J.-D., You, H.-L., Yang, J.-T., Ren, X.-X. (2014). A new sauropod dinosaur from the Middle Jurassic of Huangshan, Anhui Province.","Huangshanlong anhuiensis was a medium-sized theropod from the Middle Jurassic of China. It had a slender, lightly built body with strong hind limbs, a long tail for balance, and sharp, serrated teeth. Likely an agile predator, it could hunt smaller dinosaurs, lizards, and other vertebrates in forested areas, using speed and agility to ambush prey.",Carnivore,"Forested environments, open plains",https://drive.google.com/file/d/1XpLwqyL_liRDnTgdEOKXRoghPm6tuoRU/view?usp=drive_link
142,Huayangosaurus taibaii,valid,"Dong, Tang & Zhou",1982,"5,1 m",1 t,3,Asia,China,China,"91,9775972","41,4934298","1.199,8491739","359,8197205","0,0000000","10.341.207,3546696",relativeToGround,,,,,,,,,,,,,,,,,,,,,,,,,,,,,,,,,,,,,,,,,,,,,,,,,Sichuan,Lower Shaximiao,Lower Shaximiao,"104,9831141","28,7912388","432,2577310","38,6686813","68,1783175","1.324,0817377",relativeToGround,,,,,,,,,,,,,,,,,,,,,,,,,,,,,,,,,,,,,,,,,,,,,,,,,,,,,,,,,,,,,,,,,,,,,,,,,,,,,,,,,,,,,,,,,,,,,,,,,Middle Jurassic,Bathonian-Callovian,Dinosauria,Ornithischia,Genasauria,Thyreophora,Eurypoda,Stegosauria,Possibly Huayangosauridae,,,,,,,,,,,,,,At least 4 individuals (include partial skeletons and skulls).,"Maidment, S. C. R., Wei, G., & Norman, D. B. (2006). Re-description of the postcranial skeleton of the middle Jurassic stegosaur Huayangosaurus taibaii.","Huayangosaurus taibaii was an early stegosaur from the Middle Jurassic, known for its small but distinct dorsal plates and defensive tail spikes. Compared to later stegosaurs, it had a shorter neck and smaller body, but its plated back suggests a strong defense against predators. It likely fed on low-lying ferns and cycads, moving slowly across semi-arid plains with patches of forest.",Herbivore,"Semi-arid plains, forest edges",https://drive.google.com/file/d/103975L2UAOLXv7UjsiLkShLa0tzhe5X_/view?usp=drive_link
143,Kaijiangosaurus lini,valid,He,1984,Approx. 6 m,Approx. 500 kg,"1,5",Asia,China,China,"91,9775972","41,4934298","1.199,8491739","359,8197205","0,0000000","10.341.207,3546696",relativeToGround,,,,,,,,,,,,,,,,,,,,,,,,,,,,,,,,,,,,,,,,,,,,,,,,,Sichuan,Lower Shaximiao,Lower Shaximiao,"104,9831141","28,7912388","432,2577310","38,6686813","68,1783175","1.324,0817377",relativeToGround,,,,,,,,,,,,,,,,,,,,,,,,,,,,,,,,,,,,,,,,,,,,,,,,,,,,,,,,,,,,,,,,,,,,,,,,,,,,,,,,,,,,,,,,,,,,,,,,,Middle Jurassic,Bathonian-Callovian,Dinosauria,Saurischia,Eusaurischia,Theropoda,Neotheropoda,Averostra,Tetanurae,,,,,,,,,,,,,,At least two individuals (include skull fragments).,Mortimer - Theropod database (online).,"Kaijiangosaurus lini was a large carnivorous theropod from the Middle Jurassic of China. It had a long, narrow skull with sharp, curved teeth and powerful forelimbs. Its overall body was built for active predation, capable of pursuing mid-sized herbivores. Fossil evidence suggests it occupied a top predator niche in forested and open plain ecosystems.",Carnivore,"Forests, open plains",https://drive.google.com/file/d/1wZWuVxBrzEOnKP3r-x0WJwpl2tqgOg5g/view?usp=drive_link
144,Kileskus aristotocus,valid,Averianov et al.,2010,"5,2 m",400 kg,2,Asia,Russia,Russia,"75,2741471","62,4487063","1.623,0555737","-0,8205631","4,1847774","13.550.327,7369762",relativeToGround,,,,,,,,,,,,,,,,,,,,,,,,,,,,,,,,,,,,,,,,,,,,,,,,,Krasnoyarsk,Itat,Itat,"89,5175491","55,6913208","313,8512516","142,7156632","67,3238302","1.935,5759708",relativeToGround,,,,,,,,,,,,,,,,,,,,,,,,,,,,,,,,,,,,,,,,,,,,,,,,,,,,,,,,,,,,,,,,,,,,,,,,,,,,,,,,,,,,,,,,,,,,,,,,,Middle Jurassic,Bathonian,Dinosauria,Saurischia,Eusaurischia,Theropoda,Neotheropoda,Averostra,Tetanurae,Orionides,Avetheropoda,Coelurosauria,Tyrannoraptora,Tyrannosauroidea,Proceratosauridae,,,,,,,,"Skull fragments, few limb bones, referred vertebrae, chevron and fibula.","Averianov, A.O., Osochnikova, A., Skutschas, P., Krasnolutskii, S., Schellhorn, R., Schultz, J.A. & Martin, T. (2019). ""New data on the tyrannosauroid dinosaur Kileskus from the Middle Jurassic of Siberia, Russia."".","Kileskus aristotocus was a small, basal tyrannosauroid theropod from the Middle Jurassic, lightly built with long limbs and a slender skull. It is considered an early relative of later tyrannosaurs, likely feeding on small vertebrates, insects, and possibly carrion. Agile and fast, it may have hunted in small groups or alone in forested habitats.",Carnivore/Insectivore,Forested areas,https://drive.google.com/file/d/1mCAJLI__ISyvMqHhgjictEGSDYJXAXfD/view?usp=drive_link
145,Kulindadromeus zabaikalicus,valid,Godefroit et al.,2014,"1,15 m (approx. 1,5 m)",4 kg (approx. 8 kg),2,Asia,Russia,Russia,"75,2741471","62,4487063","1.623,0555737","-0,8205631","4,1847774","13.550.327,7369762",relativeToGround,,,,,,,,,,,,,,,,,,,,,,,,,,,,,,,,,,,,,,,,,,,,,,,,,Zabaykalsky Krai,Ukurey,Ukurey,"116,7761007","52,5000943","589,9519705","50,9674238","74,2382219","988,0043219",relativeToGround,,,,,,,,,,,,,,,,,,,,,,,,,,,,,,,,,,,,,,,,,,,,,,,,,,,,,,,,,,,,,,,,,,,,,,,,,,,,,,,,,,,,,,,,,,,,,,,,,Middle Jurassic,Bathonian,Dinosauria,Ornithischia,Genasauria,Neornithischia,,,,,,,,,,,,,,,,,At least six skulls and hundreds of disarticulated skeletons.,Godefroit et al. (2014). A Jurassic ornithischian dinosaur from Siberia with both feathers and scales.,"Kulindadromeus zabaikalicus was a small feathered ornithischian from Siberia, with a combination of scales and filamentous feathers covering its body. Bipedal and agile, it had specialized leaf-shaped teeth for browsing plants, and its feathers suggest possible thermoregulation or display functions.",Herbivore,"Temperate forests, open woodland",https://drive.google.com/file/d/17LRKslpmuboUO_29GyVxsFiXRvo-fkQ8/view?usp=drive_link
146,Lapparentosaurus madagascariensis,valid,Bonaparte,1986,Approx. 7 m,"Approx. 1,2 t",1,Africa,Madagascar,Madagascar,"45,1741113","-17,2996403","-134,1147808","10,7035160","10,2995497","3.577.746,7483431",relativeToGround,,,,,,,,,,,,,,,,,,,,,,,,,,,,,,,,,,,,,,,,,,,,,,,,,Mahajanga,Isalo III,Isalo III,"46,9975877","-16,6009250","31,0088534","-0,0000004","0,1823229","9.253,9914143",relativeToGround,,,,,,,,,,,,,,,,,,,,,,,,,,,,,,,,,,,,,,,,,,,,,,,,,,,,,,,,,,,,,,,,,,,,,,,,,,,,,,,,,,,,,,,,,,,,,,,,,Middle Jurassic,Bathonian,Dinosauria,Saurischia,Eusaurischia,Sauropodomorpha,Plateosauria,Massopoda,Sauropodiformes,Anchisauria,Sauropoda,Gravisauria,Eusauropoda,,,,,,,,,,At least five individuals (juvenile).,"MANNION, P. D. (2010). A revision of the sauropod dinosaur genus “Bothriospondylus” with a redescription of the type material of the Middle Jurassic form “B. madagascariensis.","Lapparentosaurus madagascariensis was a large sauropod from Madagascar, characterized by its extremely long neck, massive limbs, and elongated tail. It likely fed on high vegetation, such as conifers and cycads, and moved in small herds to provide protection from predators. Its robust skeleton suggests it could support a huge body while foraging on floodplains.",Herbivore,"Floodplains, riverbanks, lightly forested areas",https://drive.google.com/file/d/1tOOIgX2pXvBYumNyOVwnnNJFLTOBMSI5/view?usp=drive_link
147,Leshansaurus qianweiensis,valid,"Li, Peng, Ye, Jiang & Huang",2009,"5,4 m",390 kg,3,Asia,China,China,"91,9775972","41,4934298","1.199,8491739","359,8197205","0,0000000","10.341.207,3546696",relativeToGround,,,,,,,,,,,,,,,,,,,,,,,,,,,,,,,,,,,,,,,,,,,,,,,,,Sichuan,Lower Shaximiao,Lower Shaximiao,"104,9831141","28,7912388","432,2577310","38,6686813","68,1783175","1.324,0817377",relativeToGround,,,,,,,,,,,,,,,,,,,,,,,,,,,,,,,,,,,,,,,,,,,,,,,,,,,,,,,,,,,,,,,,,,,,,,,,,,,,,,,,,,,,,,,,,,,,,,,,,Middle Jurassic,Bathonian-Callovian,Dinosauria,Saurischia,Eusaurischia,Theropoda,Neotheropoda,Averostra,Tetanurae,Orionides,Megalosauroidea,Megalosauridae,Afrovenatorinae,,,,,,,,,,Partial skeleton with incomplete skull. Referred femur (juvenile).,"Li, Peng, Ye, Jiang and Huang, (2009). A new carnosaur from the Late Jurassic of Qianwei, Sichuan, China.","Leshansaurus qianweiensis was a large, carnivorous theropod from the Middle Jurassic of China. With a robust skull, large serrated teeth, and strong legs, it was likely a top predator preying on medium- to large-sized herbivorous dinosaurs. Its presence suggests a complex predator-prey ecosystem with forested and open habitats.",Carnivore,"Forested areas, open plains",https://drive.google.com/file/d/1Vkc0Uq23CGxeZgW1rrZNVqae7_DXdjtJ/view?usp=drive_link
148,Loricatosaurus priscus,valid,Maidment et al.,2008,6 m,"1,4 t",3,Europe,United Kingdom,United Kingdom,"-5,4282139","55,1022881","45,1485417","-15,6227355","6,3270023","2.554.337,5034103",relativeToGround,,,,,,,,,,,,,,,,,,,,,,,,,,,,,,,,,,,,,,,,,,,,,,,,,England,Oxford Clay,Oxford Clay,"-2,4663409","50,5917623","2,0295856","-10,5756440","63,6081510","118,6122918",relativeToGround,,,,,,,,,,,,,,,,,,,,,,,,,,,,,,,,,,,,,,,,,,,,,,,,,,,,,,,,,,,,,,,,,,,,,,,,,,,,,,,,,,,,,,,,,,,,,,,,,Middle Jurassic,Callovian,Dinosauria,Ornithischia,Genasauria,Thyreophora,Eurypoda,Stegosauria,Stegosauridae,,,,,,,,,,,,,,Two partial skeletons.,"Maidment, S.C.R., Norman, D.B., Barrett, P.M., & Upchurch, P. (2008) ""Systematics and phylogeny of Stegosauria (Dinosauria: Ornithischia)"".","Loricatosaurus priscus was a medium to large stegosaur from the Late Jurassic of Europe, with strong dorsal plates and spiked tail for defense. It had a moderately long neck and sturdy limbs for supporting its body while browsing on ferns, cycads, and low shrubs. Its armor helped protect it from theropod predators.",Herbivore,"Open plains, light forests",https://drive.google.com/file/d/1bITjaNZfqib3rrCvXWgiSkF-DpGD0h7b/view?usp=drive_link
149,Magnosaurus nethercombensis,valid,von Huene,1932,"4,5 m",220 kg,"2,5",Europe,United Kingdom,United Kingdom,"-5,4282139","55,1022881","45,1485417","-15,6227355","6,3270023","2.554.337,5034103",relativeToGround,,,,,,,,,,,,,,,,,,,,,,,,,,,,,,,,,,,,,,,,,,,,,,,,,England,Inferior Oolite Group,Inferior Oolite Group,"-2,3142560","51,5733475","163,0462258","62,7806068","62,5999647","463,9389604",relativeToGround,,,,,,,,,,,,,,,,,,,,,,,,,,,,,,,,,,,,,,,,,,,,,,,,,,,,,,,,,,,,,,,,,,,,,,,,,,,,,,,,,,,,,,,,,,,,,,,,,Middle Jurassic,Bajocian,Dinosauria,Saurischia,Eusaurischia,Theropoda,Neotheropoda,Averostra,Tetanurae,Orionides,Megalosauroidea,Megalosauridae,Afrovenatorinae,,,,,,,,,,"Partial skeleton (dentaries, impressions of ribs, hind limb bones and other fragments).","Benson, R. B. J. (2010). The osteology of Magnosaurus nethercombensis (Dinosauria, Theropoda) from the Bajocian (Middle Jurassic) of the United Kingdom and a re-examination of the oldest records of tetanurans.","Magnosaurus nethercombensis was a medium-sized theropod from the Middle Jurassic of Europe. It had long, slender limbs, a lightly built body, and sharp serrated teeth. It likely hunted small to medium herbivorous dinosaurs and possibly scavenged larger carcasses.",Carnivore,"Forested environments, open plains",https://drive.google.com/file/d/1fOgVPPaGdMn64ogWIXQd9vQC-IEA-m9A/view?usp=drive_link
150,Manidens condorensis,valid,"Pol, Rauhut & Becerra",2011,"0,75 m","0,5 kg",3,South America,Argentina,Argentina,"-71,8643507","-34,8680283","1.685,0545519","9,0311496","8,9073784","11.033.475,1150632",relativeToGround,,,,,,,,,,,,,,,,,,,,,,,,,,,,,,,,,,,,,,,,,,,,,,,,,Chubut,Cañadón Asfalto,Cañadón Asfalto,"-69,2001447","-43,4000113","568,6714177","-10,1310553","61,1138793","240,1208796",relativeToGround,,,,,,,,,,,,,,,,,,,,,,,,,,,,,,,,,,,,,,,,,,,,,,,,,,,,,,,,,,,,,,,,,,,,,,,,,,,,,,,,,,,,,,,,,,,,,,,,,Middle Jurassic,Aalenian-Bathonian,Dinosauria,Ornithischia,Heterodontosauridae,Heterodontosaurinae,,,,,,,,,,,,,,,,,Partial disarticulated skull and skeleton. Referred isolated teeth.,"Sereno, P. (2012). ""Taxonomy, morphology, masticatory function and phylogeny of heterodontosaurid dinosaurs"".","Manidens condorensis was a small basal ornithischian from the Late Jurassic of Argentina. It was bipedal with a small skull, specialized teeth for grinding plants, and agile limbs for escaping predators. Likely lived in small groups and fed on low-growing vegetation such as ferns and cycads.",Herbivore,"Forested areas, plains",https://drive.google.com/file/d/1X17LZsaMeJk73Xob7oA1eNwTXLNKcBRL/view?usp=drive_link
151,Megalosaurus bucklandii,valid,Mantell,1827,"9,8 m","2,4 t","3,5",Europe,United Kingdom,United Kingdom,"-5,4282139","55,1022881","45,1485417","-15,6227355","6,3270023","2.554.337,5034103",relativeToGround,,,,,,,,,,,,,,,,,,,,,,,,,,,,,,,,,,,,,,,,,,,,,,,,,England,"Taynton Limestone, Chipping Norton Limestone, Sharp's Hill, Great Oolite Group",Taynton Limestone,"-1,3192657","51,6816275","63,2444889","2,6849418","70,1718397","919,7990440",relativeToGround, Chipping Norton Limestone,"-1,5968165","52,0001838","106,8174171","74,9193813","67,7733907","700,0439269",relativeToGround,Sharp's Hill,"-1,4636020","51,8133972","114,8819156","5,1717962","52,3168110","264,1269159",relativeToGround,Great Oolite Group,"-2,2558524","51,7134984","211,0839799","17,1423309","63,2477534","468,3017726",relativeToGround,,,,,,,,,,,,,,,,,,,,,,,,,,,,,,,,,,,,,,,,,,,,,,,,,,,,,,,,,,,,,,,,,,,,,,,,,Middle Jurassic,Bathonian,Dinosauria,Saurischia,Eusaurischia,Theropoda,Neotheropoda,Averostra,Tetanurae,Orionides,Megalosauroidea,Megalosauridae,Megalosaurinae,,,,,,,,,,Many individuals.,"BENSON, R. B. J. (2010). A description of Megalosaurus bucklandii (Dinosauria: Theropoda) from the Bathonian of the UK and the relationships of Middle Jurassic theropods.
Mortimer - Theropod database (online).","Megalosaurus bucklandii was a large, early-described theropod from the Middle Jurassic of England. It had a robust skull, serrated teeth, strong hind limbs, and likely preyed on medium to large herbivorous dinosaurs. Its fossils indicate it was one of the apex predators of its time.",Carnivore,"Forests, river valleys, open plains",https://drive.google.com/file/d/1Bi4Lai_08mdE6tiXhzy1dugCZynt2R1u/view?usp=drive_link
152,Alcovasaurus longispinus,valid,Galton & Carpenter,2016,"6,1 m","1,5 t","2,5",North America,USA,USA,"-106,1951385","39,4392637","-12.595,5345205","0,8682536","3,1287964","8.466.423,6667228",relativeToGround,,,,,,,,,,,,,,,,,,,,,,,,,,,,,,,,,,,,,,,,,,,,,,,,,Wyoming,Morrison,Morrison,"-105,1876571","39,6510154","1.825,9928621","118,1724389","62,1412671","869,6715520",relativeToGround,,,,,,,,,,,,,,,,,,,,,,,,,,,,,,,,,,,,,,,,,,,,,,,,,,,,,,,,,,,,,,,,,,,,,,,,,,,,,,,,,,,,,,,,,,,,,,,,,Late Jurassic,Kimmeridgian-Tithonian,Dinosauria,Ornithischia,Genasauria,Thyreophora,Eurypoda,Stegosauria,Stegosauridae,Dacentrurinae,,,,,,,,,,,,,"Forty two vertebrae, sacrum, three anterior caudal centra, parts of both ilia and ischia, left pubis, right femur and dermal caudal spines. Referred large spike (uncertain)",Francisco Costa & OctÃvio Mateus (2019) Dacentrurine stegosaurs (Dinosauria): A new specimen of Miragaia longicollum from the Late Jurassic of Portugal resolves taxonomical validity and shows the occurrence of the clade in North America.,"Alcovasaurus longispinus was a stegosaur with unusually long shoulder spines and a moderately armored back. Its body was built for slow movement while browsing on ferns and cycads, and the elongated spines may have been used for defense or display.",Herbivore,"Plains, lightly forested areas",https://drive.google.com/file/d/1UjQZ1IXnJDTTGJ9yZevdwbHDposmpsjI/view?usp=drive_link
153,Allosaurus europaeus,valid,Mateus et al.,2006,8 m,"1,3 t","2,5",Europe,Portugal,Portugal,"-7,8635499","40,0398978","360,1228934","-0,7522419","1,0719295","1.429.243,6607033",relativeToGround,,,,,,,,,,,,,,,,,,,,,,,,,,,,,,,,,,,,,,,,,,,,,,,,,Estremadura,Lourinhã,Lourinhã,"-9,3200557","39,2301271","39,0042741","31,2212889","62,4266781","252,6089470",relativeToGround,,,,,,,,,,,,,,,,,,,,,,,,,,,,,,,,,,,,,,,,,,,,,,,,,,,,,,,,,,,,,,,,,,,,,,,,,,,,,,,,,,,,,,,,,,,,,,,,,Late Jurassic,Kimmeridgian-Tithonian,Dinosauria,Saurischia,Eusaurischia,Theropoda,Neotheropoda,Averostra,Tetanurae,Orionides,Avetheropoda,Carnosauria,Allosauroidea,Allosauria,Allosauridae,,,,,,,,"Posterior skull, sclerotic ring, posterior mandible, fourth to sixth cervical vertebrae, fourth to sixth cervical ribs.","Mateus, Octávio; Walen, Aart; Antunes, Miguel Telles (2006). ""The large theropod fauna of the Lourinha Formation (Portugal) and its similarity to that of the Morrison Formation, with a description of a new species of Allosaurus"".","Allosaurus europaeus was a large theropod from the Late Jurassic of Europe. Similar to North American Allosaurus, it had powerful jaws, serrated teeth, strong forelimbs, and was likely an apex predator feeding on large sauropods and ornithischians.",Carnivore,"Forested areas, open plains",https://drive.google.com/file/d/1eTSQL9E98sM264KAk5AND0xlbuhMJvVk/view?usp=drive_link
154,Allosaurus fragilis,valid,Marsh,1877,"10,4 m","2,9 t",4,North America,USA,USA,"-106,1951385","39,4392637","-12.595,5345205","0,8682536","3,1287964","8.466.423,6667228",relativeToGround,,,,,,,,,,,,,,,,,,,,,,,,,,,,,,,,,,,,,,,,,,,,,,,,,"Colorado, Montana, New Mexico, Oklahoma, South Dakota, Utah, Wyoming",Morrison,Morrison,"-105,1876571","39,6510154","1.825,9928621","118,1724389","62,1412671","869,6715520",relativeToGround,,,,,,,,,,,,,,,,,,,,,,,,,,,,,,,,,,,,,,,,,,,,,,,,,,,,,,,,,,,,,,,,,,,,,,,,,,,,,,,,,,,,,,,,,,,,,,,,,Late Jurassic,Kimmeridgian-Tithonian,Dinosauria,Saurischia,Eusaurischia,Theropoda,Neotheropoda,Averostra,Tetanurae,Orionides,Avetheropoda,Carnosauria,Allosauroidea,Allosauria,Allosauridae,,,,,,,,Many skeletons also with skulls (juvenile and adult).,"Madsen, J.H.Jr. (1993) [1976]. Allosaurus fragilis: A Revised Osteology.
Paul, G.S. (1988). ""Genus Allosaurus"". Predatory Dinosaurs of the World.
Glut, Donald F. (1997). ""Allosaurus"". Dinosaurs: The Encyclopedia.","Allosaurus fragilis was one of the most famous Jurassic predators, with a large skull, sharp serrated teeth, strong arms, and muscular hind limbs. It could hunt large herbivorous dinosaurs either alone or possibly in packs, and occupied diverse habitats from plains to forests.",Carnivore,"Open plains, lightly forested areas",https://drive.google.com/file/d/1ASq7BH9E6a8Rejv5tTPyrdf_R6P9xK1v/view?usp=drive_link
155,Allosaurus jimmadseni,valid,Chure & Loewen,2020,"7,6 m","1,2 t",4,North America,USA,USA,"-106,1951385","39,4392637","-12.595,5345205","0,8682536","3,1287964","8.466.423,6667228",relativeToGround,,,,,,,,,,,,,,,,,,,,,,,,,,,,,,,,,,,,,,,,,,,,,,,,,"Utah, Wyoming, Colorado, South Dakota",Morrison,Morrison,"-105,1876571","39,6510154","1.825,9928621","118,1724389","62,1412671","869,6715520",relativeToGround,,,,,,,,,,,,,,,,,,,,,,,,,,,,,,,,,,,,,,,,,,,,,,,,,,,,,,,,,,,,,,,,,,,,,,,,,,,,,,,,,,,,,,,,,,,,,,,,,Late Jurassic,Late Kimmeridgian,Dinosauria,Saurischia,Eusaurischia,Theropoda,Neotheropoda,Averostra,Tetanurae,Orionides,Avetheropoda,Carnosauria,Allosauroidea,Allosauria,Allosauridae,,,,,,,,At least several individuals (include almost complete skeletons and skulls).,"Chure, (2000). A new species of Allosaurus from the Morrison Formation of Dinosaur National Monument (Utah-Colorado) and a revision of the theropod family Allosauridae.
Chure DJ, Loewen MA. (2020). Cranial anatomy of Allosaurus jimmadseni, a new species from the lower part of the Morrison Formation (Upper Jurassic) of Western North America.","Allosaurus jimmadseni was a large theropod closely related to Allosaurus fragilis. It had a robust skull, serrated teeth, and strong forelimbs adapted for grasping prey. Likely one of the top predators of its ecosystem, it could hunt large herbivorous dinosaurs and may have scavenged as well. Evidence suggests it could have lived and hunted in small groups, using intelligence and speed to tackle prey.",Carnivore,"Forested areas, open plains",https://drive.google.com/file/d/1PcYMKphcwqcvuaQhWC2HcLWloszmNERw/view?usp=drive_link
156,Amanzia greppini,valid,Schwarz et al.,2020,10 m,"2,5 t",3,Europe,Switzerland,Switzerland,"7,3931595","47,6180926","370,7375750","-13,9492891","15,3616773","930.825,5388477",relativeToGround,,,,,,,,,,,,,,,,,,,,,,,,,,,,,,,,,,,,,,,,,,,,,,,,,Solothurn,Reuchenette,Reuchenette,"7,2398976","47,1660000","770,0114912","2,6327696","29,2702324","4.993,1283504",relativeToGround,,,,,,,,,,,,,,,,,,,,,,,,,,,,,,,,,,,,,,,,,,,,,,,,,,,,,,,,,,,,,,,,,,,,,,,,,,,,,,,,,,,,,,,,,,,,,,,,,Late Jurassic,Early Kimmeridgian,Dinosauria,Saurischia,Eusaurischia,Sauropodomorpha,Plateosauria,Massopoda,Sauropodiformes,Anchisauria,Sauropoda,Gravisauria,Eusauropoda,,,,,,,,,,At least four individuals.,"Schwarz et al. (2020). Re-description of the sauropod dinosaur Amanzia (“Ornithopsis/Cetiosauriscus”) greppini n. gen. and other vertebrate remains from the Kimmeridgian (Late Jurassic) Reuchenette Formation of Moutier, Switzerland.","Amanzia greppini was a mid-sized sauropod with a long neck and massive body, living during the Late Jurassic in Europe. Its limbs were strong and columnar, supporting its heavy weight, and it likely browsed on conifers and other high vegetation. Its size offered protection from most predators, although juveniles were probably vulnerable.",Herbivore,"Floodplains, river valleys, light forests",https://drive.google.com/file/d/1jvpxSFY3-KeY3G7ywJNwnf48A87xN6wJ/view?usp=drive_link
158,Anchiornis huxleyi,valid,Xu X. et al.,2009,"0,62 m","1,1 kg",4,Asia,China,China,"91,9775972","41,4934298","1.199,8491739","359,8197205","0,0000000","10.341.207,3546696",relativeToGround,,,,,,,,,,,,,,,,,,,,,,,,,,,,,,,,,,,,,,,,,,,,,,,,,Liaoning,Tiaojishan,Tiaojishan,"119,2008286","41,3002057","489,7783103","89,9728255","36,2806901","596,7742324",relativeToGround,,,,,,,,,,,,,,,,,,,,,,,,,,,,,,,,,,,,,,,,,,,,,,,,,,,,,,,,,,,,,,,,,,,,,,,,,,,,,,,,,,,,,,,,,,,,,,,,,Late Jurassic,Oxfordian,Dinosauria,Saurischia,Eusaurischia,Theropoda,Neotheropoda,Averostra,Tetanurae,Orionides,Avetheropoda,Coelurosauria,Tyrannoraptora,Maniraptoriformes,Maniraptora,Pennaraptora,Paraves,Anchiornithidae,,,,,At least more than 200 specimens.,"Xu, X; Zhao, Q.; Norell, M.; Sullivan, C.; Hone, D.; Erickson, G.; Wang, X.; Han, F. & Guo, Y. (2009). ""A new feathered maniraptoran dinosaur fossil that fills a morphological gap in avian origin"".","Anchiornis huxleyi was a tiny feathered theropod from the Late Jurassic of China. It had wings on both its arms and legs, a feathered tail, and a small, delicate skull. Likely used feathers for display, thermoregulation, or primitive gliding. It preyed on insects and small vertebrates and may have lived in dense forests.",Carnivore/Insectivore,Forested environments,https://drive.google.com/file/d/1bPWxYWXq63Fwge2FgpU_1JJWn5GMI8iH/view?usp=drive_link
159,Aorun zhaoi,valid,Choiniere et al.,2013,"1,1 m","1,5 kg",3,Asia,China,China,"91,9775972","41,4934298","1.199,8491739","359,8197205","0,0000000","10.341.207,3546696",relativeToGround,,,,,,,,,,,,,,,,,,,,,,,,,,,,,,,,,,,,,,,,,,,,,,,,,Xinjiang,Shishugou,Shishugou,"90,2007279","44,5004541","639,2544773","10,6884708","61,4586154","801,1121203",relativeToGround,,,,,,,,,,,,,,,,,,,,,,,,,,,,,,,,,,,,,,,,,,,,,,,,,,,,,,,,,,,,,,,,,,,,,,,,,,,,,,,,,,,,,,,,,,,,,,,,,Late Jurassic,Oxfordian,Dinosauria,Saurischia,Eusaurischia,Theropoda,Neotheropoda,Averostra,Tetanurae,Orionides,Avetheropoda,Coelurosauria,Possibly Tyrannoraptora,Possibly Maniraptoriformes,Possibly Maniraptora,,,,,,,,Partial skeleton with skull.,"Choiniere, Clark, Forster, Norell, Eberth, Erickson, Chu & Xu. (2014). A juvenile specimen of a new coelurosaur (Dinosauria: Theropoda) from the Middle–Late Jurassic Shishugou Formation of Xinjiang, People’s Republic of China.","Aorun zhaoi was a small, fast-running theropod from the Late Jurassic of China. It had a lightly built body, long hind limbs, and sharp teeth for catching small vertebrates. Its agility and speed made it an effective predator of lizards, early mammals, and small dinosaurs.",Carnivore,"Forested areas, open woodland",https://drive.google.com/file/d/1-enwPc0n_jtg9liTXVkjnHwN2D2t1dak/view?usp=drive_link
160,Apatosaurus ajax,valid,Marsh,1877,"22,7 m","19,5 t",3,North America,USA,USA,"-106,1951385","39,4392637","-12.595,5345205","0,8682536","3,1287964","8.466.423,6667228",relativeToGround,,,,,,,,,,,,,,,,,,,,,,,,,,,,,,,,,,,,,,,,,,,,,,,,,Colorado,Morrison,Morrison,"-105,1876571","39,6510154","1.825,9928621","118,1724389","62,1412671","869,6715520",relativeToGround,,,,,,,,,,,,,,,,,,,,,,,,,,,,,,,,,,,,,,,,,,,,,,,,,,,,,,,,,,,,,,,,,,,,,,,,,,,,,,,,,,,,,,,,,,,,,,,,,Late Jurassic,Late Kimmeridgian-Early Tithonian,Dinosauria,Saurischia,Eusaurischia,Sauropodomorpha,Plateosauria,Massopoda,Sauropodiformes,Anchisauria,Sauropoda,Gravisauria,Eusauropoda,Neosauropoda,Diplodocoidea,Diplodocimorpha,Flagellicaudata,Diplodocidae,Apatosaurinae,,,,At least one partial skeleton with fragmentary skull. Referred other specimens (uncertain),"Tschopp, E., Mateus, O. & Benson, R.B.J. (2015) ""A specimen-level phylogenetic analysis and taxonomic revision of Diplodocidae (Dinosauria, Sauropoda)"".","Apatosaurus ajax was a giant sauropod with an extremely long neck and tail, heavy body, and column-like limbs. It fed on tall trees and shrubs, using its neck to reach high vegetation, and possibly for intraspecific display or combat. It moved slowly but could cover long distances in search of food.",Herbivore,"Floodplains, river valleys, lightly forested areas",https://drive.google.com/file/d/1Ow0pFpi-GGlNTV6NtZi9caasnxgtayi6/view?usp=drive_link
161,Apatosaurus louisae,valid,Holland,1915,"22,3 m",22 t,4,North America,USA,USA,"-106,1951385","39,4392637","-12.595,5345205","0,8682536","3,1287964","8.466.423,6667228",relativeToGround,,,,,,,,,,,,,,,,,,,,,,,,,,,,,,,,,,,,,,,,,,,,,,,,,"Utah, Colorado",Morrison,Morrison,"-105,1876571","39,6510154","1.825,9928621","118,1724389","62,1412671","869,6715520",relativeToGround,,,,,,,,,,,,,,,,,,,,,,,,,,,,,,,,,,,,,,,,,,,,,,,,,,,,,,,,,,,,,,,,,,,,,,,,,,,,,,,,,,,,,,,,,,,,,,,,,Late Jurassic,Late Kimmeridgian-Early Tithonian,Dinosauria,Saurischia,Eusaurischia,Sauropodomorpha,Plateosauria,Massopoda,Sauropodiformes,Anchisauria,Sauropoda,Gravisauria,Eusauropoda,Neosauropoda,Diplodocoidea,Diplodocimorpha,Flagellicaudata,Diplodocidae,Apatosaurinae,,,,At least four specimens (one almost complete skeleton).,"Tschopp, E., Mateus, O. & Benson, R.B.J. (2015) ""A specimen-level phylogenetic analysis and taxonomic revision of Diplodocidae (Dinosauria, Sauropoda)"".","Apatosaurus louisae was one of the largest sauropods of the Late Jurassic. With a long neck, massive tail, and enormous body, it browsed on high vegetation, likely feeding on conifers, ferns, and cycads. Its robust body suggests it lived in herds for protection against predators like Allosaurus.",Herbivore,"Floodplains, river valleys",https://drive.google.com/file/d/1yPQ5ZRvIoyP95OuDBa1qT9Jy1-hlhYGE/view?usp=drive_link
162,Brachiosaurus altithorax,valid,Riggs,1903,26 m,48 t,3,North America,USA,USA,"-106,1951385","39,4392637","-12.595,5345205","0,8682536","3,1287964","8.466.423,6667228",relativeToGround,,,,,,,,,,,,,,,,,,,,,,,,,,,,,,,,,,,,,,,,,,,,,,,,,"Colorado, Utah, Oklahoma,
Wyoming",Morrison,Morrison,"-105,1876571","39,6510154","1.825,9928621","118,1724389","62,1412671","869,6715520",relativeToGround,,,,,,,,,,,,,,,,,,,,,,,,,,,,,,,,,,,,,,,,,,,,,,,,,,,,,,,,,,,,,,,,,,,,,,,,,,,,,,,,,,,,,,,,,,,,,,,,,Late Jurassic,Kimmeridgian-Tithonian,Dinosauria,Saurischia,Eusaurischia,Sauropodomorpha,Plateosauria,Massopoda,Sauropodiformes,Anchisauria,Sauropoda,Gravisauria,Eusauropoda,Neosauropoda,Macronaria,Titanosauriformes,Brachiosauridae,,,,,,"Partial skeleton, referred other specimens also skull material.","Taylor, M.P. (2009) ""A re-evaluation of Brachiosaurus altithorax Riggs 1903 (Dinosauria, Sauropoda) and its generic separation from Giraffatitan brancai (Janensch 1914)"" .
Mannion, P.D., Upchurch, P., Barnes, R.N. & Mateus, O. (2013) ""Osteology of the Late Jurassic Portuguese sauropod dinosaur Lusotitan atalaiensis (Macronaria) and the evolutionary history of basal titanosauriforms"".","Brachiosaurus altithorax was a colossal sauropod with extremely long forelimbs, giving it a giraffe-like posture. Its long neck allowed it to reach tall trees, feeding on high vegetation inaccessible to other herbivores. Fossils indicate it had a large body cavity for processing huge amounts of plant material.",Herbivore,"Floodplains, open forests",https://drive.google.com/file/d/1xFj5Fi1G7QYpmG6MOo8hz8VUJdkfAE6_/view?usp=drive_link
163,Brachytrachelopan mesai,valid,Rauhut et al.,2005,11 m,4-5 t,"2,5",South America,Argentina,Argentina,"-71,8643507","-34,8680283","1.685,0545519","9,0311496","8,9073784","11.033.475,1150632",relativeToGround,,,,,,,,,,,,,,,,,,,,,,,,,,,,,,,,,,,,,,,,,,,,,,,,,Chubut,Cañadón Calcáreo,Cañadón Calcáreo,"-69,1005036","-43,1997224","747,1506727","-33,5615757","80,7380905","652,1496429",relativeToGround,,,,,,,,,,,,,,,,,,,,,,,,,,,,,,,,,,,,,,,,,,,,,,,,,,,,,,,,,,,,,,,,,,,,,,,,,,,,,,,,,,,,,,,,,,,,,,,,,Late Jurassic,Tithonian,Dinosauria,Saurischia,Eusaurischia,Sauropodomorpha,Plateosauria,Massopoda,Sauropodiformes,Anchisauria,Sauropoda,Gravisauria,Eusauropoda,Neosauropoda,Diplodocoidea,Diplodocimorpha,Flagellicaudata,Dicraeosauridae,,,,,"Partial skeleton (vertebrae, ribs, right ilium, and other fragments).","Rauhut O.W.M., Remes K., Fechner R., Cladera G., Puerta P. (2005) ""Discovery of a short-necked sauropod dinosaur from the Late Jurassic period of Patagonia"".","Brachytrachelopan mesai was a relatively short-necked sauropod, unlike most sauropods. Its neck was adapted for low browsing, feeding on ferns and shrubs. It had strong, compact limbs and likely lived in small herds or family groups to avoid predation.",Herbivore,"Semi-arid plains, open woodlands",https://drive.google.com/file/d/1bOZN4tQJIl73rlCdPPptbs1p2sPesfNW/view?usp=drive_link
164,Brontosaurus excelsus,valid,Marsh,1879,"20,5 m","17,5 t","3,5",North America,USA,USA,"-106,1951385","39,4392637","-12.595,5345205","0,8682536","3,1287964","8.466.423,6667228",relativeToGround,,,,,,,,,,,,,,,,,,,,,,,,,,,,,,,,,,,,,,,,,,,,,,,,,Wyoming,Morrison,Morrison,"-105,1876571","39,6510154","1.825,9928621","118,1724389","62,1412671","869,6715520",relativeToGround,,,,,,,,,,,,,,,,,,,,,,,,,,,,,,,,,,,,,,,,,,,,,,,,,,,,,,,,,,,,,,,,,,,,,,,,,,,,,,,,,,,,,,,,,,,,,,,,,Late Jurassic,Late Kimmeridgian,Dinosauria,Saurischia,Eusaurischia,Sauropodomorpha,Plateosauria,Massopoda,Sauropodiformes,Anchisauria,Sauropoda,Gravisauria,Eusauropoda,Neosauropoda,Diplodocoidea,Diplodocimorpha,Flagellicaudata,Diplodocidae,Apatosaurinae,,,,"Majority of skeleton, referred partial skeleton.","Tschopp, E., Mateus, O. & Benson, R.B.J. (2015) ""A specimen-level phylogenetic analysis and taxonomic revision of Diplodocidae (Dinosauria, Sauropoda)"".","Brontosaurus excelsus was a massive long-necked sauropod with a whip-like tail and pillar-like limbs. It could browse a wide range of vegetation, from low shrubs to tall trees. Fossil evidence suggests it may have moved in herds and communicated using low-frequency sounds to coordinate group movement.",Herbivore,"River valleys, floodplains, forest edges",https://drive.google.com/file/d/1kmvF0ZejYULGbPh4zxuiqZ462ztpHK2P/view?usp=drive_link
165,Brontosaurus parvus,valid,"Tschopp, Mateus & Benson",2015,"18,7 m","16,5 t","3,5",North America,USA,USA,"-106,1951385","39,4392637","-12.595,5345205","0,8682536","3,1287964","8.466.423,6667228",relativeToGround,,,,,,,,,,,,,,,,,,,,,,,,,,,,,,,,,,,,,,,,,,,,,,,,,"Wyoming, Utah",Morrison,Morrison,"-105,1876571","39,6510154","1.825,9928621","118,1724389","62,1412671","869,6715520",relativeToGround,,,,,,,,,,,,,,,,,,,,,,,,,,,,,,,,,,,,,,,,,,,,,,,,,,,,,,,,,,,,,,,,,,,,,,,,,,,,,,,,,,,,,,,,,,,,,,,,,Late Jurassic,Late Kimmeridgian,Dinosauria,Saurischia,Eusaurischia,Sauropodomorpha,Plateosauria,Massopoda,Sauropodiformes,Anchisauria,Sauropoda,Gravisauria,Eusauropoda,Neosauropoda,Diplodocoidea,Diplodocimorpha,Flagellicaudata,Diplodocidae,Apatosaurinae,,,,Two partial skeletons and probably one almost complete skeleton.,"Tschopp, E., Mateus, O. & Benson, R.B.J. (2015) ""A specimen-level phylogenetic analysis and taxonomic revision of Diplodocidae (Dinosauria, Sauropoda)"".","Brontosaurus parvus was a medium-sized species of Brontosaurus with a similar body plan to other members of the genus. It had a long neck and tail for feeding and defense, and its body was robust, suggesting slow but steady movement across plains in search of food.",Herbivore,"Floodplains, open woodlands",https://drive.google.com/file/d/12YrY5MBA9C1BRiZLl9WoZdgiuR3EjEmJ/view?usp=drive_link
166,Brontosaurus yahnahpin,valid,"Tschopp, Mateus & Benson",2015,18 m,15 t,3,North America,USA,USA,"-106,1951385","39,4392637","-12.595,5345205","0,8682536","3,1287964","8.466.423,6667228",relativeToGround,,,,,,,,,,,,,,,,,,,,,,,,,,,,,,,,,,,,,,,,,,,,,,,,,Wyoming,Morrison,Morrison,"-105,1876571","39,6510154","1.825,9928621","118,1724389","62,1412671","869,6715520",relativeToGround,,,,,,,,,,,,,,,,,,,,,,,,,,,,,,,,,,,,,,,,,,,,,,,,,,,,,,,,,,,,,,,,,,,,,,,,,,,,,,,,,,,,,,,,,,,,,,,,,Late Jurassic,Kimmeridgian,Dinosauria,Saurischia,Eusaurischia,Sauropodomorpha,Plateosauria,Massopoda,Sauropodiformes,Anchisauria,Sauropoda,Gravisauria,Eusauropoda,Neosauropoda,Diplodocoidea,Diplodocimorpha,Flagellicaudata,Diplodocidae,Apatosaurinae,,,,Partial skeleton.,"Tschopp, E., Mateus, O. & Benson, R.B.J. (2015) ""A specimen-level phylogenetic analysis and taxonomic revision of Diplodocidae (Dinosauria, Sauropoda)"".","Brontosaurus yahnahpin was a Late Jurassic sauropod adapted for high browsing. Its long neck allowed it to reach tree canopies, while its massive tail could be used as a defensive weapon. Likely traveled in herds, providing safety in numbers.",Herbivore,"Forested floodplains, river valleys",https://drive.google.com/file/d/1H1Uzz54LjeqKQmA-1SRdiR1gMLWEQ0RD/view?usp=drive_link
167,Caihong juji,valid,Hu et al.,2018,"0,4 m","0,475 kg",4,Asia,China,China,"91,9775972","41,4934298","1.199,8491739","359,8197205","0,0000000","10.341.207,3546696",relativeToGround,,,,,,,,,,,,,,,,,,,,,,,,,,,,,,,,,,,,,,,,,,,,,,,,,Liaoning,Tiaojishan,Tiaojishan,"119,2001201","41,2997973","489,7783103","89,9728255","36,2806901","596,7742324",relativeToGround,,,,,,,,,,,,,,,,,,,,,,,,,,,,,,,,,,,,,,,,,,,,,,,,,,,,,,,,,,,,,,,,,,,,,,,,,,,,,,,,,,,,,,,,,,,,,,,,,Late Jurassic,Oxfordian,Dinosauria,Saurischia,Eusaurischia,Theropoda,Neotheropoda,Averostra,Tetanurae,Orionides,Avetheropoda,Coelurosauria,Tyrannoraptora,Maniraptoriformes,Maniraptora,Pennaraptora,Paraves,Anchiornithidae,,,,,Nearly complete skeleton with skull.,"Hu, Clarke, Eliason, Qiu, Li, Shawkey, Zhao, D’Alba, Jiang &  Xu (2018). ""A bony-crested Jurassic dinosaur with evidence of iridescent plumage highlights complexity in early paravian evolution"".","Caihong juji was a small, feathered theropod from the Late Jurassic of China. Its feathers were iridescent, likely used for display or mating rituals. It had a small skull with sharp teeth and long legs for running. It likely preyed on insects and small vertebrates, possibly supplementing its diet with plant matter.",Carnivore/Insectivore,Forested areas,https://drive.google.com/file/d/1PmpCOpmnLnsXKaz9wxcB9kRzPb35dHAn/view?usp=drive_link
168,Camarasaurus grandis,valid,Marsh,1877,14 m,10 t,4,North America,USA,USA,"-106,1951385","39,4392637","-12.595,5345205","0,8682536","3,1287964","8.466.423,6667228",relativeToGround,,,,,,,,,,,,,,,,,,,,,,,,,,,,,,,,,,,,,,,,,,,,,,,,,"Wyoming, Colorado, New Mexico",Morrison,Morrison,"-105,1876571","39,6510154","1.825,9928621","118,1724389","62,1412671","869,6715520",relativeToGround,,,,,,,,,,,,,,,,,,,,,,,,,,,,,,,,,,,,,,,,,,,,,,,,,,,,,,,,,,,,,,,,,,,,,,,,,,,,,,,,,,,,,,,,,,,,,,,,,Late Jurassic,Late Kimmeridgian,Dinosauria,Saurischia,Eusaurischia,Sauropodomorpha,Plateosauria,Massopoda,Sauropodiformes,Anchisauria,Sauropoda,Gravisauria,Eusauropoda,Neosauropoda,Macronaria,Camarasauridae,,,,,,,At least several individuals also with skulls (include almost complete skeleton).,"Ikejiri, T. (2005) ""Distribution and biochronology of Camarasaurus (dinosauria, sauropoda) from the jurassic morrison Formation of the rocky mountain region"".","Camarasaurus grandis was a large, robust sauropod with a strong skull, broad teeth, and massive body. It fed on tough vegetation, such as cycads and conifers, and likely moved in herds. Its neck was moderately long, allowing it to browse a wide range of heights, and its skeletal structure supported heavy loads.",Herbivore,"Floodplains, open forests",https://drive.google.com/file/d/1YBiqOJTuNffz5OrTDQuli-ButSl8LdaS/view?usp=drive_link
169,Camarasaurus lentus,valid,Marsh,1889,"15,5 m","13,5 t",4,North America,USA,USA,"-106,1951385","39,4392637","-12.595,5345205","0,8682536","3,1287964","8.466.423,6667228",relativeToGround,,,,,,,,,,,,,,,,,,,,,,,,,,,,,,,,,,,,,,,,,,,,,,,,,"Wyoming, Utah",Morrison,Morrison,"-105,1876571","39,6510154","1.825,9928621","118,1724389","62,1412671","869,6715520",relativeToGround,,,,,,,,,,,,,,,,,,,,,,,,,,,,,,,,,,,,,,,,,,,,,,,,,,,,,,,,,,,,,,,,,,,,,,,,,,,,,,,,,,,,,,,,,,,,,,,,,Late Jurassic,Late Kimmeridgian,Dinosauria,Saurischia,Eusaurischia,Sauropodomorpha,Plateosauria,Massopoda,Sauropodiformes,Anchisauria,Sauropoda,Gravisauria,Eusauropoda,Neosauropoda,Macronaria,Camarasauridae,,,,,,,At least several individuals also with skulls (include almost complete juvenile skeleton).,"Ikejiri, T. (2005) ""Distribution and biochronology of Camarasaurus (dinosauria, sauropoda) from the jurassic morrison Formation of the rocky mountain region"".","Camarasaurus lentus was a medium to large sauropod, one of the most common herbivores of the Late Jurassic. With a robust build and spoon-shaped teeth, it could process large amounts of vegetation. Fossil evidence suggests it may have lived in herds to protect against predators like Allosaurus.",Herbivore,"River valleys, floodplains, lightly forested areas",https://drive.google.com/file/d/1uwecPcdLOiIfuCq55CpE5n6VUNiWEQqp/view?usp=drive_link
170,Camarasaurus supremus,valid,Cope,1877,17 m,"17,5 t",3,North America,USA,USA,"-106,1951385","39,4392637","-12.595,5345205","0,8682536","3,1287964","8.466.423,6667228",relativeToGround,,,,,,,,,,,,,,,,,,,,,,,,,,,,,,,,,,,,,,,,,,,,,,,,,"Colorado, Oklahoma",Morrison,Morrison,"-105,1876571","39,6510154","1.825,9928621","118,1724389","62,1412671","869,6715520",relativeToGround,,,,,,,,,,,,,,,,,,,,,,,,,,,,,,,,,,,,,,,,,,,,,,,,,,,,,,,,,,,,,,,,,,,,,,,,,,,,,,,,,,,,,,,,,,,,,,,,,Late Jurassic,Late Kimmeridgian-Tithonian,Dinosauria,Saurischia,Eusaurischia,Sauropodomorpha,Plateosauria,Massopoda,Sauropodiformes,Anchisauria,Sauropoda,Gravisauria,Eusauropoda,Neosauropoda,Macronaria,Camarasauridae,,,,,,,Several individuals.,"Ikejiri, T. (2005) ""Distribution and biochronology of Camarasaurus (dinosauria, sauropoda) from the jurassic morrison Formation of the rocky mountain region"".","Camarasaurus supremus was one of the largest species of Camarasaurus, a massive Late Jurassic sauropod. It had a long neck, strong limbs, and a large, box-shaped skull with robust teeth adapted for stripping leaves and branches. Its enormous body likely made it safe from most predators, though juveniles may have been vulnerable. It probably traveled in herds to forage and provide protection.",Herbivore,"Floodplains, open woodlands, river valleys",https://drive.google.com/file/d/1KlHKQ7eAyR7c-mxAs0iTdYTBshfhVHEt/view?usp=drive_link
172,Camptosaurus dispar,valid,Marsh,1885,"7,3 m","1,6 t",4,North America,USA,USA,"-106,1951385","39,4392637","-12.595,5345205","0,8682536","3,1287964","8.466.423,6667228",relativeToGround,,,,,,,,,,,,,,,,,,,,,,,,,,,,,,,,,,,,,,,,,,,,,,,,,"Wyoming, Utah, Colorado",Morrison,Morrison,"-105,1876571","39,6510154","1.825,9928621","118,1724389","62,1412671","869,6715520",relativeToGround,,,,,,,,,,,,,,,,,,,,,,,,,,,,,,,,,,,,,,,,,,,,,,,,,,,,,,,,,,,,,,,,,,,,,,,,,,,,,,,,,,,,,,,,,,,,,,,,,Late Jurassic,Kimmeridgian-Middle Tithonian,Dinosauria,Ornithischia,Genasauria,Neornithischia,Cerapoda,Ornithopoda,Iguanodontia,Ankylopollexia,Camptosauridae,,,,,,,,,,,,Many individuals (include skulls and almost complete skeleton).,"MCDONALD, A. T. (2011). The taxonomy of species assigned to Camptosaurus (Dinosauria: Ornithopoda).","Camptosaurus dispar was a common Late Jurassic ornithopod with the ability to walk bipedally or quadrupedally. It had a small head, leaf-shaped teeth, and strong limbs for running or supporting its body while browsing. Fossil evidence suggests it fed on low to mid-height vegetation and may have lived in social groups.",Herbivore,"Floodplains, forest edges, open plains",https://drive.google.com/file/d/1Fq4-ok9INWWUNRMFn4i7EKnhw2W53DqU/view?usp=drive_link
173,Camptosaurus prestwichii,valid,Lydekker,1889,4 m,250 kg,3,Europe,United Kingdom,United Kingdom,"-5,4282139","55,1022881","45,1485417","-15,6227355","6,3270023","2.554.337,5034103",relativeToGround,,,,,,,,,,,,,,,,,,,,,,,,,,,,,,,,,,,,,,,,,,,,,,,,,England,Kimmeridge Clay,Kimmeridge Clay,"-2,0727963","50,5943621","57,9839074","38,0896881","51,2693747","1.559,5691139",relativeToGround,,,,,,,,,,,,,,,,,,,,,,,,,,,,,,,,,,,,,,,,,,,,,,,,,,,,,,,,,,,,,,,,,,,,,,,,,,,,,,,,,,,,,,,,,,,,,,,,,Late Jurassic,Kimmeridgian,Dinosauria,Ornithischia,Genasauria,Neornithischia,Cerapoda,Ornithopoda,Iguanodontia,Ankylopollexia,Possibly Camptosauridae,,,,,,,,,,,,Partial skull and postcranium.,"Carpenter, K., & Lamanna, M. C. (2015). The Braincase Assigned to the Ornithopod Dinosaur Uteodon McDonald, 2011, Reassigned to Dryosaurus Marsh, 1894: Implications for Iguanodontian Morphology and Taxonomy.","Camptosaurus prestwichii was a lightly built ornithopod with a small skull and teeth adapted for shredding plants. Agile and fast, it could escape predators while foraging in diverse environments. Its limbs allowed both bipedal running and quadrupedal browsing.",Herbivore,"Open plains, lightly forested areas",https://drive.google.com/file/d/1-ASK1Vs4_Q09SxWhtbY3msngaGRVG1oX/view?usp=drive_link
174,Cathetosaurus lewisi,valid,Jensen,1988,"13,2 m","8,3 t",3,North America,USA,USA,"-106,1951385","39,4392637","-12.595,5345205","0,8682536","3,1287964","8.466.423,6667228",relativeToGround,,,,,,,,,,,,,,,,,,,,,,,,,,,,,,,,,,,,,,,,,,,,,,,,,Colorado,Morrison,Morrison,"-105,1876571","39,6510154","1.825,9928621","118,1724389","62,1412671","869,6715520",relativeToGround,,,,,,,,,,,,,,,,,,,,,,,,,,,,,,,,,,,,,,,,,,,,,,,,,,,,,,,,,,,,,,,,,,,,,,,,,,,,,,,,,,,,,,,,,,,,,,,,,Late Jurassic,Late Kimmeridgian-Tithonian,Dinosauria,Saurischia,Eusaurischia,Sauropodomorpha,Plateosauria,Massopoda,Sauropodiformes,Anchisauria,Sauropoda,Gravisauria,Eusauropoda,Neosauropoda,Macronaria,Camarasauridae,,,,,,,A large part of skeleton.,"Mateus, O., & Tschopp E. (2013). Cathetosaurus as a valid sauropod genus and comparisons with Camarasaurus.","Cathetosaurus lewisi was a sauropod related to Diplodocus, with a long neck and tail, robust limbs, and a relatively light skull. It could feed at multiple heights, browsing on ferns, cycads, and conifers. Likely lived in small herds to protect juveniles from predators.",Herbivore,"Floodplains, river valleys, forested areas",https://drive.google.com/file/d/15KRUz29A0k4Vi17pamgYVqPYvfzotu-w/view?usp=drive_link
175,Ceratosaurus dentisulcatus,valid,Madsen & Welles,2000,"6,8 m",1 t,3,North America,USA,USA,"-106,1951385","39,4392637","-12.595,5345205","0,8682536","3,1287964","8.466.423,6667228",relativeToGround,,,,,,,,,,,,,,,,,,,,,,,,,,,,,,,,,,,,,,,,,,,,,,,,,Utah,Morrison,Morrison,"-105,1876571","39,6510154","1.825,9928621","118,1724389","62,1412671","869,6715520",relativeToGround,,,,,,,,,,,,,,,,,,,,,,,,,,,,,,,,,,,,,,,,,,,,,,,,,,,,,,,,,,,,,,,,,,,,,,,,,,,,,,,,,,,,,,,,,,,,,,,,,Late Jurassic,Middle Tithonian,Dinosauria,Saurischia,Eusaurischia,Theropoda,Neotheropoda,Averostra,Ceratosauria,Neoceratosauria,Ceratosauridae,,,,,,,,,,,,A large part of skeleton with incomplete skull.,"Madsen, J.H.; Welles, S.P. (2000). Ceratosaurus (Dinosauria, Theropoda): A Revised Osteology.","Ceratosaurus dentisulcatus was a medium to large theropod with a prominent nasal horn, blade-like teeth, and muscular hind limbs. It was a versatile predator, hunting medium-sized dinosaurs and possibly scavenging larger carcasses. Its sharp claws and powerful bite made it a formidable hunter.",Carnivore,"Semi-arid plains, forested floodplains",https://drive.google.com/file/d/17552fzzk2b5bdOzRncNnSbIVO2y1r2cw/view?usp=drive_link
176,Ceratosaurus magnicornis,valid,Madsen & Welles,2000,"5,6 m",580 kg,"3,5",North America,USA,USA,"-106,1951385","39,4392637","-12.595,5345205","0,8682536","3,1287964","8.466.423,6667228",relativeToGround,,,,,,,,,,,,,,,,,,,,,,,,,,,,,,,,,,,,,,,,,,,,,,,,,Utah,Morrison,Morrison,"-105,1876571","39,6510154","1.825,9928621","118,1724389","62,1412671","869,6715520",relativeToGround,,,,,,,,,,,,,,,,,,,,,,,,,,,,,,,,,,,,,,,,,,,,,,,,,,,,,,,,,,,,,,,,,,,,,,,,,,,,,,,,,,,,,,,,,,,,,,,,,Late Jurassic,Middle Tithonian,Dinosauria,Saurischia,Eusaurischia,Theropoda,Neotheropoda,Averostra,Ceratosauria,Neoceratosauria,Ceratosauridae,,,,,,,,,,,,Majority of skeleton with incomplete skull.,"Madsen, J.H.; Welles, S.P. (2000). Ceratosaurus (Dinosauria, Theropoda): A Revised Osteology.","Ceratosaurus magnicornis was a large theropod with distinctive cranial ornamentation, serrated teeth, and strong legs for pursuit. Likely an apex predator in its ecosystem, it hunted large herbivorous dinosaurs and may have engaged in opportunistic scavenging.",Carnivore,"Forested areas, floodplains, open plains",https://drive.google.com/file/d/1vcX2ePdIMxIMx2TkrOtMVob9tuEv3Psp/view?usp=drive_link
177,Ceratosaurus nasicornis,valid,Marsh,1884,"6,9 m",1 t,"3,5",North America,USA,USA,"-106,1951385","39,4392637","-12.595,5345205","0,8682536","3,1287964","8.466.423,6667228",relativeToGround,,,,,,,,,,,,,,,,,,,,,,,,,,,,,,,,,,,,,,,,,,,,,,,,,"Colorado, Utah",Morrison,Morrison,"-105,1876571","39,6510154","1.825,9928621","118,1724389","62,1412671","869,6715520",relativeToGround,,,,,,,,,,,,,,,,,,,,,,,,,,,,,,,,,,,,,,,,,,,,,,,,,,,,,,,,,,,,,,,,,,,,,,,,,,,,,,,,,,,,,,,,,,,,,,,,,Late Jurassic,Early Tithonian,Dinosauria,Saurischia,Eusaurischia,Theropoda,Neotheropoda,Averostra,Ceratosauria,Neoceratosauria,Ceratosauridae,,,,,,,,,,,,"Almost complete skull and partial skeleton, referred several (uncertain) other individuals.","Carrano, M. T., & Sampson, S. D. (2008). The Phylogeny of Ceratosauria (Dinosauria: Theropoda).","Ceratosaurus nasicornis was a medium-sized carnivorous theropod with a single nasal horn, robust jaws, and muscular limbs. It hunted mid-sized dinosaurs and small vertebrates, and its speed and agility made it an effective ambush predator.",Carnivore,"Forests, open plains, river valleys",https://drive.google.com/file/d/1TVelsHpkYyh5mkzyT30Y3tI5PJjLbnPG/view?usp=drive_link
178,Chilesaurus diegosuarezi,valid,Novas et al.,2015,"3,2 m",100 kg,3,South America,Chile,Chile,"-71,5430000","-35,6751000",0,0,0,"4.500.000,0000000",relativeToGround,,,,,,,,,,,,,,,,,,,,,,,,,,,,,,,,,,,,,,,,,,,,,,,,,Aysén,Toqui,Toqui,"-72,4336141","-46,5794796","947,0888392","2,4938898","52,0233948","11.722,4732393",relativeToGround,,,,,,,,,,,,,,,,,,,,,,,,,,,,,,,,,,,,,,,,,,,,,,,,,,,,,,,,,,,,,,,,,,,,,,,,,,,,,,,,,,,,,,,,,,,,,,,,,Late Jurassic,Tithonian,Dinosauria,Possibly Saurischia,Possibly Eusaurischia,Possibly Theropoda,Possibly Neotheropoda,Possibly Averostra,Possibly Tetanurae,,,,,,,,,,,,,,Several (or at least 13 (uncertain)) partial skeletons (also with skull fragments).,"Novas, F.E., Salgado, L., Suárez, M., Agnolín, F.L., Ezcurra, M.D., Chimento, N.R., de la Cruz, R., Isasi, M.P., Vargas, A.O., Rubilar-Rogers, D. (2015). An enigmatic plant-eating theropod from the Late Jurassic period of Chile.","Chilesaurus diegosuarezi was a highly unusual herbivorous theropod from the Late Jurassic of Chile. It combined traits of theropods and ornithischians, had a beak-like snout, leaf-shaped teeth, and bipedal posture. Likely fed on ferns, cycads, and other low plants, living in semi-open habitats.",Herbivore,"Forested plains, floodplains",https://drive.google.com/file/d/1-p6n7kzxQSdfXXIE2Ju9MwUJbi9BMUfr/view?usp=drive_link
179,Chungkingosaurus jiangbeiensis,valid,"Dong, Zhou & Zhang",1983,"3,7 m",400 kg,3,Asia,China,China,"91,9775972","41,4934298","1.199,8491739","359,8197205","0,0000000","10.341.207,3546696",relativeToGround,,,,,,,,,,,,,,,,,,,,,,,,,,,,,,,,,,,,,,,,,,,,,,,,,Sichuan,Upper Shaximiao,Upper Shaximiao,"105,9001911","29,2000439","286,3654640","13,7253128","63,5509297","284,3746118",relativeToGround,,,,,,,,,,,,,,,,,,,,,,,,,,,,,,,,,,,,,,,,,,,,,,,,,,,,,,,,,,,,,,,,,,,,,,,,,,,,,,,,,,,,,,,,,,,,,,,,,Late Jurassic,Oxfordian,Dinosauria,Ornithischia,Genasauria,Thyreophora,Eurypoda,Stegosauria,Possibly Huayangosauridae,,,,,,,,,,,,,,Incomplete skeleton with skull fragments. Referred other individuals (uncertain),"MAIDMENT, S. C. R., & WEI, G. (2006). A review of the Late Jurassic stegosaurs (Dinosauria, Stegosauria) from the People’s Republic of China.","Chungkingosaurus jiangbeiensis was a small stegosaur with rows of plates and tail spikes. Its short neck and small head indicate it fed on low vegetation. Defensive tail spikes helped protect it from predators, while its medium body size allowed it to navigate forested areas.",Herbivore,"Forested plains, lightly wooded areas",https://drive.google.com/file/d/1hy-Xg-qyIyf7vgZlYUSRrp8zXjiMwGjy/view?usp=drive_link
180,Coelurus fragilis,valid,Marsh,1879,"2,5 m",17 kg,2,North America,USA,USA,"-106,1951385","39,4392637","-12.595,5345205","0,8682536","3,1287964","8.466.423,6667228",relativeToGround,,,,,,,,,,,,,,,,,,,,,,,,,,,,,,,,,,,,,,,,,,,,,,,,,"Utah, Wyoming",Morrison,Morrison,"-105,1876571","39,6510154","1.825,9928621","118,1724389","62,1412671","869,6715520",relativeToGround,,,,,,,,,,,,,,,,,,,,,,,,,,,,,,,,,,,,,,,,,,,,,,,,,,,,,,,,,,,,,,,,,,,,,,,,,,,,,,,,,,,,,,,,,,,,,,,,,Late Jurassic,Late Kimmeridgian-Tithonian,Dinosauria,Saurischia,Eusaurischia,Theropoda,Neotheropoda,Averostra,Tetanurae,Orionides,Avetheropoda,Coelurosauria,Possibly Tyrannoraptora,Possibly Tyrannosauroidea,,,,,,,,,Several fragmentary skeletons.,"Carpenter, Miles, Ostrom and Cloward, (2005). Redescription of the small maniraptoran theropods Ornitholestes and Coelurus from the Upper Jurassic Morrison Formation of Wyoming.","Coelurus fragilis was a small, lightly built theropod with long limbs, a long tail for balance, and a small skull with sharp teeth. Agile and fast, it likely hunted small vertebrates and insects in open forests or plains.",Carnivore/Insectivore,"Forest edges, open plains",https://drive.google.com/file/d/1OVmiVlie2Xob2wv5vCV1b7bnywIh2-5Z/view?usp=drive_link
181,Compsognathus longipes,valid,Wagner,1859,"1,5 m","2,3 kg",4,Europe,Germany and France,Germany,"8,2575616","50,4691146","498,7920880","-15,5289244","0,7332085","2.688.036,2326142",relativeToGround,France,"-3,2555052","45,7371162","-454,1603896","-16,6623723","0,7580395","3.564.878,4383762",relativeToGround,,,,,,,,,,,,,,,,,,,,,,,,,,,,,,,,,,,,,,,,,"Bavaria, Provence-Alpes-Côte d'Azur",Solnhofen,Solnhofen,"11,0000181","48,9010457","475,5238347","-78,6765688","60,8457283","355,2541906",relativeToGround,,,,,,,,,,,,,,,,,,,,,,,,,,,,,,,,,,,,,,,,,,,,,,,,,,,,,,,,,,,,,,,,,,,,,,,,,,,,,,,,,,,,,,,,,,,,,,,,,Late Jurassic,Early Tithonian,Dinosauria,Saurischia,Eusaurischia,Theropoda,Neotheropoda,Averostra,Tetanurae,Orionides,Avetheropoda,Coelurosauria,Tyrannoraptora,Compsognathidae,,,,,,,,,Two almost complete skeletons with skull.,"Peyer, (2003). A complete redescription of the French Compsognathus with special consideration of the anatomy of the hand.
Mortimer - Theropod database (online).","Compsognathus longipes was a tiny, agile theropod from the Late Jurassic of Europe. It had long legs, a slender tail, and sharp teeth, feeding mainly on insects, lizards, and small vertebrates. Its small size allowed it to move quickly through dense vegetation.",Carnivore/Insectivore,"Coastal plains, forested areas",https://drive.google.com/file/d/1bYnJIkxTFy3Ut97Cy15_PDNNpp0kfRvx/view?usp=drive_link
182,Daanosaurus zhangi,valid,"Ye, Gao & Jiang",2005,Approx. 4 m,Approx. 300 kg,"1,5",Asia,China,China,"91,9775972","41,4934298","1.199,8491739","359,8197205","0,0000000","10.341.207,3546696",relativeToGround,,,,,,,,,,,,,,,,,,,,,,,,,,,,,,,,,,,,,,,,,,,,,,,,,Sichuan,Upper Shaximiao,Upper Shaximiao,"105,9001525","29,1998554","285,5152422","0,0000000","0,0000000","727,0652067",relativeToGround,,,,,,,,,,,,,,,,,,,,,,,,,,,,,,,,,,,,,,,,,,,,,,,,,,,,,,,,,,,,,,,,,,,,,,,,,,,,,,,,,,,,,,,,,,,,,,,,,Late Jurassic,Oxfordian,Dinosauria,Saurischia,Eusaurischia,Sauropodomorpha,Plateosauria,Massopoda,Sauropodiformes,Anchisauria,Sauropoda,Gravisauria,Eusauropoda,Possibly Neosauropoda,Possibly Macronaria,,,,,,,,"Skull fragments, teeth, axis, cervical and dorsal vertebrae, chevrons and femur.","Ye, Y., Gao, Y.-H. & Jiang, S. (2005) ""A new genus of sauropod from Zigong, Sichuan"".","Daanosaurus zhangi was a small sauropod from the Early Jurassic of China. With a long neck, slender body, and column-like limbs, it browsed low to mid-height vegetation. Likely lived in small herds for protection, feeding on ferns, cycads, and conifers.",Herbivore,"Floodplains, river valleys",https://drive.google.com/file/d/1AG8R2MsDElmn3yqein_FRLpgpYggdOGz/view?usp=drive_link
183,Diplodocus carnegii,valid,Hatcher,1901,26 m,12 t,4,North America,USA,USA,"-106,1951385","39,4392637","-12.595,5345205","0,8682536","3,1287964","8.466.423,6667228",relativeToGround,,,,,,,,,,,,,,,,,,,,,,,,,,,,,,,,,,,,,,,,,,,,,,,,,Wyoming,Morrison,Morrison,"-105,1876571","39,6510154","1.825,9928621","118,1724389","62,1412671","869,6715520",relativeToGround,,,,,,,,,,,,,,,,,,,,,,,,,,,,,,,,,,,,,,,,,,,,,,,,,,,,,,,,,,,,,,,,,,,,,,,,,,,,,,,,,,,,,,,,,,,,,,,,,Late Jurassic,Late Kimmeridgian,Dinosauria,Saurischia,Eusaurischia,Sauropodomorpha,Plateosauria,Massopoda,Sauropodiformes,Anchisauria,Sauropoda,Gravisauria,Eusauropoda,Neosauropoda,Diplodocoidea,Diplodocimorpha,Flagellicaudata,Diplodocidae,Diplodocinae,,,,At least two skeletons.,"Tschopp, E., Mateus, O. & Benson, R.B.J. (2015) ""A specimen-level phylogenetic analysis and taxonomic revision of Diplodocidae (Dinosauria, Sauropoda).","Diplodocus carnegii was one of the longest sauropods, with an extremely long neck and tail, a small head, and a light, elongated body. It likely fed on high tree foliage, using its long neck to reach inaccessible plants. Its whip-like tail may have been used for defense or communication within herds.",Herbivore,"Floodplains, river valleys, open woodlands",https://drive.google.com/file/d/1yshH5thtW0eWKI7Mkxa-tEyJXTRXJuW-/view?usp=drive_link
184,Diplodocus hallorum,valid,"Tschopp, Mateus & Benson",2015,29 m,17 t,3,North America,USA,USA,"-106,1951385","39,4392637","-12.595,5345205","0,8682536","3,1287964","8.466.423,6667228",relativeToGround,,,,,,,,,,,,,,,,,,,,,,,,,,,,,,,,,,,,,,,,,,,,,,,,,"New Mexico, Utah, Wyoming",Morrison,Morrison,"-105,1876571","39,6510154","1.825,9928621","118,1724389","62,1412671","869,6715520",relativeToGround,,,,,,,,,,,,,,,,,,,,,,,,,,,,,,,,,,,,,,,,,,,,,,,,,,,,,,,,,,,,,,,,,,,,,,,,,,,,,,,,,,,,,,,,,,,,,,,,,Late Jurassic,Late Kimmeridgian,Dinosauria,Saurischia,Eusaurischia,Sauropodomorpha,Plateosauria,Massopoda,Sauropodiformes,Anchisauria,Sauropoda,Gravisauria,Eusauropoda,Neosauropoda,Diplodocoidea,Diplodocimorpha,Flagellicaudata,Diplodocidae,Diplodocinae,,,,"Partial skeleton, referred three partial skeletons.","Tschopp, E., Mateus, O. & Benson, R.B.J. (2015) ""A specimen-level phylogenetic analysis and taxonomic revision of Diplodocidae (Dinosauria, Sauropoda).","Diplodocus hallorum (formerly Seismosaurus) was an enormous sauropod, one of the longest dinosaurs known. Its long neck and tail allowed it to feed over a wide area without moving its massive body. Likely traveled in herds and grazed on ferns, conifers, and other high vegetation.",Herbivore,"Floodplains, lightly forested areas, river valleys",https://drive.google.com/file/d/18OmvGQythfqBhhWUgGHsj3lSkZstDAw_/view?usp=drive_link
185,Draconyx loureiroi,valid,Mateus & Telles Antunes,2001,"3,5 m",170 kg,"2,5",Europe,Portugal,Portugal,"-7,8635499","40,0398978","360,1228934","-0,7522419","1,0719295","1.429.243,6607033",relativeToGround,,,,,,,,,,,,,,,,,,,,,,,,,,,,,,,,,,,,,,,,,,,,,,,,,Estremadura,Lourinhã,Lourinhã,"-9,3200624","39,2300262","38,8302795","0,0000000","0,0000000","637,2954440",relativeToGround,,,,,,,,,,,,,,,,,,,,,,,,,,,,,,,,,,,,,,,,,,,,,,,,,,,,,,,,,,,,,,,,,,,,,,,,,,,,,,,,,,,,,,,,,,,,,,,,,Late Jurassic,Late Kimmeridgian-Early Tithonian,Dinosauria,Ornithischia,Genasauria,Neornithischia,Cerapoda,Ornithopoda,Iguanodontia,Ankylopollexia,Camptosauridae,,,,,,,,,,,,"Fragmentary skeleton (teeth, caudal vertebrae, limb bones and fragments) referred two femora.","Mateus, O., & Telles Antunes, M. (2001). Draconyx loureiroi, a new camptosauridae (Dinosauria, Ornithopoda) from the Late Jurassic of Lourinhã, Portugal.","Draconyx loureiroi was a small to medium-sized ornithopod from the Late Jurassic of Portugal. It had strong hind limbs for running and a lightly built body for agility. Its leaf-shaped teeth and beak were adapted to strip low-growing vegetation, such as ferns and cycads. Likely a social animal, it may have lived in small herds to avoid predation.",Herbivore,"Floodplains, forested areas, open plains",https://drive.google.com/file/d/1pVLtWykHgYT1vH9KRh32gybXagyQdGVR/view?usp=drive_link
186,Dracopelta zbyszewskii,valid,Galton,1980,3 m,180 kg,2,Europe,Portugal,Portugal,"-7,8635499","40,0398978","360,1228934","-0,7522419","1,0719295","1.429.243,6607033",relativeToGround,,,,,,,,,,,,,,,,,,,,,,,,,,,,,,,,,,,,,,,,,,,,,,,,,Estremadura,Farta Pao,Farta Pao,"-9,1093286","39,1753445","199,6258050","-61,1156861","68,9769456","653,7006415",relativeToGround,,,,,,,,,,,,,,,,,,,,,,,,,,,,,,,,,,,,,,,,,,,,,,,,,,,,,,,,,,,,,,,,,,,,,,,,,,,,,,,,,,,,,,,,,,,,,,,,,Late Jurassic,Tithonian,Dinosauria,Ornithischia,Genasauria,Thyreophora,Eurypoda,Ankylosauria,Possibly Nodosauridae,,,,,,,,,,,,,,"Dorsal vetrebrae, ribs and osteoderms.","Galton, P. M. (1980). Partial skeleton of Dracopelta zbyszewskii N. Gen. And N. SP., an ankylosaurian dinosaur from the Upper Jurassic of Portugal.","Dracopelta zbyszewskii was an early armored dinosaur with bony plates covering its back for defense. Small and stocky, it had a low-slung body and sturdy limbs, suggesting slow movement. Its armor provided protection against medium-sized predators, while it foraged for low-lying vegetation.",Herbivore,"Semi-arid plains, lightly forested areas",https://drive.google.com/file/d/1l1tt1URHLoUVtGZ6ErEl3Fed2V6ilwRZ/view?usp=drive_link
187,Dryosaurus altus,valid,Marsh,1894,"3,3 m (approx. 4,3 m)",70 kg (approx. 150 kg),"3,5",North America,USA,USA,"-106,1951385","39,4392637","-12.595,5345205","0,8682536","3,1287964","8.466.423,6667228",relativeToGround,,,,,,,,,,,,,,,,,,,,,,,,,,,,,,,,,,,,,,,,,,,,,,,,,"Colorado, Wyoming",Morrison,Morrison,"-105,1876571","39,6510154","1.825,9928621","118,1724389","62,1412671","869,6715520",relativeToGround,,,,,,,,,,,,,,,,,,,,,,,,,,,,,,,,,,,,,,,,,,,,,,,,,,,,,,,,,,,,,,,,,,,,,,,,,,,,,,,,,,,,,,,,,,,,,,,,,Late Jurassic,Early Tithonian,Dinosauria,Ornithischia,Genasauria,Neornithischia,Cerapoda,Ornithopoda,Iguanodontia,Dryosauridae,,,,,,,,,,,,,At least several skeletons and skulls.,"Carpenter, K., Galton, P.M, (2018). ""A photo documentation of bipedal ornithischian dinosaurs from the Upper Jurassic Morrison Formation, USA"".","Dryosaurus altus was a medium-sized ornithopod from the Late Jurassic of North America. Lightly built with long legs and a slender tail, it could run quickly to escape predators. Its leaf-shaped teeth indicate it fed on ferns, cycads, and other low plants. Fossil evidence suggests it lived in groups for protection.",Herbivore,"Open plains, forest edges, lightly wooded areas",https://drive.google.com/file/d/12rzjB64gwzYjHmLmdfW8RXDp72FaY1Zw/view?usp=drive_link
188,Dryosaurus elderae,valid,Carpenter & Galton,2018,"3,7 m",95 kg,3,North America,USA,USA,"-106,1951385","39,4392637","-12.595,5345205","0,8682536","3,1287964","8.466.423,6667228",relativeToGround,,,,,,,,,,,,,,,,,,,,,,,,,,,,,,,,,,,,,,,,,,,,,,,,,Utah,Morrison,Morrison,"-105,1876571","39,6510154","1.825,9928621","118,1724389","62,1412671","869,6715520",relativeToGround,,,,,,,,,,,,,,,,,,,,,,,,,,,,,,,,,,,,,,,,,,,,,,,,,,,,,,,,,,,,,,,,,,,,,,,,,,,,,,,,,,,,,,,,,,,,,,,,,Late Jurassic,Early Tithonian,Dinosauria,Ornithischia,Genasauria,Neornithischia,Cerapoda,Ornithopoda,Iguanodontia,Dryosauridae,,,,,,,,,,,,,"Partial skeleton with skull, partial juvenile skeleton with skull, braincase, left ilium, right scapula.","Carpenter, K., Galton, P.M, (2018). ""A photo documentation of bipedal ornithischian dinosaurs from the Upper Jurassic Morrison Formation, USA"".","Dryosaurus elderae was closely related to D. altus, small and agile, with specialized teeth for herbivory. Its strong hind limbs allowed it to sprint when threatened, and its moderately long tail helped with balance during bipedal locomotion. Likely foraged on low-growing plants.",Herbivore,"Plains, forested areas",https://drive.google.com/file/d/1RbcFEUShMB2jF1D1HnJ7rGN_m2ngt4zx/view?usp=drive_link
189,Giraffatitan brancai,valid,Paul,1988,"24,8 m",39 t,4,Africa,Tanzania,Tanzania,"33,6476621","-5,4488086","1.542,6787695","-6,4029547","19,8871859","3.294.102,4172813",relativeToGround,,,,,,,,,,,,,,,,,,,,,,,,,,,,,,,,,,,,,,,,,,,,,,,,,Mtwara,Tendaguru,Tendaguru,"39,1287577","-10,0396637","684,5005937","-163,0372878","73,4212996","1.928,7172556",relativeToGround,,,,,,,,,,,,,,,,,,,,,,,,,,,,,,,,,,,,,,,,,,,,,,,,,,,,,,,,,,,,,,,,,,,,,,,,,,,,,,,,,,,,,,,,,,,,,,,,,Late Jurassic,Late Kimmeridgian-Tithonian,Dinosauria,Saurischia,Eusaurischia,Sauropodomorpha,Plateosauria,Massopoda,Sauropodiformes,Anchisauria,Sauropoda,Gravisauria,Eusauropoda,Neosauropoda,Macronaria,Titanosauriformes,Brachiosauridae,,,,,,Probably more than 30 individuals.,"Taylor, M.P. (2009) ""A re-evaluation of Brachiosaurus altithorax Riggs 1903 (Dinosauria, Sauropoda) and its generic separation from Giraffatitan brancai (Janensch 1914)"" .","Giraffatitan brancai was one of the tallest sauropods, with extremely long forelimbs and neck. Its small head and peg-like teeth suggest it fed on high tree foliage, stripping leaves without chewing extensively. Its enormous body required constant feeding, likely traveling in herds across floodplains.",Herbivore,"Floodplains, riverbanks, forest edges",https://drive.google.com/file/d/1nnjCVsMet__yENAUml16OVtzGwUai5PY/view?usp=drive_link
190,Guanlong wucaii,valid,Xu et al.,2006,"3,9 m",160 kg,"3,5",Asia,China,China,"91,9775972","41,4934298","1.199,8491739","359,8197205","0,0000000","10.341.207,3546696",relativeToGround,,,,,,,,,,,,,,,,,,,,,,,,,,,,,,,,,,,,,,,,,,,,,,,,,Xinjiang,Shishugou,Shishugou,"90,2007279","44,5004541","639,2544773","10,6884708","61,4586154","801,1121203",relativeToGround,,,,,,,,,,,,,,,,,,,,,,,,,,,,,,,,,,,,,,,,,,,,,,,,,,,,,,,,,,,,,,,,,,,,,,,,,,,,,,,,,,,,,,,,,,,,,,,,,Late Jurassic,Oxfordian,Dinosauria,Saurischia,Eusaurischia,Theropoda,Neotheropoda,Averostra,Tetanurae,Orionides,Avetheropoda,Coelurosauria,Tyrannoraptora,Tyrannosauroidea,Proceratosauridae,,,,,,,,Two skeletons with skull (large part of skeleton).,"Xu X.; Clark, J.M.; Forster, C. A.; Norell, M.A.; Erickson, G.M.; Eberth, D.A.; Jia, C. & Zhao, Q. (2006). ""A basal tyrannosauroid dinosaur from the Late Jurassic of China"".","Guanlong wucaii was a small, crested tyrannosauroid from the Late Jurassic of China. Its long, slender body, lightweight limbs, and sharp teeth indicate it was an agile predator. The head crest may have been used for display or species recognition. Likely hunted small vertebrates in forested habitats.",Carnivore,"Forested areas, lightly wooded plains",https://drive.google.com/file/d/1sQp1ZaboLXeg1717Ij9wuCcjeoFMwJr0/view?usp=drive_link
191,Kentrosaurus aethiopicus,valid,Hennig,1915,"5,7 m","1,2 t","3,5",Africa,Tanzania,Tanzania,"33,6476621","-5,4488086","1.542,6787695","-6,4029547","19,8871859","3.294.102,4172813",relativeToGround,,,,,,,,,,,,,,,,,,,,,,,,,,,,,,,,,,,,,,,,,,,,,,,,,Mtwara,Tendaguru,Tendaguru,"39,1287577","-10,0396637","684,5005937","-163,0372878","73,4212996","1.928,7172556",relativeToGround,,,,,,,,,,,,,,,,,,,,,,,,,,,,,,,,,,,,,,,,,,,,,,,,,,,,,,,,,,,,,,,,,,,,,,,,,,,,,,,,,,,,,,,,,,,,,,,,,Late Jurassic,Late Kimmeridgian-Tithonian,Dinosauria,Ornithischia,Genasauria,Thyreophora,Eurypoda,Stegosauria,Stegosauridae,,,,,,,,,,,,,,Several dozen individuals.,"Maidment, S. C. R., Norman, D. B., Barrett, P. M., & Upchurch, P. (2008). Systematics and phylogeny of Stegosauria (Dinosauria: Ornithischia).",Kentrosaurus aethiopicus was a medium-sized stegosaur from the Late Jurassic of Africa. It had two rows of plates along its back and long tail spikes for defense. Its small head and leaf-shaped teeth indicate it fed on low vegetation. Likely moved slowly and foraged in herds to deter predators.,Herbivore,"Plains, lightly forested regions, open woodlands",https://drive.google.com/file/d/1d6wgQ_-E2ZVGPT-wCfDXCkK-YvgBWiTZ/view?usp=drive_link
192,Klamelisaurus gobiensis,valid,Zhao,1993,"16,8 m",6 t,"3,5",Asia,China,China,"91,9775972","41,4934298","1.199,8491739","359,8197205","0,0000000","10.341.207,3546696",relativeToGround,,,,,,,,,,,,,,,,,,,,,,,,,,,,,,,,,,,,,,,,,,,,,,,,,Xinjiang,Shishugou,Shishugou,"90,2007279","44,5004541","639,2544773","10,6884708","61,4586154","801,1121203",relativeToGround,,,,,,,,,,,,,,,,,,,,,,,,,,,,,,,,,,,,,,,,,,,,,,,,,,,,,,,,,,,,,,,,,,,,,,,,,,,,,,,,,,,,,,,,,,,,,,,,,Late Jurassic,Late Callovian,Dinosauria,Saurischia,Eusaurischia,Sauropodomorpha,Plateosauria,Massopoda,Sauropodiformes,Anchisauria,Sauropoda,Gravisauria,Eusauropoda,Possibly Mamenchisauridae,,,,,,,,,Large part of skeleton without skull.,"Moore at al. (2017). Anatomy and systematics of Klamelisaurus gobiensis, a mamenchisaurid sauropod from the Middle-Late Jurassic Shishugou Formation of China.","Klamelisaurus gobiensis was a long-necked sauropod from the Late Jurassic of China. Its moderately slender body and long neck allowed it to browse mid to high vegetation, including conifers and cycads. Likely lived in small herds for protection and traveled across semi-arid floodplains.",Herbivore,"Semi-arid floodplains, lightly wooded areas",https://drive.google.com/file/d/18uSjqG5pjjGA7RanPEuqT9N_ysEIncFm/view?usp=drive_link
193,Limusaurus inextricabilis,valid,Xu et al.,2009,"1,8 m",15 kg,"3,5",Asia,China,China,"91,9775972","41,4934298","1.199,8491739","359,8197205","0,0000000","10.341.207,3546696",relativeToGround,,,,,,,,,,,,,,,,,,,,,,,,,,,,,,,,,,,,,,,,,,,,,,,,,Xinjiang,Shishugou,Shishugou,"90,2007279","44,5004541","639,2544773","10,6884708","61,4586154","801,1121203",relativeToGround,,,,,,,,,,,,,,,,,,,,,,,,,,,,,,,,,,,,,,,,,,,,,,,,,,,,,,,,,,,,,,,,,,,,,,,,,,,,,,,,,,,,,,,,,,,,,,,,,Late Jurassic,Oxfordian,Dinosauria,Saurischia,Eusaurischia,Theropoda,Neotheropoda,Averostra,Ceratosauria,Neoceratosauria,Abelisauroidea,Abelisauria,Noasauridae,Elaphrosaurinae,,,,,,,,,At least 19 individuals.,"Wang, S., Stiegler, J., Amiot, R., Wang, X., Du, G., Clark, J. M., & Xu, X. (2017). Extreme Ontogenetic Changes in a Ceratosaurian Theropod.","Limusaurus inextricabilis was a small, bizarre theropod from the Late Jurassic of China. Juveniles had teeth for omnivory, while adults lost teeth entirely, likely feeding on plants and possibly small invertebrates. It had long legs for running and a lightly built body for agility in forested areas.",Omnivore,"Forested floodplains, semi-open areas",https://drive.google.com/file/d/1p3EJf4MMSCC3mj3vpt3UhmTg1BIBDMG3/view?usp=drive_link
194,Losillasaurus giganteus,valid,Casanovas-Cladellas et al.,2001,"16,8 m",15 t,3,Europe,Spain,Spain,"-4,3664930","41,1997794","25,3549813","-4,9911449","3,4457370","2.044.570,0387394",relativeToGround,,,,,,,,,,,,,,,,,,,,,,,,,,,,,,,,,,,,,,,,,,,,,,,,,Valencian Community,Villar del Arzobispo,Villar del Arzobispo,"-0,7997751","40,5003520","1.412,8598456","14,0899481","61,5124454","373,3256953",relativeToGround,,,,,,,,,,,,,,,,,,,,,,,,,,,,,,,,,,,,,,,,,,,,,,,,,,,,,,,,,,,,,,,,,,,,,,,,,,,,,,,,,,,,,,,,,,,,,,,,,Late Jurassic,Late Kimmeridgian-Early Tithonian,Dinosauria,Saurischia,Eusaurischia,Sauropodomorpha,Plateosauria,Massopoda,Sauropodiformes,Anchisauria,Sauropoda,Gravisauria,Eusauropoda,Turiasauria,,,,,,,,,Partial skeleton with skull fragments (subadult).,"Casanovas, Maria Lourdes; Santafé, José Vicente; Sanz, José Luis (2001). ""Losillasaurus giganteus, un nuevo saurópodo del tránsito Jurásico-Cretácico e la Cuenca de “Los Serranos"" (Valencia, España)"".","Losillasaurus giganteus was a gigantic sauropod from the Late Jurassic of Spain. It had a long neck and tail, a massive body, and robust limbs. Its teeth were adapted for stripping leaves and feeding on tall vegetation. Likely traveled in small herds for protection and may have fed in floodplain forests.",Herbivore,"Floodplains, lightly forested areas, river valleys",https://drive.google.com/file/d/1vt617rEMcBT6hwfDCmnDOOjnbiz2Yi8B/view?usp=drive_link
195,Lourinhanosaurus antunesi,valid,Mateus,1998,"5,7 m",310 kg,2,Europe,Portugal,Portugal,"-7,8635499","40,0398978","360,1228934","-0,7522419","1,0719295","1.429.243,6607033",relativeToGround,,,,,,,,,,,,,,,,,,,,,,,,,,,,,,,,,,,,,,,,,,,,,,,,,Estremadura,Lourinhã,Lourinhã,"-9,3200624","39,2300262","38,8302795","0,0000000","0,0000000","637,2954440",relativeToGround,,,,,,,,,,,,,,,,,,,,,,,,,,,,,,,,,,,,,,,,,,,,,,,,,,,,,,,,,,,,,,,,,,,,,,,,,,,,,,,,,,,,,,,,,,,,,,,,,Late Jurassic,Late Kimmeridgian,Dinosauria,Saurischia,Eusaurischia,Theropoda,Neotheropoda,Averostra,Tetanurae,Orionides,Avetheropoda,,,,,,,,,,,,"Partial skeleton without skull. Referred femur, teeth, 300 embryonic elements, around 100 eggs, eggshells, distal caudal vertebra (uncertain)",Mortimer - Theropod database (online).,"Lourinhanosaurus antunesi was a medium-sized theropod from the Late Jurassic of Portugal. It had a large skull with sharp teeth, strong hind limbs, and was a versatile predator capable of hunting medium-sized herbivorous dinosaurs. Its fossils suggest it lived in forested floodplains.",Carnivore,"Forested floodplains, river valleys",https://drive.google.com/file/d/1zyREKMc4p1e2WTn_qGHx5vEEoBg-KXOE/view?usp=drive_link
196,Lourinhasaurus alenquerensis,valid,Dantas et al.,1998,"16,4 m",16 t,3,Europe,Portugal,Portugal,"-7,8635499","40,0398978","360,1228934","-0,7522419","1,0719295","1.429.243,6607033",relativeToGround,,,,,,,,,,,,,,,,,,,,,,,,,,,,,,,,,,,,,,,,,,,,,,,,,Estremadura,Lourinhã,Lourinhã,"-9,3200624","39,2300262","38,8302795","0,0000000","0,0000000","637,2954440",relativeToGround,,,,,,,,,,,,,,,,,,,,,,,,,,,,,,,,,,,,,,,,,,,,,,,,,,,,,,,,,,,,,,,,,,,,,,,,,,,,,,,,,,,,,,,,,,,,,,,,,Late Jurassic,Late Kimmeridgian,Dinosauria,Saurischia,Eusaurischia,Sauropodomorpha,Plateosauria,Massopoda,Sauropodiformes,Anchisauria,Sauropoda,Gravisauria,Eusauropoda,Neosauropoda,Macronaria,Camarasauridae,,,,,,,"Partial skeleton, other material (uncertain)","Mocho, P., Royo-Torres, R. and Ortega, F., (2014), ""Phylogenetic reassessment of Lourinhasaurus alenquerensis, a basal Macronaria (Sauropoda) from the Upper Jurassic of Portugal"".","Lourinhasaurus alenquerensis was a large, long-necked sauropod from Late Jurassic Europe. Its robust limbs and long neck allowed it to reach tall vegetation, and it may have moved in herds to forage efficiently. Its body structure suggests it was a slow, steady browser.",Herbivore,"Floodplains, open forests, lightly wooded areas",https://drive.google.com/file/d/1YRYGu-ANznFstNKBQZuQT00xCMvq1Wv9/view?usp=drive_link
197,Lusotitan atalaiensis,valid,Antunes & Mateus,2003,"21,8 m",21 t,"3,5",Europe,Portugal,Portugal,"-7,8635499","40,0398978","360,1228934","-0,7522419","1,0719295","1.429.243,6607033",relativeToGround,,,,,,,,,,,,,,,,,,,,,,,,,,,,,,,,,,,,,,,,,,,,,,,,,Estremadura,Lourinhã,Lourinhã,"-9,3200624","39,2300262","38,8302795","0,0000000","0,0000000","637,2954440",relativeToGround,,,,,,,,,,,,,,,,,,,,,,,,,,,,,,,,,,,,,,,,,,,,,,,,,,,,,,,,,,,,,,,,,,,,,,,,,,,,,,,,,,,,,,,,,,,,,,,,,Late Jurassic,Late Kimmeridgian,Dinosauria,Saurischia,Eusaurischia,Sauropodomorpha,Plateosauria,Massopoda,Sauropodiformes,Anchisauria,Sauropoda,Gravisauria,Eusauropoda,Neosauropoda,Macronaria,Titanosauriformes,Brachiosauridae,,,,,,Large part of skeleton. Referred other fragments (uncertain),"Mannion, Philip D.; Upchurch, Paul; Barnes, Rosie N.; Mateus, Octávio (2013). ""Osteology of the Late Jurassic Portuguese sauropod dinosaur Lusotitan atalaiensis (Macronaria) and the evolutionary history of basal titanosauriforms"".","Lusotitan atalaiensis was a massive sauropod from Late Jurassic Portugal. With a long neck, pillar-like limbs, and enormous size, it could feed from the tallest trees. Likely moved in herds for protection and used its long neck to access vegetation other herbivores could not reach.",Herbivore,"River valleys, floodplains, forest edges",https://drive.google.com/file/d/1h5NdnQLAjAMAmBBbJAtgkQMY-2ortKip/view?usp=drive_link
198,Mamenchisaurus changshouensis,valid,Zhang & Chen,1996,"19,5 m","9,3 t","2,5",Asia,China,China,"91,9775972","41,4934298","1.199,8491739","359,8197205","0,0000000","10.341.207,3546696",relativeToGround,,,,,,,,,,,,,,,,,,,,,,,,,,,,,,,,,,,,,,,,,,,,,,,,,Sichuan,Upper Shaximiao,Upper Shaximiao,"105,9001525","29,1998554","285,5152422","0,0000000","0,0000000","727,0652067",relativeToGround,,,,,,,,,,,,,,,,,,,,,,,,,,,,,,,,,,,,,,,,,,,,,,,,,,,,,,,,,,,,,,,,,,,,,,,,,,,,,,,,,,,,,,,,,,,,,,,,,Late Jurassic,Oxfordian,Dinosauria,Saurischia,Eusaurischia,Sauropodomorpha,Plateosauria,Massopoda,Sauropodiformes,Anchisauria,Sauropoda,Gravisauria,Eusauropoda,Mamenchisauridae,,,,,,,,,"Partial skeleton (vertebrae, limb bones, pubis, two ischia and other fragments).","Young, C.-C. (1958). New sauropods from China.","Mamenchisaurus changshouensis was a giant sauropod from China, known for its extremely long neck, which made up over half its body length. It likely fed on high vegetation, while its massive tail may have been used for balance or defense. Fossil evidence suggests it lived in semi-open floodplains.",Herbivore,"Floodplains, river valleys, lightly forested areas",https://drive.google.com/file/d/18FbU5A2qhgVI0kNbRjwPu5_NQm1Z4_2m/view?usp=drive_link
199,Mamenchisaurus constructus,valid,Young,1954,"16,5 m","6,5 t",3,Asia,China,China,"91,9775972","41,4934298","1.199,8491739","359,8197205","0,0000000","10.341.207,3546696",relativeToGround,,,,,,,,,,,,,,,,,,,,,,,,,,,,,,,,,,,,,,,,,,,,,,,,,Sichuan,Upper Shaximiao,Upper Shaximiao,"105,9001525","29,1998554","285,5152422","0,0000000","0,0000000","727,0652067",relativeToGround,,,,,,,,,,,,,,,,,,,,,,,,,,,,,,,,,,,,,,,,,,,,,,,,,,,,,,,,,,,,,,,,,,,,,,,,,,,,,,,,,,,,,,,,,,,,,,,,,Late Jurassic,Oxfordian,Dinosauria,Saurischia,Eusaurischia,Sauropodomorpha,Plateosauria,Massopoda,Sauropodiformes,Anchisauria,Sauropoda,Gravisauria,Eusauropoda,Mamenchisauridae,,,,,,,,,"Partial skeleton without skull, Referred other skeletons (may belong to different species).","Xing, L., Miyashita, T., Zhang, J. Li, D. Ye, Y. Sekiya, T. Wang, F. & Currie, P.J. (2015) A new sauropod dinosaur from the Late Jurassic of China and the diversity, distribution, and relationships of mamenchisaurids.","Mamenchisaurus constructus was another enormous long-necked sauropod from the Late Jurassic of China. Its neck allowed it to reach high tree foliage, while its massive body offered protection against predators. Likely moved in herds and fed on cycads, ferns, and conifers across semi-open landscapes.",Herbivore,"Forested floodplains, river valleys, open woodlands",https://drive.google.com/file/d/1o3uGHqOcLvyCtEpNRi_j7VPCdbRcYDVG/view?usp=drive_link
200,Mamenchisaurus hochuanensis,valid,Young & Zhao,1972,"20,5 m","10,7 t","3,5",Asia,China,China,"91,9775972","41,4934298","1.199,8491739","359,8197205","0,0000000","10.341.207,3546696",relativeToGround,,,,,,,,,,,,,,,,,,,,,,,,,,,,,,,,,,,,,,,,,,,,,,,,,"Sichuan, Gansu","Upper Shaximiao, Xiangtang",Upper Shaximiao,"105,9001525","29,1998554","285,5152422","0,0000000","0,0000000","727,0652067",relativeToGround,Xiangtang ,"112,9338950","27,7461348","61,1100391","54,5340863","56,8921896","287,4414486",relativeToGround,,,,,,,,,,,,,,,,,,,,,,,,,,,,,,,,,,,,,,,,,,,,,,,,,,,,,,,,,,,,,,,,,,,,,,,,,,,,,,,,,,,,,,,,,Late Jurassic,Oxfordian,Dinosauria,Saurischia,Eusaurischia,Sauropodomorpha,Plateosauria,Massopoda,Sauropodiformes,Anchisauria,Sauropoda,Gravisauria,Eusauropoda,Mamenchisauridae,,,,,,,,,"Large part of skeleton. Referred fragmentary skull and skeleton (may belong to different species), other material (uncertain)","Young, C.C., and Zhao, X.-J. (1972). Mamenchisaurus hochuanensis sp. nov.
Wang, J., Norell, M. A., Pei, R., Ye, Y., & Chang, S.-C. (2019). Surprisingly young age for the mamenchisaurid sauropods in South China.","Mamenchisaurus hochuanensis was a gigantic sauropod from the Late Jurassic of China, famous for its extremely long neck, which allowed it to browse tall conifers and cycads. Its massive body was supported by columnar limbs, and it likely moved in herds to protect juveniles from predators. Its long tail may have been used for balance or defense.",Herbivore,"Floodplains, forested river valleys",https://drive.google.com/file/d/1Av0ueRZ7v0XLYCBdoBlrnbLzak4jz9mb/view?usp=drive_link
201,Mamenchisaurus jingyanensis,valid,"Zhang, Li & Zheng",1998,29 m,31 t,"2,5",Asia,China,China,"91,9775972","41,4934298","1.199,8491739","359,8197205","0,0000000","10.341.207,3546696",relativeToGround,,,,,,,,,,,,,,,,,,,,,,,,,,,,,,,,,,,,,,,,,,,,,,,,,Sichuan,Upper Shaximiao,Upper Shaximiao,"105,9001525","29,1998554","285,5152422","0,0000000","0,0000000","727,0652067",relativeToGround,,,,,,,,,,,,,,,,,,,,,,,,,,,,,,,,,,,,,,,,,,,,,,,,,,,,,,,,,,,,,,,,,,,,,,,,,,,,,,,,,,,,,,,,,,,,,,,,,Late Jurassic,Oxfordian,Dinosauria,Saurischia,Eusaurischia,Sauropodomorpha,Plateosauria,Massopoda,Sauropodiformes,Anchisauria,Sauropoda,Gravisauria,Eusauropoda,Possibly Mamenchisauridae,,,,,,,,,Three fragmentary skeletons and incomplete skull.,"Zhang, Li & Zheng (1998). A new species of sauropod from the Late Jurassic of the Sichuan Basin (Mamenchisaurus jingyanensis sp. nov.).","Mamenchisaurus jingyanensis was a medium-to-large sauropod with a long neck and small head, specialized for feeding on high vegetation. It had strong limbs to support its heavy body, and likely lived in herds, providing safety against large predators of the Late Jurassic.",Herbivore,"Floodplains, lightly forested areas",https://drive.google.com/file/d/1kLa5XQSW-6AyY1d1aH1GfbZ0hykFPzvQ/view?usp=drive_link
202,Mamenchisaurus sinocanadorum,valid,Russell & Zheng,1993,"24,4 m",18 t,2,Asia,China,China,"91,9775972","41,4934298","1.199,8491739","359,8197205","0,0000000","10.341.207,3546696",relativeToGround,,,,,,,,,,,,,,,,,,,,,,,,,,,,,,,,,,,,,,,,,,,,,,,,,Xinjiang,Shishugou,Shishugou,"90,2007279","44,5004541","639,2544773","10,6884708","61,4586154","801,1121203",relativeToGround,,,,,,,,,,,,,,,,,,,,,,,,,,,,,,,,,,,,,,,,,,,,,,,,,,,,,,,,,,,,,,,,,,,,,,,,,,,,,,,,,,,,,,,,,,,,,,,,,Late Jurassic,Oxfordian,Dinosauria,Saurischia,Eusaurischia,Sauropodomorpha,Plateosauria,Massopoda,Sauropodiformes,Anchisauria,Sauropoda,Gravisauria,Eusauropoda,Possibly Mamenchisauridae,,,,,,,,,Fragmentary skull and cervical vertebrae with ribs.,"Russell, D. A., & Zheng, Z. (1993). A large mamenchisaurid from the Junggar Basin, Xinjiang, People’s Republic of China.","Mamenchisaurus sinocanadorum was a massive, long-necked sauropod from the Late Jurassic of China, with a body adapted to reach high vegetation. It had a whip-like tail, possibly used for communication or defense. Its enormous size and herd behavior offered protection against theropod predators.",Herbivore,"Forested floodplains, river valleys",https://drive.google.com/file/d/1KwOLAGFPtsz0i73hBJKDCjEvxrl6geuc/view?usp=drive_link
203,Mamenchisaurus youngi,valid,"Pi, Ouyang & Ye",1996,15 m,5 t,4,Asia,China,China,"91,9775972","41,4934298","1.199,8491739","359,8197205","0,0000000","10.341.207,3546696",relativeToGround,,,,,,,,,,,,,,,,,,,,,,,,,,,,,,,,,,,,,,,,,,,,,,,,,Sichuan,Upper Shaximiao,Upper Shaximiao,"105,9001525","29,1998554","285,5152422","0,0000000","0,0000000","727,0652067",relativeToGround,,,,,,,,,,,,,,,,,,,,,,,,,,,,,,,,,,,,,,,,,,,,,,,,,,,,,,,,,,,,,,,,,,,,,,,,,,,,,,,,,,,,,,,,,,,,,,,,,Late Jurassic,Oxfordian,Dinosauria,Saurischia,Eusaurischia,Sauropodomorpha,Plateosauria,Massopoda,Sauropodiformes,Anchisauria,Sauropoda,Gravisauria,Eusauropoda,Mamenchisauridae,,,,,,,,,Nearly complete skeleton with skull.,"Pi, Ouyang & Ye (1996). A new species of sauropod from Zigong, Sichuan, Mamenchisaurus youngi.","Mamenchisaurus youngi was another long-necked sauropod of the Late Jurassic. It had a small skull with peg-like teeth for stripping leaves, a long neck for high browsing, and strong limbs to support its massive frame. Likely lived in herds for protection.",Herbivore,"Floodplains, forest edges",https://drive.google.com/file/d/1_tJjz24oj3FFxAob8ABXWvepf-MGI08a/view?usp=drive_link
204,Marshosaurus bicentesimus,valid,Madsen,1976,"4,4 m",225 kg,2,North America,USA,USA,"-106,1951385","39,4392637","-12.595,5345205","0,8682536","3,1287964","8.466.423,6667228",relativeToGround,,,,,,,,,,,,,,,,,,,,,,,,,,,,,,,,,,,,,,,,,,,,,,,,,"Utah, Colorado",Morrison,Morrison,"-105,1876571","39,6510154","1.825,9928621","118,1724389","62,1412671","869,6715520",relativeToGround,,,,,,,,,,,,,,,,,,,,,,,,,,,,,,,,,,,,,,,,,,,,,,,,,,,,,,,,,,,,,,,,,,,,,,,,,,,,,,,,,,,,,,,,,,,,,,,,,Late Jurassic,Early Tithonian,Dinosauria,Saurischia,Eusaurischia,Theropoda,Neotheropoda,Averostra,Tetanurae,Orionides,Megalosauroidea,Piatnitzkysauridae,,,,,,,,,,,Several individuals (fragmentary skeletons or single bones).,"Carrano, Benson and Sampson, (2012). The phylogeny of Tetanurae (Dinosauria: Theropoda).","Marshosaurus bicentesimus was a medium-sized theropod from the Late Jurassic of North America. With a robust skull, sharp serrated teeth, and strong hind limbs, it was an agile predator capable of hunting smaller herbivorous dinosaurs. Its size and agility allowed it to occupy a mid-tier predator niche.",Carnivore,"Semi-arid plains, forested areas",https://drive.google.com/file/d/1QSde-nlH0eHJhAjRQ-KyQmvjWag6sdIe/view?usp=drive_link
205,Metriacanthosaurus parkeri,valid,Walker,1964,"7,5 m","1,1 t",3,Europe,United Kingdom,United Kingdom,"-5,4282139","55,1022881","45,1485417","-15,6227355","6,3270023","2.554.337,5034103",relativeToGround,,,,,,,,,,,,,,,,,,,,,,,,,,,,,,,,,,,,,,,,,,,,,,,,,England,Oxford Clay,Oxford Clay,"-2,4663409","50,5917623","2,0295856","-10,5756440","63,6081510","118,6122918",relativeToGround,,,,,,,,,,,,,,,,,,,,,,,,,,,,,,,,,,,,,,,,,,,,,,,,,,,,,,,,,,,,,,,,,,,,,,,,,,,,,,,,,,,,,,,,,,,,,,,,,Late Jurassic,Early-Middle Oxfordian,Dinosauria,Saurischia,Eusaurischia,Theropoda,Neotheropoda,Averostra,Tetanurae,Orionides,Avetheropoda,Carnosauria,Allosauroidea,Metriacanthosauridae,Metriacanthosaurinae,,,,,,,,Partial skeleton without skull.,"Carrano, Benson & Sampson, (2012). The phylogeny of Tetanurae (Dinosauria: Theropoda).","Metriacanthosaurus parkeri was a large theropod from the Middle Jurassic of Europe. It had a strong skull, serrated teeth, and muscular limbs, indicating it was a top predator of its ecosystem. Likely hunted sauropods and ornithopods, using ambush and strength rather than speed.",Carnivore,"Forested areas, floodplains",https://drive.google.com/file/d/1mEYU7NMMaqoCfHKto0svx68gCxYPN02l/view?usp=drive_link
206,Miragaia longicollum,valid,Mateus et al.,2009,"7,7 m",3 t,3,Europe,Portugal,Portugal,"-7,8635499","40,0398978","360,1228934","-0,7522419","1,0719295","1.429.243,6607033",relativeToGround,,,,,,,,,,,,,,,,,,,,,,,,,,,,,,,,,,,,,,,,,,,,,,,,,Estremadura,Lourinhã,Lourinhã,"-9,3200624","39,2300262","38,8302795","0,0000000","0,0000000","637,2954440",relativeToGround,,,,,,,,,,,,,,,,,,,,,,,,,,,,,,,,,,,,,,,,,,,,,,,,,,,,,,,,,,,,,,,,,,,,,,,,,,,,,,,,,,,,,,,,,,,,,,,,,Late Jurassic,Late Kimmeridgian-Early Tithonian,Dinosauria,Ornithischia,Genasauria,Thyreophora,Eurypoda,Stegosauria,Stegosauridae,Dacentrurinae,,,,,,,,,,,,,"Partial skull, forelimbs, pectoral girdle, cervical series, two first dorsal vertebrae, ribs, and cervical osteoderms.",Francisco Costa & OctÃvio Mateus (2019) Dacentrurine stegosaurs (Dinosauria): A new specimen of Miragaia longicollum from the Late Jurassic of Portugal resolves taxonomical validity and shows the occurrence of the clade in North America.,"Miragaia longicollum was a stegosaur from Late Jurassic Portugal, notable for its extremely long neck relative to other stegosaurs. Its body was lightly armored with small plates and spikes along the tail. It could reach higher vegetation than most stegosaurs, feeding on ferns and shrubs.",Herbivore,"Open plains, lightly forested areas",https://drive.google.com/file/d/1rokb5vpT0j4UZGPw1J4e3_Atef2PJaBC/view?usp=drive_link
207,Monolophosaurus jiangi,valid,Zhao & Currie,1994,6 m,500 kg,"3,5",Asia,China,China,"91,9775972","41,4934298","1.199,8491739","359,8197205","0,0000000","10.341.207,3546696",relativeToGround,,,,,,,,,,,,,,,,,,,,,,,,,,,,,,,,,,,,,,,,,,,,,,,,,Xinjiang,Shishugou,Shishugou,"90,2007279","44,5004541","639,2544773","10,6884708","61,4586154","801,1121203",relativeToGround,,,,,,,,,,,,,,,,,,,,,,,,,,,,,,,,,,,,,,,,,,,,,,,,,,,,,,,,,,,,,,,,,,,,,,,,,,,,,,,,,,,,,,,,,,,,,,,,,Late Jurassic,Callovian,Dinosauria,Saurischia,Eusaurischia,Theropoda,Neotheropoda,Averostra,Tetanurae,Possibly Orionides,,,,,,,,,,,,,Complete skull and large part of skeleton.,"Carrano, Benson & Sampson, (2012). The phylogeny of Tetanurae (Dinosauria: Theropoda).","Monolophosaurus jiangi was a medium-sized theropod from the Middle Jurassic of China, distinguished by a single crest along its skull. Its strong jaws and sharp teeth suggest it hunted small to medium-sized dinosaurs and vertebrates. Agile and fast, it may have used its crest for display or species recognition.",Carnivore,Forested floodplains,https://drive.google.com/file/d/1QNMvyNNXnyX0oELOH0oF9_Jlh4ma8Tc6/view?usp=drive_link
208,Acrocanthosaurus atokensis,valid,Stovall & Langston,1950,"11,5 m","5,8 t","3,5",North America,USA,USA,"-106,1951385","39,4392637","-12.595,5345205","0,8682536","3,1287964","8.466.423,6667228",relativeToGround,,,,,,,,,,,,,,,,,,,,,,,,,,,,,,,,,,,,,,,,,,,,,,,,,"Oklahoma,
Maryland,
Utah,
Arizona,
Texas,
Wyoming","Antlers, Arundel,
Cedar Mountain, Turney Ranch, Paluxy,
Trinity Group, Twin Mountains, Cloverly, Woodbine",Antlers,"-95,0421711","33,7403294","140,4083821","-131,2310104","60,1241181","496,1044156",relativeToGround,Arundel ,"-75,9630456","39,2753665","19,2154528","179,1386267","60,1431690","1.575,2564549",relativeToGround,Cedar Mountain,"-110,8233313","39,2493001","1.793,0678053","-28,3572350","60,5447796","408,1631337",relativeToGround,Turney Ranch,"-109,9613284","31,4092936","1.586,9218108","-15,3390299","65,6237323","2.742,9587443",relativeToGround,Paluxy,"-97,8094999","32,2529321","222,4243705","66,8762172","62,3374016","479,4544626",relativeToGround,Trinity Group,"-97,7646444","29,9558772","164,4096723","19,4452305","60,7408241","1.820,0486174",relativeToGround,Twin Mountains,"-97,8365773","32,4599235","234,0676709","-4,0486992","55,0591955","1.719,6645804",relativeToGround,Cloverly,"-105,2572509","40,9961183","2.249,7630406","-11,7230444","58,1827428","2.845,1341316",relativeToGround,Woodbine ,"-95,3277160","33,3211143","128,0994511","-7,9850056","59,5661292","1.357,8475134",relativeToGround,,,,,,,,,,,,,,,,,,,,,,,,,,,,,,,,,Early Cretaceous,Aptian-Albian,Dinosauria,Saurischia,Eusaurischia,Theropoda,Neotheropoda,Averostra,Tetanurae,Orionides,Avetheropoda,Carnosauria,Allosauroidea,Allosauria,Carcharodontosauria,Carcharodontosauridae,,,,,,,Few partial skeletons (also with skulls) and many referred single bones.,"Stovall and Langston, (1950). Acrocanthosaurus atokensis, a new genus and species of Lower Cretaceous Theropoda from Oklahoma. The American Midland Naturalist.
Melstrom and Demic, (2011). Acrocanthosaurus atokensis (Dinosauria: Theropoda) from the Cloverly Formation of Wyoming: Implications for Early Cretaceous North American ecosystems. Journal of Vertebrate Paleontology.
Eddy and Clarke, (2008). A re-evaluation of a well-preserved skull of Acrocanthosaurus atokensis supports its carcharodontosaurid affinities.","Acrocanthosaurus atokensis was a massive theropod from the Early Cretaceous of North America, with high neural spines along its back giving it a “sail-like” appearance. It had powerful jaws, large serrated teeth, and strong limbs, making it an apex predator, preying on sauropods and large ornithopods.",Carnivore,"River valleys, open plains, lightly forested areas",https://drive.google.com/file/d/1I08VWb3Jj-EL0yYUtcyWgv8uWGm_rUlt/view?usp=drive_link
209,Afromimus tenerensis,valid,Sereno,2017,"4,3 m",120 kg,2,Africa,Niger,Niger,"8,0139253","19,3154853","2.006,8861861","-7,4368094","4,9390099","4.309.242,5949115",relativeToGround,,,,,,,,,,,,,,,,,,,,,,,,,,,,,,,,,,,,,,,,,,,,,,,,,Agadez,Elrhaz,Elrhaz,"9,4999666","16,8004156","549,8645471","0,5377411","53,6741889","784,6042924",relativeToGround,,,,,,,,,,,,,,,,,,,,,,,,,,,,,,,,,,,,,,,,,,,,,,,,,,,,,,,,,,,,,,,,,,,,,,,,,,,,,,,,,,,,,,,,,,,,,,,,,Early Cretaceous,Aptian-Albian,Dinosauria,Saurischia,Eusaurischia,Theropoda,Neotheropoda,Averostra,Ceratosauria,Neoceratosauria,Abelisauroidea,,,,,,,,,,,,"Rib fragment, seven partial caudal vertebrae, two partial chevrons, tibia, fibula and fragments.","Sereno, P. (2017). ""Early Cretaceous ornithomimosaurs (Dinosauria: Coelurosauria) from Africa"".","Afromimus tenerensis was a medium-sized theropod from the Early Cretaceous of Africa, with a lightly built body, long limbs, and specialized teeth. It likely hunted small vertebrates, insects, and possibly supplemented its diet with plants.",Omnivore,"Semi-arid plains, open woodland",https://drive.google.com/file/d/1A19w4QMEbPZq9jVO6PYbyHi5guC1qHPs/view?usp=drive_link
210,Agustinia ligabuei,valid,Bonaparte,1999,15 m,8 t,"2,5",South America,Argentina,Argentina,"-71,8643507","-34,8680283","1.685,0545519","9,0311496","8,9073784","11.033.475,1150632",relativeToGround,,,,,,,,,,,,,,,,,,,,,,,,,,,,,,,,,,,,,,,,,,,,,,,,,Neuquén,Lohan Cura,Lohan Cura,"-69,4000105","-39,5997792","397,2297933","2,9446130","50,0909801","627,7313930",relativeToGround,,,,,,,,,,,,,,,,,,,,,,,,,,,,,,,,,,,,,,,,,,,,,,,,,,,,,,,,,,,,,,,,,,,,,,,,,,,,,,,,,,,,,,,,,,,,,,,,,Early Cretaceous,Aptian-Albian,Dinosauria,Saurischia,Eusaurischia,Sauropodomorpha,Plateosauria,Massopoda,Sauropodiformes,Anchisauria,Sauropoda,Gravisauria,Eusauropoda,Neosauropoda,Macronaria,Titanosauriformes,Somphospondyli,,,,,,"Eighteen vertebrae (dorsal, sacral, caudal), dermal ossifications and leg bones.","Bonaparte, J.F. (1999). An armoured sauropod from the Aptian of northern Patagonia, Argentina","Agustinia ligabuei was a lightly armored sauropod from South America, notable for its unusual spines and osteoderms along its back. It had a long neck for browsing mid-height vegetation and likely moved slowly in herds. Its armor provided defense against predators.",Herbivore,"Floodplains, forest edges",https://drive.google.com/file/d/1ayh3BdXIoOJNoL22DWDSYuLq0mK0gHs6/view?usp=drive_link
211,Albalophosaurus yamaguchiorum,valid,Ohashi & Barrett,2009,"Approx. 0,9 m",Approx. 10 kg,"1,5",Asia,Japan,Japan,"135,0564079","40,7831509","-1.855,8760376","-0,7560845","1,4096112","3.885.293,5465032",relativeToGround,,,,,,,,,,,,,,,,,,,,,,,,,,,,,,,,,,,,,,,,,,,,,,,,,Ishikawa,Kuwajima,Kuwajima,"136,6712722","36,1280718","769,5749454","101,5700062","64,2054098","10.298,4422763",relativeToGround,,,,,,,,,,,,,,,,,,,,,,,,,,,,,,,,,,,,,,,,,,,,,,,,,,,,,,,,,,,,,,,,,,,,,,,,,,,,,,,,,,,,,,,,,,,,,,,,,Early Cretaceous,Valanginian-Hauterivian,Dinosauria,Ornithischia,Genasauria,Neornithischia,Cerapoda,Marginocephalia,Ceratopsia,,,,,,,,,,,,,,Incomplete skull.,"Ohashi, T.; Barrett, P. M. (2009). ""A new ornithischian dinosaur from the Lower Cretaceous Kuwajima Formation of Japan"".","Albalophosaurus yamaguchiorum was a small, early ceratopsian from the Early Cretaceous of Japan. Its short skull and beak-like mouth allowed it to feed on low-lying vegetation, such as ferns and cycads. Agile and lightly built, it likely avoided predators through speed and camouflage.",Herbivore,"Forested plains, open woodland",https://drive.google.com/file/d/1I1y83orZ5XLXzyeLhZMeyrEgtBcIfsB-/view?usp=drive_link
212,Altirhinus kurzanovi,valid,Norman,1998,"7,9 m","2,2 t",3,Asia,Mongolia,Mongolia,"101,8194981","48,7149090","2.747,5128372","-0,7613736","1,6379275","5.550.158,2525438",relativeToGround,,,,,,,,,,,,,,,,,,,,,,,,,,,,,,,,,,,,,,,,,,,,,,,,,Dornogovi,Khuren Dukh,Khuren Dukh,"108,4666269","46,2760726","1.214,3138658","113,5910702","59,4082423","13.221,4772465",relativeToGround,,,,,,,,,,,,,,,,,,,,,,,,,,,,,,,,,,,,,,,,,,,,,,,,,,,,,,,,,,,,,,,,,,,,,,,,,,,,,,,,,,,,,,,,,,,,,,,,,Early Cretaceous,Albian,Dinosauria,Ornithischia,Genasauria,Neornithischia,Cerapoda,Ornithopoda,Iguanodontia,Ankylopollexia,Styracosterna,Hadrosauriformes,Hadrosauroidea,,,,,,,,,,Five partial skeletons (also with skulls).,"Norman, D.B. (1998). On Asian ornithopods (Dinosauria, Ornithischia). 3. A new species of iguanodontid dinosaur.","Altirhinus kurzanovi was a medium-sized iguanodontian from the Early Cretaceous of Asia. It had a distinctive high nasal crest, strong limbs, and a beak adapted for cropping vegetation. Likely fed on ferns, shrubs, and low trees, and may have lived in small herds for protection.",Herbivore,"Floodplains, lightly forested areas",https://drive.google.com/file/d/16xZjzrJyffBdBglOifoEZQLMnuLqIRlA/view?usp=drive_link
213,Alxasaurus elesitaiensis,valid,Russell & Dong,1994,"3,8 m",400 kg,"3,5",Asia,China,China,"91,9775972","41,4934298","1.199,8491739","359,8197205","0,0000000","10.341.207,3546696",relativeToGround,,,,,,,,,,,,,,,,,,,,,,,,,,,,,,,,,,,,,,,,,,,,,,,,,Inner Mongolia,Bayan Gobi,Bayan Gobi,"101,7907335","43,4142292","1.403,4042567","128,2800142","65,1224403","10.872,3092529",relativeToGround,,,,,,,,,,,,,,,,,,,,,,,,,,,,,,,,,,,,,,,,,,,,,,,,,,,,,,,,,,,,,,,,,,,,,,,,,,,,,,,,,,,,,,,,,,,,,,,,,Early Cretaceous,Aptian,Dinosauria,Saurischia,Eusaurischia,Theropoda,Neotheropoda,Averostra,Tetanurae,Orionides,Avetheropoda,Coelurosauria,Tyrannoraptora,Maniraptoriformes,Maniraptora,Therizinosauria,Therizinosauroidea,,,,,,At least five partial skeletons (also with skulls fragments).,"Russell and Dong, (1994). The affinities of a new theropod from the Alxa Desert, Inner Mongolia, People’s Republic of China.","Alxasaurus elesitaiensis was a small therizinosaur from the Early Cretaceous of China, with long forelimbs, large claws, and a small skull. Its herbivorous diet included leaves, shoots, and possibly fruits. Likely slow-moving, it may have used its claws for foraging or defense.",Herbivore,"Forested floodplains, open woodland",https://drive.google.com/file/d/1UQaJ6N8UaQQ4hbfcXowV6hScC37LmVR8/view?usp=drive_link
214,Amargasaurus cazaui,valid,Salgado & Bonaparte,1991,"11,9 m","3,5 t","3,5",South America,Argentina,Argentina,"-71,8643507","-34,8680283","1.685,0545519","9,0311496","8,9073784","11.033.475,1150632",relativeToGround,,,,,,,,,,,,,,,,,,,,,,,,,,,,,,,,,,,,,,,,,,,,,,,,,Neuquén,La Amarga,La Amarga,"-70,2004230","-3,3897451","868,9555183","10,4743367","51,6694211","674,4890939",relativeToGround,,,,,,,,,,,,,,,,,,,,,,,,,,,,,,,,,,,,,,,,,,,,,,,,,,,,,,,,,,,,,,,,,,,,,,,,,,,,,,,,,,,,,,,,,,,,,,,,,Early Cretaceous,Barremian-Early Aptian,Dinosauria,Saurischia,Eusaurischia,Sauropodomorpha,Plateosauria,Massopoda,Sauropodiformes,Anchisauria,Sauropoda,Gravisauria,Eusauropoda,Neosauropoda,Diplodocoidea,Diplodocimorpha,Flagellicaudata,Dicraeosauridae,,,,,"Virtually complete skeleton, including a fragmentary skull.","Salgado, L.; Bonaparte, J. F. (1991). ""Un nuevo sauropodo Dicraeosauridae, Amargasaurus cazaui gen. et sp. nov., de la Provincia del Neuquén, Argentina"".","Amargasaurus cazaui was a medium-sized sauropod from the Early Cretaceous of Argentina, notable for its double row of elongated neck and back spines. Its long neck allowed high browsing, while the spines may have been used for display, thermoregulation, or defense. Likely lived in herds.",Herbivore,"Open plains, lightly forested areas",https://drive.google.com/file/d/1KmkLqrdoZG13_Yl6edxSTsCCJKyIuleJ/view?usp=drive_link
215,Amargatitanis macni,valid,Apesteguía,2007,"12,4 m","3,9 t","2,5",South America,Argentina,Argentina,"-71,8643507","-34,8680283","1.685,0545519","9,0311496","8,9073784","11.033.475,1150632",relativeToGround,,,,,,,,,,,,,,,,,,,,,,,,,,,,,,,,,,,,,,,,,,,,,,,,,Neuquén,La Amarga,La Amarga,"-70,2004230","-39,5996239","868,9555183","10,4743367","51,6694211","674,4890939",relativeToGround,,,,,,,,,,,,,,,,,,,,,,,,,,,,,,,,,,,,,,,,,,,,,,,,,,,,,,,,,,,,,,,,,,,,,,,,,,,,,,,,,,,,,,,,,,,,,,,,,Early Cretaceous,Barremian-Early Aptian,Dinosauria,Saurischia,Eusaurischia,Sauropodomorpha,Plateosauria,Massopoda,Sauropodiformes,Anchisauria,Sauropoda,Gravisauria,Eusauropoda,Neosauropoda,Diplodocoidea,Diplodocimorpha,Flagellicaudata,Dicraeosauridae,,,,,"Two caudal vertebrae, incomplete right ischium, right femur, incomplete right tibia, incomplete right fibula, a right astragalus, and an incomplete right metatarsal I.","Ariel Gallina, Pablo (2016). ""Reappraisal Of The Early Cretaceous Sauropod Dinosaur Amargatitanis macni (Apesteguía, 2007), From Northwestern Patagonia, Argentina"".","Amargatitanis macni was a large sauropod from the Early Cretaceous of South America. It had a long neck, massive body, and columnar limbs to support its weight. Its teeth were adapted for stripping leaves and branches, feeding primarily on conifers and cycads. Likely moved in small herds to protect juveniles.",Herbivore,"Floodplains, forested areas, open plains",https://drive.google.com/file/d/1j26KqxoYtC_zskh18qzYd8J5VZiA3z9j/view?usp=drive_link
216,Amazonsaurus maranhensis,valid,Carvalho et al.,2003,10 m,2 t,2,South America,Brazil,Brazil,"-55,0206812","-9,4714612","-440,1819316","-4,9505023","3,9090220","11.520.775,7264650",relativeToGround,,,,,,,,,,,,,,,,,,,,,,,,,,,,,,,,,,,,,,,,,,,,,,,,,Maranhão,Itapecuru,Itapecuru,"-44,3603924","-3,3897451","13,1923526","71,9654434","64,1789893","832,2253589",relativeToGround,,,,,,,,,,,,,,,,,,,,,,,,,,,,,,,,,,,,,,,,,,,,,,,,,,,,,,,,,,,,,,,,,,,,,,,,,,,,,,,,,,,,,,,,,,,,,,,,,Early Cretaceous,Aptian-Albian,Dinosauria,Saurischia,Eusaurischia,Sauropodomorpha,Plateosauria,Massopoda,Sauropodiformes,Anchisauria,Sauropoda,Gravisauria,Eusauropoda,Neosauropoda,Diplodocoidea,Diplodocimorpha,Rebbachisauridae,,,,,,"Vertebrae, neural spines, chevrons, ilium, partial pubis, and three ribs.","Carvalho, I.S., Avilla, L.S., & Salgado, L. (2003). Amazonsaurus maranhensis gen. et sp. nov. (Sauropoda, Diplodocoidea) from the Lower Cretaceous (Aptian–Albian) of Brazil. ","Amazonsaurus maranhensis was a medium-to-large sauropod from the Early Cretaceous of Brazil. It had a long neck and tail, a lightly built body, and robust limbs for support. Its diet likely consisted of ferns, cycads, and low- to mid-height vegetation. Fossil evidence suggests it lived in semi-open forested floodplains.",Herbivore,"Floodplains, forest edges, river valleys",https://drive.google.com/file/d/1C3dOyimqG0xQPUNAcypBu3ahOfIjd8ow/view?usp=drive_link
217,Aquilops americanus,valid,Farke et al.,2014,"0,6 m","1,5 kg",2,North America,USA,USA,"-106,1951385","39,4392637","-12.595,5345205","0,8682536","3,1287964","8.466.423,6667228",relativeToGround,,,,,,,,,,,,,,,,,,,,,,,,,,,,,,,,,,,,,,,,,,,,,,,,,Montana,Cloverly,Cloverly,"-105,2572509","40,9961183","2.249,7630406","-11,7230444","58,1827428","2.845,1341316",relativeToGround,,,,,,,,,,,,,,,,,,,,,,,,,,,,,,,,,,,,,,,,,,,,,,,,,,,,,,,,,,,,,,,,,,,,,,,,,,,,,,,,,,,,,,,,,,,,,,,,,Early Cretaceous,Middle-Late Albian,Dinosauria,Ornithischia,Genasauria,Neornithischia,Cerapoda,Marginocephalia,Ceratopsia,Neoceratopsia,,,,,,,,,,,,,Partial skull.,"Farke, Andrew A.; Maxwell, W. Desmond; Cifelli, Richard L.; Wedel, Mathew J. (2014). ""A Ceratopsian Dinosaur from the Lower Cretaceous of Western North America, and the Biogeography of Neoceratopsia"".","Aquilops americanus was a tiny early ceratopsian from the Early Cretaceous of North America. Its small body, beak-like mouth, and leaf-shaped teeth suggest it fed on low-lying plants such as ferns and cycads. Agile and quick, it likely avoided predators through speed and camouflage.",Herbivore,"Forested plains, open woodlands",https://drive.google.com/file/d/1vpHNudEQaiisgcTUjmSBaBO_eWhtoWr1/view?usp=drive_link
218,Archaeoceratops oshimai,valid,Dong & Azuma,1997,1 m,7 kg,"2,5",Asia,China,China,"91,9775972","41,4934298","1.199,8491739","359,8197205","0,0000000","10.341.207,3546696",relativeToGround,,,,,,,,,,,,,,,,,,,,,,,,,,,,,,,,,,,,,,,,,,,,,,,,,Gansu,Zhonggou,Zhonggou,"89,1228086","31,0035645","5.013,9191436","-4,9557550","7,1699724","202.422,2381986",relativeToGround,,,,,,,,,,,,,,,,,,,,,,,,,,,,,,,,,,,,,,,,,,,,,,,,,,,,,,,,,,,,,,,,,,,,,,,,,,,,,,,,,,,,,,,,,,,,,,,,,Early Cretaceous,Albian,Dinosauria,Ornithischia,Genasauria,Neornithischia,Cerapoda,Marginocephalia,Ceratopsia,Neoceratopsia,,,,,,,,,,,,,Two partial skeletons (include one partial skull).,"You H.-L., Dodson P., (2003) Redescription of neoceratopsian dinosaur Archaeoceratops, and early evolution of Neoceratopsia.","Archaeoceratops oshimai was a small, early ceratopsian from the Early Cretaceous of Asia. It had a short frill, a small beaked skull, and leaf-shaped teeth adapted for browsing low vegetation. Likely lived in small groups for protection against small theropod predators.",Herbivore,"Forest edges, open plains",https://drive.google.com/file/d/1jo8_pWg8xmc0tTFyp1e9HVSQ3yKh3YT9/view?usp=drive_link
219,Baryonyx walkeri,valid,Charig & Milner,1986,"9,7 m",2 t,3,Europe,United Kingdom,United Kingdom,"-5,4282139","55,1022881","45,1485417","-15,6227355","6,3270023","2.554.337,5034103",relativeToGround,,,,,,,,,,,,,,,,,,,,,,,,,,,,,,,,,,,,,,,,,,,,,,,,,England,"Weald Clay, Wessex",Weald Clay,"-0,3184241","51,1364383","78,0680651","-26,3763232","55,8050441","403,4671667",relativeToGround,Wessex,"-1,4253961","50,6381282","6,7189694","11,5305626","42,7033295","244,8790554",relativeToGround,,,,,,,,,,,,,,,,,,,,,,,,,,,,,,,,,,,,,,,,,,,,,,,,,,,,,,,,,,,,,,,,,,,,,,,,,,,,,,,,,,,,,,,,,Early Cretaceous,Barremian,Dinosauria,Saurischia,Eusaurischia,Theropoda,Neotheropoda,Averostra,Tetanurae,Orionides,Megalosauroidea,Spinosauridae,Baryonychinae,,,,,,,,,,"A large part of the skeleton with skull fragments, referred many bones (mostly teeth).","Charig and Milner, (1986). Baryonyx, a remarkable new theropod dinosaur.","Baryonyx walkeri was a large spinosaurid from the Early Cretaceous of England. It had elongated jaws with conical teeth, a large claw on its first finger, and adaptations for fishing. Its diet included fish, small dinosaurs, and carrion. It may have been semi-aquatic, hunting along riverbanks and wetlands.",Carnivore/Fish-eater,"Riverbanks, wetlands, floodplains",https://drive.google.com/file/d/1ibhFAOxqGrzIGqJBo44CpJmTkjYi7nMq/view?usp=drive_link
220,Bayannurosaurus perfectus,valid,Xu et al.,2018,9 m,"3,2 t",4,Asia,China,China,"91,9775972","41,4934298","1.199,8491739","359,8197205","0,0000000","10.341.207,3546696",relativeToGround,,,,,,,,,,,,,,,,,,,,,,,,,,,,,,,,,,,,,,,,,,,,,,,,,Inner Mongolia,Bayingebi,Bayingebi,"101,7599705","43,4226162","1.785,6803505","8,1831181","18,8634609","1.724.598,8487625",relativeToGround,,,,,,,,,,,,,,,,,,,,,,,,,,,,,,,,,,,,,,,,,,,,,,,,,,,,,,,,,,,,,,,,,,,,,,,,,,,,,,,,,,,,,,,,,,,,,,,,,Early Cretaceous,Early Aptian,Dinosauria,Ornithischia,Genasauria,Neornithischia,Cerapoda,Ornithopoda,Iguanodontia,Ankylopollexia,Styracosterna,,,,,,,,,,,,"Nearly complete, semi-articulated skeleton with skull.","Xu, X., Tan, Q., Gao, Y., Bao, Z., Yin, Z., Guo, B., … Xing, H. (2018). A large-sized basal ankylopollexian from East Asia, shedding light on early biogeographic history of Iguanodontia.","Bayannurosaurus perfectus was a large, early iguanodontian from the Early Cretaceous of Asia. It had a long tail, robust limbs, and a beaked mouth with leaf-shaped teeth, adapted for feeding on ferns, cycads, and conifers. Likely moved in herds for protection.",Herbivore,"Floodplains, lightly forested areas",https://drive.google.com/file/d/1YPlcZ0RMUTfqY7P9a1RCTvlp2k9_7pVT/view?usp=drive_link
221,Beipiaognathus jii,valid,Hu et al.,2016,"1,6 m","2,8 kg",4,Asia,China,China,"91,9775972","41,4934298","1.199,8491739","359,8197205","0,0000000","10.341.207,3546696",relativeToGround,,,,,,,,,,,,,,,,,,,,,,,,,,,,,,,,,,,,,,,,,,,,,,,,,Liaoning,Yixian,Yixian,"121,2393704","41,5050969","82,6657561","84,9831423","60,5652589","584,2547594",relativeToGround,,,,,,,,,,,,,,,,,,,,,,,,,,,,,,,,,,,,,,,,,,,,,,,,,,,,,,,,,,,,,,,,,,,,,,,,,,,,,,,,,,,,,,,,,,,,,,,,,Early Cretaceous,Late Barremian-Early Aptian,Dinosauria,Saurischia,Eusaurischia,Theropoda,Neotheropoda,Averostra,Tetanurae,Orionides,Avetheropoda,Coelurosauria,Tyrannoraptora,Compsognathidae,,,,,,,,,Nearly complete skeleton with skull.,"Hu, Y; Wang, X; Huang, J (2016). ""A new species of compsognathid from the Early Cretaceous Yixian Formation of Western Liaoning, China"".","Beipiaognathus jii was a small, feathered theropod from the Early Cretaceous of China. Its body was covered in primitive feathers, and it had sharp teeth and claws for catching insects and small vertebrates. Likely arboreal or semi-arboreal, using its feathers for display or thermoregulation.",Carnivore/Insectivore,Forested areas,https://drive.google.com/file/d/1XzKp7p3wGs1hRQ5q1_z2widzZQQLPPvS/view?usp=drive_link
222,Beipiaosaurus inexpectus,valid,Xu et al.,1999,"1,8 m",43 kg,3,Asia,China,China,"91,9775972","41,4934298","1.199,8491739","359,8197205","0,0000000","10.341.207,3546696",relativeToGround,,,,,,,,,,,,,,,,,,,,,,,,,,,,,,,,,,,,,,,,,,,,,,,,,Liaoning,Yixian,Yixian,"121,2393704","41,5050969","82,6657561","84,9831423","60,5652589","584,2547594",relativeToGround,,,,,,,,,,,,,,,,,,,,,,,,,,,,,,,,,,,,,,,,,,,,,,,,,,,,,,,,,,,,,,,,,,,,,,,,,,,,,,,,,,,,,,,,,,,,,,,,,Early Cretaceous,Late Barremian-Early Aptian,Dinosauria,Saurischia,Eusaurischia,Theropoda,Neotheropoda,Averostra,Tetanurae,Orionides,Avetheropoda,Coelurosauria,Tyrannoraptora,Maniraptoriformes,Maniraptora,Therizinosauria,Therizinosauroidea,,,,,,Three partial skeletons also with skull.,"Xu, X., Tang, Z-L., & Wang, X-L. (1999). ""A therizinosauroid dinosaur with integumentary structures from China"".","Beipiaosaurus inexpectus was a therizinosaur from the Early Cretaceous of China. It had long forelimbs with large claws, a small skull, and a toothless beak as an adult. Likely herbivorous, feeding on leaves and shoots, and its feathers may have served for thermoregulation or display.",Herbivore,Forested floodplains,https://drive.google.com/file/d/1FI6fuvnBPkZWZM1SVa8yFUQONhyXhugz/view?usp=drive_link
223,Beishanlong grandis,valid,Makovicky et al.,2010,5 m,500 kg,3,Asia,China,China,"91,9775972","41,4934298","1.199,8491739","359,8197205","0,0000000","10.341.207,3546696",relativeToGround,,,,,,,,,,,,,,,,,,,,,,,,,,,,,,,,,,,,,,,,,,,,,,,,,Gansu,Xiagou,Xiagou,"96,7999825","39,8999795","2.007,3280943","15,6206533","65,0715770","494,9513300",relativeToGround,,,,,,,,,,,,,,,,,,,,,,,,,,,,,,,,,,,,,,,,,,,,,,,,,,,,,,,,,,,,,,,,,,,,,,,,,,,,,,,,,,,,,,,,,,,,,,,,,Early Cretaceous,Aptian,Dinosauria,Saurischia,Eusaurischia,Theropoda,Neotheropoda,Averostra,Tetanurae,Orionides,Avetheropoda,Coelurosauria,Tyrannoraptora,Maniraptoriformes,Ornithomimosauria,Possibly Deinocheiridae,,,,,,,"Incomplete skeleton, referred other fragments.","Makovicky, Li, Gao, Lewin, Erickson and Norell, (2010). A giant ornithomimosaur from the Early Cretaceous of China.","Beishanlong grandis was a large ornithomimosaur from the Early Cretaceous of China. It had long legs, a lightweight body, and a beaked mouth adapted for omnivory. Likely fast and agile, it may have fed on plants, insects, and small vertebrates.",Omnivore,"Open plains, lightly wooded areas",https://drive.google.com/file/d/1BG1BdLuCZHOWjH0ury0PmCmri6Hg_x5l/view?usp=drive_link
224,Bolong yixianensis,valid,Wu et al.,2010,4 m,280 kg,4,Asia,China,China,"91,9775972","41,4934298","1.199,8491739","359,8197205","0,0000000","10.341.207,3546696",relativeToGround,,,,,,,,,,,,,,,,,,,,,,,,,,,,,,,,,,,,,,,,,,,,,,,,,"Liaoning,
Inner Mongolia",Yixian,Yixian,"121,2393704","41,5050969","82,6657561","84,9831423","60,5652589","584,2547594",relativeToGround,,,,,,,,,,,,,,,,,,,,,,,,,,,,,,,,,,,,,,,,,,,,,,,,,,,,,,,,,,,,,,,,,,,,,,,,,,,,,,,,,,,,,,,,,,,,,,,,,Early Cretaceous,Late Barremian-Early Aptian,Dinosauria,Ornithischia,Genasauria,Neornithischia,Cerapoda,Ornithopoda,Iguanodontia,Ankylopollexia,Styracosterna,Hadrosauriformes,Possibly Hadrosauroidea,,,,,,,,,,Two almost complete skeletons.,"Wu Wen-hao; Pascal Godefroit; Hu Dong-yu (2010). ""Bolong yixianensis gen. et sp. nov.: A new Iguanodontoid dinosaur from the Yixian Formation of Western Liaoning, China"".
Zheng; Wenjie; Jin; Xingsheng; Shibata; Masteru; Azuma & Yoichi (2013). ""An early juvenile specimen of Bolong yixianensis (Ornithopoda:Iguanodontia) from the Lower Cretaceous of Ningcheng County, Nei Mongol, China"".","Bolong yixianensis was a medium-sized iguanodontian from the Early Cretaceous of China. It had a beaked mouth, leaf-shaped teeth, and strong limbs for both bipedal and quadrupedal locomotion. Likely fed on low- to mid-height vegetation and may have lived in small herds.",Herbivore,"Floodplains, forest edges",https://drive.google.com/file/d/1mnf-GYqXrlx9JWonMpWfmHvNPUbPqvkY/view?usp=drive_link
225,Borealopelta markmitchelli,valid,Brown et al.,2017,"5,7 m","1,3 t",4,North America,Canada,Canada,"-105,2719900","60,9349778","-1.126,3303302","-5,8002658","5,2501949","10.072.046,3753986",relativeToGround,,,,,,,,,,,,,,,,,,,,,,,,,,,,,,,,,,,,,,,,,,,,,,,,,Alberta,Clearwater,Clearwater,"-111,3409525","58,0139109","236,0734880","85,2070858","58,7489117","1.047,5467403",relativeToGround,,,,,,,,,,,,,,,,,,,,,,,,,,,,,,,,,,,,,,,,,,,,,,,,,,,,,,,,,,,,,,,,,,,,,,,,,,,,,,,,,,,,,,,,,,,,,,,,,Early Cretaceous,Aptian,Dinosauria,Ornithischia,Genasauria,Thyreophora,Eurypoda,Ankylosauria,Nodosauridae,,,,,,,,,,,,,,One of the best preserved dinosaur ever find. Large part of skeleton (also with skull) with soft tissue.,"Brown, C.M.; Henderson, D.M.; Vinther, J.; Fletcher, I.; Sistiaga, A.; Herrera, J.; Summons, R.E. (2017). ""An Exceptionally Preserved Three-Dimensional Armored Dinosaur Reveals Insights into Coloration and Cretaceous Predator-Prey Dynamics"".","Borealopelta markmitchelli was a large ankylosaur from the Early Cretaceous of North America. Its body was covered in extensive armor, including large plates and spines, providing protection against predators. It had a beaked mouth and leaf-shaped teeth for browsing low vegetation.",Herbivore,"Floodplains, river valleys, lightly forested areas",https://drive.google.com/file/d/1Oc_MPPKO9JsGZ6uV-8VucIL1b-FkNe16/view?usp=drive_link
226,Camarillasaurus cirugedae,valid,Sánchez-Hernández & Benton,2014,"5,5 m",270 kg,2,Europe,Spain,Spain,"-4,3664930","41,1997794","25,3549813","-4,9911449","3,4457370","2.044.570,0387394",relativeToGround,,,,,,,,,,,,,,,,,,,,,,,,,,,,,,,,,,,,,,,,,,,,,,,,,Aragon,Camarillas,Camarillas,"-0,7367638","40,6101962","1.360,7399532","16,4097117","61,3765915","278,1950930",relativeToGround,,,,,,,,,,,,,,,,,,,,,,,,,,,,,,,,,,,,,,,,,,,,,,,,,,,,,,,,,,,,,,,,,,,,,,,,,,,,,,,,,,,,,,,,,,,,,,,,,Early Cretaceous,Early Barremian,Dinosauria,Saurischia,Eusaurischia,Theropoda,Neotheropoda,Averostra,Ceratosauria,,,,,,,,,,,,,,"Partial tooth, vertebrae, ribs, limb elements and other bones.","Sánchez-Hernández, B., Benton, M.J. (2014). “Filling the ceratosaur gap: A new ceratosaurian theropod from the Early Cretaceous of Spain”.","Camarillasaurus cirugedae was a small to medium-sized theropod from the Early Cretaceous of Spain. It had sharp teeth, a lightly built body, and long limbs for speed. Likely hunted small vertebrates and may have scavenged when the opportunity arose.",Carnivore,"Semi-arid plains, forest edges",https://drive.google.com/file/d/1z61doOuRy9RVVgirsvZl_0inv4FQPJlW/view?usp=drive_link
227,Caudipteryx dongi,valid,Zhou & Wang,2000,"0,8 m","2,3 kg",3,Asia,China,China,"91,9775972","41,4934298","1.199,8491739","359,8197205","0,0000000","10.341.207,3546696",relativeToGround,,,,,,,,,,,,,,,,,,,,,,,,,,,,,,,,,,,,,,,,,,,,,,,,,Liaoning,Yixian,Yixian,"121,2393704","41,5050969","82,6657561","84,9831423","60,5652589","584,2547594",relativeToGround,,,,,,,,,,,,,,,,,,,,,,,,,,,,,,,,,,,,,,,,,,,,,,,,,,,,,,,,,,,,,,,,,,,,,,,,,,,,,,,,,,,,,,,,,,,,,,,,,Early Cretaceous,Late Barremian-Early Aptian,Dinosauria,Saurischia,Eusaurischia,Theropoda,Neotheropoda,Averostra,Tetanurae,Orionides,Avetheropoda,Coelurosauria,Tyrannoraptora,Maniraptoriformes,Maniraptora,Pennaraptora,Oviraptorosauria,Caudipteridae,,,,,Majority of skeleton with partial skull.,"Zhou, Z., Wang, X. (2000). ""A new species of Caudipteryx from the Yixian Formation of Liaoning, northeast China"".","Caudipteryx dongi was a small feathered theropod from the Early Cretaceous of China. It had feathered arms resembling wings, a short tail, and a small skull with teeth. Likely used its feathers for display and thermoregulation while feeding on insects, small vertebrates, and possibly plant material.",Omnivore,"Forested areas, lightly wooded plains",https://drive.google.com/file/d/15GTdG2wgYzr43EjjmLqePsiW60arNkeO/view?usp=drive_link
228,Caudipteryx zoui,valid,"Ji, Currie, Norell & Ji",1998,"0,78 m","2,2 kg",4,Asia,China,China,"91,9775972","41,4934298","1.199,8491739","359,8197205","0,0000000","10.341.207,3546696",relativeToGround,,,,,,,,,,,,,,,,,,,,,,,,,,,,,,,,,,,,,,,,,,,,,,,,,Liaoning,Yixian,Yixian,"121,2393704","41,5050969","82,6657561","84,9831423","60,5652589","584,2547594",relativeToGround,,,,,,,,,,,,,,,,,,,,,,,,,,,,,,,,,,,,,,,,,,,,,,,,,,,,,,,,,,,,,,,,,,,,,,,,,,,,,,,,,,,,,,,,,,,,,,,,,Early Cretaceous,Late Barremian-Early Aptian,Dinosauria,Saurischia,Eusaurischia,Theropoda,Neotheropoda,Averostra,Tetanurae,Orionides,Avetheropoda,Coelurosauria,Tyrannoraptora,Maniraptoriformes,Maniraptora,Pennaraptora,Oviraptorosauria,Caudipteridae,,,,,At least 3 (4-6 (uncertain)) skeletons (include almost complete) with skulls and feathers.,"Ji, Q., Currie, P.J., Norell, M.A., Ji, S. (1998). ""Two feathered dinosaurs from northeastern China"".","Caudipteryx zoui was similar to C. dongi, a small feathered dinosaur with primitive wings, a short tail, and sharp teeth for small prey. It likely foraged in forested habitats, using its agility and feathers to escape predators and for social display.",Omnivore,Forested areas,https://drive.google.com/file/d/1y-GxDFtxYRJ07wGlq6lY-fuNEoPEPNR8/view?usp=drive_link
229,Cedarosaurus weiskopfae,valid,"Tidwell, Carpenter & Brooks",1999,"15,4 m","9,3 t",3,North America,USA,USA,"-106,1951385","39,4392637","-12.595,5345205","0,8682536","3,1287964","8.466.423,6667228",relativeToGround,,,,,,,,,,,,,,,,,,,,,,,,,,,,,,,,,,,,,,,,,,,,,,,,,"Utah, Texas","Cedar Mountain,
Paluxy",Cedar Mountain,"-110,8233313","39,2493001","1.793,0678053","-28,3572350","60,5447796","408,1631337",relativeToGround,Paluxy,"-97,8094999","32,2529321","222,4243705","66,8762172","62,3374016","479,4544626",relativeToGround,,,,,,,,,,,,,,,,,,,,,,,,,,,,,,,,,,,,,,,,,,,,,,,,,,,,,,,,,,,,,,,,,,,,,,,,,,,,,,,,,,,,,,,,,Early Cretaceous,"Approx. Valanginian, Albian",Dinosauria,Saurischia,Eusaurischia,Sauropodomorpha,Plateosauria,Massopoda,Sauropodiformes,Anchisauria,Sauropoda,Gravisauria,Eusauropoda,Neosauropoda,Macronaria,Titanosauriformes,Brachiosauridae,,,,,,"Partial skeleton, referred (uncertain) incomplete tibia and ﬁbula, astragalus, ﬁve metatarsals and 11 phalanges.","D’Emic, Michael D. (2012). ""Revision of the sauropod dinosaurs of the Lower Cretaceous Trinity Group, southern USA, with the description of a new genus"".","Cedarosaurus weiskopfae was a large sauropod from the Early Cretaceous of North America. It had a long neck, massive body, and pillar-like limbs, allowing it to feed on high vegetation. Likely traveled in herds and moved across floodplains, feeding on conifers, ferns, and cycads.",Herbivore,"Floodplains, lightly forested areas, river valleys",https://drive.google.com/file/d/1Mp5tVcIMazxoIhvuhLbk5l4WThk_3Zca/view?usp=drive_link
230,Concavenator corcovatus,valid,"Ortega, Escaso & Sanz",2010,"5,8 m",550 kg,4,Europe,Spain,Spain,"-4,3664930","41,1997794","25,3549813","-4,9911449","3,4457370","2.044.570,0387394",relativeToGround,,,,,,,,,,,,,,,,,,,,,,,,,,,,,,,,,,,,,,,,,,,,,,,,,Castilla-La Mancha,La Huérguina,La Huérguina,"-1,8979814","40,0913531","1.285,8773709","111,5370423","62,5453591","765,6230438",relativeToGround,,,,,,,,,,,,,,,,,,,,,,,,,,,,,,,,,,,,,,,,,,,,,,,,,,,,,,,,,,,,,,,,,,,,,,,,,,,,,,,,,,,,,,,,,,,,,,,,,Early Cretaceous,Barremian,Dinosauria,Saurischia,Eusaurischia,Theropoda,Neotheropoda,Averostra,Tetanurae,Orionides,Avetheropoda,Carnosauria,Allosauroidea,Allosauria,Carcharodontosauria,Carcharodontosauridae,,,,,,,Almost complete skeleton with skull.,"Ortega, Escaso and Sanz, (2010). A bizarre, humped Carcharodontosauria (Theropoda) from the Lower Cretaceous of Spain.","Concavenator corcovatus was a medium-sized carcharodontosaurid from the Early Cretaceous of Spain. It had a distinctive hump-like structure on its back, a large skull with sharp serrated teeth, and strong limbs. Likely an apex predator, it hunted medium-sized dinosaurs, using stealth and ambush strategies.",Carnivore,"Semi-arid plains, forest edges",https://drive.google.com/file/d/1KsWHnK13MWCCTDGZ96-anttJgSeAMHPs/view?usp=drive_link
231,Convolosaurus marri,valid,Andrzejewski et al.,2019,"3,3 m",65 kg,"3,5",North America,USA,USA,"-106,1951385","39,4392637","-12.595,5345205","0,8682536","3,1287964","8.466.423,6667228",relativeToGround,,,,,,,,,,,,,,,,,,,,,,,,,,,,,,,,,,,,,,,,,,,,,,,,,Texas,Twin Mountains,Twin Mountains,"-97,8365773","32,4599235","234,0676709","-4,0486992","55,0591955","1.719,6645804",relativeToGround,,,,,,,,,,,,,,,,,,,,,,,,,,,,,,,,,,,,,,,,,,,,,,,,,,,,,,,,,,,,,,,,,,,,,,,,,,,,,,,,,,,,,,,,,,,,,,,,,Early Cretaceous,Aptian,Dinosauria,Ornithischia,Genasauria,Neornithischia,Cerapoda,Ornithopoda,,,,,,,,,,,,,,,At least 29 individuals (also skulls).,"Andrzejewski, K.A., Winkler, D.A., Jacobs, L.L.. (2019). ""A new basal ornithopod (Dinosauria: Ornithischia) from the Early Cretaceous of Texas"".","Convolosaurus marri was a small ornithopod from the Early Cretaceous of North America. It had a lightly built body, a small skull, and leaf-shaped teeth for shredding low-growing vegetation. Agile and social, it likely lived in small herds to avoid predators.",Herbivore,"Forest edges, open plains",https://drive.google.com/file/d/199CMI6j-TPD8FBYzwAM1kH_c-BoB8gmI/view?usp=drive_link
232,Crichtonpelta benxiensis,valid,Arbour & Currie,2016,"4,1 m",600 kg,3,Asia,China,China,"91,9775972","41,4934298","1.199,8491739","359,8197205","0,0000000","10.341.207,3546696",relativeToGround,,,,,,,,,,,,,,,,,,,,,,,,,,,,,,,,,,,,,,,,,,,,,,,,,Liaoning,Sunjiawan,Sunjiawan,"120,7999954","41,7001186","121,8790730","9,1315767","54,6586215","240,5801206",relativeToGround,,,,,,,,,,,,,,,,,,,,,,,,,,,,,,,,,,,,,,,,,,,,,,,,,,,,,,,,,,,,,,,,,,,,,,,,,,,,,,,,,,,,,,,,,,,,,,,,,Early Cretaceous,Albian,Dinosauria,Ornithischia,Genasauria,Thyreophora,Eurypoda,Ankylosauria,Ankylosauridae,Ankylosaurinae,,,,,,,,,,,,,"Nearly complete skull, referred an incomplete skeleton without skull and another skull.","Arbour, V. M., & Currie, P. J. (2016). Systematics, phylogeny and palaeobiogeography of the ankylosaurid dinosaurs.",Crichtonpelta benxiensis was a medium-sized ankylosaur from the Early Cretaceous of China. Its body was covered in bony armor plates and spikes along the back and tail for defense. It had a beaked mouth and teeth adapted for browsing low vegetation.,Herbivore,"Forested plains, river valleys",https://drive.google.com/file/d/1yplXvVYXNQ_H9qn1d-chIUxUkn7M2g1O/view?usp=drive_link
233,Cristatusaurus lapparenti,valid,Taquet & Russell,1998,12 m,4 t,2,Africa,Niger,Niger,"8,0139253","19,3154853","2.006,8861861","-7,4368094","4,9390099","4.309.242,5949115",relativeToGround,,,,,,,,,,,,,,,,,,,,,,,,,,,,,,,,,,,,,,,,,,,,,,,,,Agadez,Elrhaz,Elrhaz,"9,4999666","16,8004156","549,8645471","0,5377411","53,6741889","784,6042924",relativeToGround,,,,,,,,,,,,,,,,,,,,,,,,,,,,,,,,,,,,,,,,,,,,,,,,,,,,,,,,,,,,,,,,,,,,,,,,,,,,,,,,,,,,,,,,,,,,,,,,,Early Cretaceous,Aptian-Albian,Dinosauria,Saurischia,Eusaurischia,Theropoda,Neotheropoda,Averostra,Tetanurae,Orionides,Megalosauroidea,Spinosauridae,Baryonychinae,,,,,,,,,,"Fragmentary skull, referred dorsal vertebrae, dorsal neural arch and premaxilla, other material (uncertain)","Taquet, P., & Russell, D. A. (1998). New data on spinosaurid dinosaurs from the early cretaceous of the Sahara.","Cristatusaurus lapparenti was a medium to large theropod from the Early Cretaceous of Africa. It had a long skull with sharp teeth, powerful hind limbs, and may have hunted medium-sized dinosaurs and smaller vertebrates. Its lightweight frame allowed speed and agility in forested and semi-open habitats.",Carnivore,"Semi-arid plains, forested areas",https://drive.google.com/file/d/10WviWS7nVOSoI7NO4hazTuNxhufRLok8/view?usp=drive_link
234,Dakotadon lakotaensis,valid,Paul,2008,"5,8 m",850 kg,2,North America,USA,USA,"-106,1951385","39,4392637","-12.595,5345205","0,8682536","3,1287964","8.466.423,6667228",relativeToGround,,,,,,,,,,,,,,,,,,,,,,,,,,,,,,,,,,,,,,,,,,,,,,,,,South Dakota,Lakota,Lakota,"-103,2789797","43,9382321","1.278,6976103","15,7816224","68,4974084","460,4236603",relativeToGround,,,,,,,,,,,,,,,,,,,,,,,,,,,,,,,,,,,,,,,,,,,,,,,,,,,,,,,,,,,,,,,,,,,,,,,,,,,,,,,,,,,,,,,,,,,,,,,,,Early Cretaceous,Approx. Valanginian,Dinosauria,Ornithischia,Genasauria,Neornithischia,Cerapoda,Ornithopoda,Iguanodontia,Ankylopollexia,Styracosterna,,,,,,,,,,,,"Partial skull, lower jaws, and associated dorsal and caudal vertebrae.","Boyd & Pagnac (2015) Insight on the anatomy, systematic relationships, and age of the Early Cretaceous ankylopollexian dinosaur Dakotadon lakotaensis.","Dakotadon lakotaensis was a medium-sized iguanodontian from the Early Cretaceous of North America. It had a beaked mouth and leaf-shaped teeth, strong limbs for both bipedal and quadrupedal movement, and likely fed on low- to mid-height vegetation. May have traveled in small herds.",Herbivore,"Floodplains, lightly forested areas",https://drive.google.com/file/d/1gelyh0nzypTuC7WtOQkqjn-93rJEftUA/view?usp=drive_link
235,Daliansaurus liaoningensis,valid,Shen et al.,2017,1 m,"3,4 kg",4,Asia,China,China,"91,9775972","41,4934298","1.199,8491739","359,8197205","0,0000000","10.341.207,3546696",relativeToGround,,,,,,,,,,,,,,,,,,,,,,,,,,,,,,,,,,,,,,,,,,,,,,,,,Liaoning,Yixian,Yixian,"121,2393704","41,5050969","82,6657561","84,9831423","60,5652589","584,2547594",relativeToGround,,,,,,,,,,,,,,,,,,,,,,,,,,,,,,,,,,,,,,,,,,,,,,,,,,,,,,,,,,,,,,,,,,,,,,,,,,,,,,,,,,,,,,,,,,,,,,,,,Early Cretaceous,Late Barremian-Early Aptian,Dinosauria,Saurischia,Eusaurischia,Theropoda,Neotheropoda,Averostra,Tetanurae,Orionides,Avetheropoda,Coelurosauria,Tyrannoraptora,Maniraptoriformes,Maniraptora,Pennaraptora,Paraves,Troodontidae,Sinovenatorinae,,,,Almost complete skeleton with skull.,"Shen, Lu, Liu, Kundrat, Brusatte and Gao, (2017). A new troodontid dinosaur from the Lower Cretaceous Yixian Formation of Liaoning Province, China.","Daliansaurus liaoningensis was a small, agile troodontid from the Early Cretaceous of China. It had sharp teeth, long legs, and large eyes, suggesting it was an active predator of small vertebrates and possibly insects. Likely covered in primitive feathers.",Carnivore,"Forested areas, open woodland",https://drive.google.com/file/d/1ewAno7um8ql4H223lLlSqMFKOZGE5DRK/view?usp=drive_link
237,Daxiatitan binglingi,valid,"You, Li, Zhou & Ji",2008,23 m,25 t,3,Asia,China,China,"91,9775972","41,4934298","1.199,8491739","359,8197205","0,0000000","10.341.207,3546696",relativeToGround,,,,,,,,,,,,,,,,,,,,,,,,,,,,,,,,,,,,,,,,,,,,,,,,,Gansu,Hekou Group,Hekou Group,"103,2985515","35,9001764","1.754,4883695","-46,6505790","59,5454196","391,6205394",relativeToGround,,,,,,,,,,,,,,,,,,,,,,,,,,,,,,,,,,,,,,,,,,,,,,,,,,,,,,,,,,,,,,,,,,,,,,,,,,,,,,,,,,,,,,,,,,,,,,,,,Early Cretaceous,Uncertain,Dinosauria,Saurischia,Eusaurischia,Sauropodomorpha,Plateosauria,Massopoda,Sauropodiformes,Anchisauria,Sauropoda,Gravisauria,Eusauropoda,Neosauropoda,Macronaria,Titanosauriformes,Somphospondyli,Possibly Titanosauria,,,,,"Vertebrae, ribs, hemal arch, right scapula, right coracoid and right femur.","You, H.-L.; Li, D.-Q.; Zhou, L.-Q.; Ji, Q (2008). ""Daxiatitan binglingi: a giant sauropod dinosaur from the Early Cretaceous of China"". Gansu Geology.","Daxiatitan binglingi was a gigantic sauropod from the Early Cretaceous of China. Its extremely long neck allowed feeding on tall trees, while its massive body was supported by pillar-like limbs. Likely moved in herds for protection and for efficient foraging.",Herbivore,"Floodplains, lightly forested areas",https://drive.google.com/file/d/1z6Ohpm-hEmNbh8ith-4oiwZpaXsEHCfk/view?usp=drive_link
238,Deinonychus antirrhopus,valid,Ostrom,1969,"3,55 m",100 kg,4,North America,USA,USA,"-106,1951385","39,4392637","-12.595,5345205","0,8682536","3,1287964","8.466.423,6667228",relativeToGround,,,,,,,,,,,,,,,,,,,,,,,,,,,,,,,,,,,,,,,,,,,,,,,,,"Montana, Wyoming, Oklahoma,
Maryland, Texas, Arizona","Cloverly, Antlers, Arundel, Trinity Group,
Woodbine",Cloverly,"-105,2572509","40,9961183","2.249,7630406","-11,7230444","58,1827428","2.845,1341316",relativeToGround,Antlers,"-95,0421711","33,7403294","140,4083821","-131,2310104","60,1241181","496,1044156",relativeToGround,Trinity Group,"-97,7646444","29,9558772","164,4096723","19,4452305","60,7408241","1.820,0486174",relativeToGround,Woodbine ,"-95,3277160","33,3211143","128,0994511","-7,9850056","59,5661292","1.357,8475134",relativeToGround,Arundel ,"-75,9630456","39,2753665","19,2154528","179,1386267","60,1431690","1.575,2564549",relativeToGround,,,,,,,,,,,,,,,,,,,,,,,,,,,,,,,,,,,,,,,,,,,,,,,,,,,,,,,,,,,,,,,,,Early Cretaceous,Aptian-Albian,Dinosauria,Saurischia,Eusaurischia,Theropoda,Neotheropoda,Averostra,Tetanurae,Orionides,Avetheropoda,Coelurosauria,Tyrannoraptora,Maniraptoriformes,Maniraptora,Pennaraptora,Paraves,Dromaeosauridae,Eudromaeosauria,Possibly Velociraptorinae,,,Many individuals and referred many teeth.,"Ostrom, (1969). Osteology of Deinonychus antirrhopus, an unusual theropod from the Lower Cretaceous of Montana.
Parsons and Parsons, (2015). Morphological variations within the ontogeny of Deinonychus antirrhopus (Theropoda, Dromaeosauridae).
Mortimer - Theropod database (online).","Deinonychus antirrhopus was a medium-sized dromaeosaurid from the Early Cretaceous of North America. It had large sickle-shaped claws on its feet, sharp teeth, and a flexible, lightweight body for hunting mid-sized prey. Likely hunted in packs, relying on speed and coordination.",Carnivore,"Forested floodplains, river valleys",https://drive.google.com/file/d/1Zma8SVo4dbsQvApH3r2hFt9p4H20madY/view?usp=drive_link
239,Hypsilophodon foxii,valid,Huxley,1869,"2,15 m",21 kg,4,Europe,United Kingdom,United Kingdom,"-5,4282139","55,1022881","45,1485417","-15,6227355","6,3270023","2.554.337,5034103",relativeToGround,,,,,,,,,,,,,,,,,,,,,,,,,,,,,,,,,,,,,,,,,,,,,,,,,England,Wessex,Wessex,"-1,4253961","50,6381282","6,7189694","11,5305626","42,7033295","244,8790554",relativeToGround,,,,,,,,,,,,,,,,,,,,,,,,,,,,,,,,,,,,,,,,,,,,,,,,,,,,,,,,,,,,,,,,,,,,,,,,,,,,,,,,,,,,,,,,,,,,,,,,,Early Cretaceous,Barremian,Dinosauria,Ornithischia,Genasauria,Neornithischia,Possibly Cerapoda,Possibly Ornithopoda,,,,,,,,,,,,,,,Many individuals (include complete skeletons and skulls).,"Galton, Peter M. (2009). ""Notes on Neocomian (Late Cretaceous) ornithopod dinosaurs from England - Hypsilophodon, Valdosaurus, ""Camptosaurus"", ""Iguanodon"" – and referred specimens from Romania and elsewhere"".","Hypsilophodon foxii was a small, agile ornithopod from the Early Cretaceous of Europe. It had long legs for running, a small head with leaf-shaped teeth, and likely fed on low-lying vegetation. Its agility helped it evade predators, and it may have lived in small groups.",Herbivore,"Forest edges, open plains",https://drive.google.com/file/d/1nRHsKUjrvoLFeeU4f_nkRybCqwvBqCCt/view?usp=drive_link
240,Ichthyovenator laosensis,valid,Allain et al.,2012,"10,5 m","2,4 t",3,Asia,Laos,Laos,"103,5741240","19,9278870","1.804,2348974","-4,9658275","3,8361887","2.999.117,8572071",relativeToGround,,,,,,,,,,,,,,,,,,,,,,,,,,,,,,,,,,,,,,,,,,,,,,,,,Savannakhet,Grès supérieurs,Grès supérieurs,"106,0006068","17,0002467","221,3338620","89,5773433","57,6728703","628,9859038",relativeToGround,,,,,,,,,,,,,,,,,,,,,,,,,,,,,,,,,,,,,,,,,,,,,,,,,,,,,,,,,,,,,,,,,,,,,,,,,,,,,,,,,,,,,,,,,,,,,,,,,Early Cretaceous,Aptian,Dinosauria,Saurischia,Eusaurischia,Theropoda,Neotheropoda,Averostra,Tetanurae,Orionides,Megalosauroidea,Spinosauridae,Spinosaurinae,,,,,,,,,,"Ilia, pubes, ischia, ribs and vertebrae. Referred teeth, vertebrae and pubis.","Allain, Xaisanavong, Richir and Khentavong, (2012). The first definitive Asian spinosaurid (Dinosauria: Theropoda) from the Early Cretaceous of Laos.","Ichthyovenator laosensis was a medium-sized spinosaurid from the Early Cretaceous of Laos. Its elongated jaws with conical teeth indicate a diet of fish, but it may also have eaten small dinosaurs. Its sail may have been used for display or thermoregulation.",Carnivore/Fish-eater,"Riverbanks, floodplains, wetlands",https://drive.google.com/file/d/1wcW9Y0IN0LbFtaS6dS0I20s3t-p8_4JU/view?usp=drive_link
241,Iguanacolossus fortis,valid,McDonald et al.,2010,"9,8 m",5 t,3,North America,USA,USA,"-106,1951385","39,4392637","-12.595,5345205","0,8682536","3,1287964","8.466.423,6667228",relativeToGround,,,,,,,,,,,,,,,,,,,,,,,,,,,,,,,,,,,,,,,,,,,,,,,,,Utah,Cedar Mountain,Cedar Mountain,"-110,8233313","39,2493001","1.793,0678053","-28,3572350","60,5447796","408,1631337",relativeToGround,,,,,,,,,,,,,,,,,,,,,,,,,,,,,,,,,,,,,,,,,,,,,,,,,,,,,,,,,,,,,,,,,,,,,,,,,,,,,,,,,,,,,,,,,,,,,,,,,Early Cretaceous,Valanginian,Dinosauria,Ornithischia,Genasauria,Neornithischia,Cerapoda,Ornithopoda,Iguanodontia,Ankylopollexia,Styracosterna,,,,,,,,,,,,"Partial skeleton (vertebrae, ilium and other elements) with skull fragments.","McDonald AT, Kirkland JI, DeBlieux DD, Madsen SK, Cavin J, et al. (2010). ""New Basal Iguanodonts from the Cedar Mountain Formation of Utah and the Evolution of Thumb-Spiked Dinosaurs"".","Iguanacolossus fortis was a large iguanodontian from the Early Cretaceous of North America. Its robust body, long tail, and beaked mouth allowed it to feed on a variety of low- and mid-height vegetation. Likely moved in herds for protection.",Herbivore,"Floodplains, open woodlands",https://drive.google.com/file/d/1U8pdKK_IqYY3661bnZfKabLYsx0iftME/view?usp=drive_link
242,Iguanodon bernissartensis,valid,Boulenger,1881,"12,5 m","8,5 t",4,Europe,"Belgium,
United Kingdom, Spain,
Germany,
France",Belgium,"4,2699918","50,8767386","-117,0269200","-4,9862715","3,1557206","1.336.086,1647767",relativeToGround,United Kingdom,"-5,4282139","55,1022881","45,1485417","-15,6227355","6,3270023","2.554.337,5034103",relativeToGround,Spain,"-4,3664930","41,1997794","25,3549813","-4,9911449","3,4457370","2.044.570,0387394",relativeToGround,Germany,"8,2575616","50,4691146","498,7920880","-15,5289244","0,7332085","2.688.036,2326142",relativeToGround,France,"-3,2555052","45,7371162","-454,1603896","-16,6623723","0,7580395","3.564.878,4383762",relativeToGround,,,,,,,,,,,,,,,,,"Hainaut,
England, Valencian Community, North Rhine-Westphalia, Grand Est","Sainte-Barbe Clays, Argiles à Plicatules, Argiles Ostréennes, Grès et sables piquetés, Capas Rojas, Arcillas de Morella, Wealden Group, Wessex",Sainte-Barbe Clays,"3,5986945","50,5000924","33,9108128","84,0900264","54,5907961","384,2990139",relativeToGround,Argiles à Plicatules,"2,3397492","49,3364969","105,9160906","80,6042142","65,5271491","306,2404517",relativeToGround,Argiles Ostréennes ,"1,7110284","49,1769275","149,8225603","26,6098537","54,6083989","414,5642767",relativeToGround,Grès et sables piquetés,"5,3469601","48,0801848","396,4673273","147,7108204","61,7163453","751,0665843",relativeToGround,Capas Rojas,"-0,2998667","40,8004985","801,7969246","32,6389747","71,8615883","951,4449965",relativeToGround,Arcillas de Morella,"0,0175256","40,7322687","784,9957483","164,7934372","77,3579581","1.153,8741628",relativeToGround,Wealden Group,"0,4946464","50,8406965","3,1928884","14,9939395","42,5777605","284,1669173",relativeToGround,Wessex,"-1,4253961","50,6381282","6,7189694","11,5305626","42,7033295","244,8790554",relativeToGround,,,,,,,,,,,,,,,,,,,,,,,,,,,,,,,,,,,,,,,,,Early Cretaceous,Barremian-Aptian,Dinosauria,Ornithischia,Genasauria,Neornithischia,Cerapoda,Ornithopoda,Iguanodontia,Ankylopollexia,Styracosterna,Hadrosauriformes,Iguanodontidae,,,,,,,,,,At least several dozen individuals (include almost complete skeletons and skulls).,"Verdú, F. J., Royo-Torres, R., Cobos, A., & Alcalá, L. (2015). Perinates of a new species of Iguanodon (Ornithischia: Ornithopoda) from the lower Barremian of Galve (Teruel, Spain).
Norman, D.B., (2012). Iguanodontian taxa (Dinosauria: Ornithischia) from the lower cretaceous of England and Belgium. In: Godefroit, P. (Ed.), Bernissart Dinosaurs and Early Cretaceous Terrestrial Ecosystems.
Paul, G.S. (2008) ""A revised taxonomy of the iguanodont dinosaur genera and species"".
Gasulla, J.M., Escaso, F., Ortega, F., Sanz, J.L., (2014). New hadrosauriform cranial remains from the Arcillas de Morella Formation (lower Aptian) of Morella, Spain.
Norman, D.B. (2010) ""A taxonomy of iguanodontian (Dinosauria: Ornithopoda) from the lower Wealden Group (Cretaceous: Valanginian) of southern England"".
Norman, D.B., (1987). A mass-accumulation of vertebrates from the lower cretaceous of Nehden (Sauerland), West Germany. ","Iguanodon bernissartensis was a large iguanodontian from the Early Cretaceous of Europe. It had a strong beak, thumb spikes for defense, and leaf-shaped teeth for chewing plants. Likely traveled in herds, feeding on ferns, cycads, and conifers.",Herbivore,"Floodplains, lightly forested areas",https://drive.google.com/file/d/1lNbD8M7nSX4kIYPMaxAOrhBsq6_aCOvq/view?usp=drive_link
243,Iguanodon galvensis,valid,Verdú et al.,2015,"7,6 m","1,9 t",3,Europe,Spain,Spain,"-4,3664930","41,1997794","25,3549813","-4,9911449","3,4457370","2.044.570,0387394",relativeToGround,,,,,,,,,,,,,,,,,,,,,,,,,,,,,,,,,,,,,,,,,,,,,,,,,Aragon,Camarillas,Camarillas,"-0,7367638","40,6101962","1.360,7399532","16,4097117","61,3765915","278,1950930",relativeToGround,,,,,,,,,,,,,,,,,,,,,,,,,,,,,,,,,,,,,,,,,,,,,,,,,,,,,,,,,,,,,,,,,,,,,,,,,,,,,,,,,,,,,,,,,,,,,,,,,Early Cretaceous,Early Barremian,Dinosauria,Ornithischia,Genasauria,Neornithischia,Cerapoda,Ornithopoda,Iguanodontia,Ankylopollexia,Styracosterna,Hadrosauriformes,Iguanodontidae,,,,,,,,,,At least several individuals (juvenile to adult and also embryonic individuals).,Verdú et al. (2017). New systematic and phylogenetic data about the early Barremian Iguanodon galvensis (Ornithopoda: Iguanodontoidea) from Spain.,"Iguanodon galvensis was a smaller European iguanodontian, similar to I. bernissartensis, with a beak, leaf-shaped teeth, and strong limbs. Likely fed on low- to mid-height vegetation and may have lived in herds or family groups.",Herbivore,"Floodplains, open woodlands",https://drive.google.com/file/d/1bx4KEVjVUn_2RgvpOIy8hyM5sajHDMES/view?usp=drive_link
244,Incisivosaurus gauthieri,valid,"Xu, Cheng, Wang & Chang",2002,1 m,"4,6 kg",2,Asia,China,China,"91,9775972","41,4934298","1.199,8491739","359,8197205","0,0000000","10.341.207,3546696",relativeToGround,,,,,,,,,,,,,,,,,,,,,,,,,,,,,,,,,,,,,,,,,,,,,,,,,Liaoning,Yixian,Yixian,"121,2393704","41,5050969","82,6657561","84,9831423","60,5652589","584,2547594",relativeToGround,,,,,,,,,,,,,,,,,,,,,,,,,,,,,,,,,,,,,,,,,,,,,,,,,,,,,,,,,,,,,,,,,,,,,,,,,,,,,,,,,,,,,,,,,,,,,,,,,Early Cretaceous,Late Barremian-Early Aptian,Dinosauria,Saurischia,Eusaurischia,Theropoda,Neotheropoda,Averostra,Tetanurae,Orionides,Avetheropoda,Coelurosauria,Tyrannoraptora,Maniraptoriformes,Maniraptora,Pennaraptora,Oviraptorosauria,,,,,,"Skull, incomplete mandibles, partial cervical vertebra.","Xu, Cheng, Wang and Chang, (2002). An unusual oviraptorosaurian dinosaur from China.","Incisivosaurus gauthieri was a small theropod from the Early Cretaceous of China. It had elongated front teeth and a lightly built body, suggesting an omnivorous diet including plants, insects, and small animals. Likely fast and agile to avoid predators.",Omnivore,"Forested areas, open woodland",https://drive.google.com/file/d/1IfPg--AVug3hvvh_nI-wp3Hsi4mB2TD4/view?usp=drive_link
245,Irritator challengeri,valid,Martill et al.,1996,"6,2 m",500 kg,2,South America,Brazil,Brazil,"-55,0206812","-9,4714612","-440,1819316","-4,9505023","3,9090220","11.520.775,7264650",relativeToGround,,,,,,,,,,,,,,,,,,,,,,,,,,,,,,,,,,,,,,,,,,,,,,,,,Ceará,Romualdo,Romualdo,"-39,2990412","-7,1981489","365,4896878","80,8184249","63,3031561","770,5722029",relativeToGround,,,,,,,,,,,,,,,,,,,,,,,,,,,,,,,,,,,,,,,,,,,,,,,,,,,,,,,,,,,,,,,,,,,,,,,,,,,,,,,,,,,,,,,,,,,,,,,,,Early Cretaceous,Albian,Dinosauria,Saurischia,Eusaurischia,Theropoda,Neotheropoda,Averostra,Tetanurae,Orionides,Megalosauroidea,Spinosauridae,,,,,,,,,,,"Incomplete skull, teeth, partial mandibles.","Sales, M.A.F.; Schultz, C.L. (2017). ""Spinosaur taxonomy and evolution of craniodental features: Evidence from Brazil"".","Irritator challengeri was a medium-sized spinosaurid from the Early Cretaceous of Brazil. It had a long, narrow skull with conical teeth, ideal for catching fish, and a sail-like structure along its back. Likely semi-aquatic, it hunted fish in rivers and also scavenged small dinosaurs and carrion.",Carnivore/Fish-eater,"Riverbanks, wetlands, floodplains",https://drive.google.com/file/d/1FyswsWP_ZhuMcn1ScZyl6dWFH12tzpNR/view?usp=drive_link
246,Suchomimus tenerensis,valid,Sereno et al.,1998,"11,4 m","3,4 t",3,Africa,Niger,Niger,"8,0139253","19,3154853","2.006,8861861","-7,4368094","4,9390099","4.309.242,5949115",relativeToGround,,,,,,,,,,,,,,,,,,,,,,,,,,,,,,,,,,,,,,,,,,,,,,,,,Agadez,Elrhaz,Elrhaz,"9,4999666","16,8004156","549,8645471","0,5377411","53,6741889","784,6042924",relativeToGround,,,,,,,,,,,,,,,,,,,,,,,,,,,,,,,,,,,,,,,,,,,,,,,,,,,,,,,,,,,,,,,,,,,,,,,,,,,,,,,,,,,,,,,,,,,,,,,,,Early Cretaceous,Aptian-Albian,Dinosauria,Saurischia,Eusaurischia,Theropoda,Neotheropoda,Averostra,Tetanurae,Orionides,Megalosauroidea,Spinosauridae,Baryonychinae,,,,,,,,,,Several individuals (include partial skeleton with skull).,"Carrano, Benson & Sampson, (2012). The phylogeny of Tetanurae (Dinosauria: Theropoda).","Suchomimus tenerensis was a large spinosaurid from the Early Cretaceous of Africa. It had a crocodile-like skull, long conical teeth, and large claws for catching fish. It likely foraged in rivers, lakes, and coastal areas, and could also prey on small dinosaurs.",Carnivore/Fish-eater,"Rivers, lakes, floodplains",https://drive.google.com/file/d/1tsmhQmArzyw87wBSbpHSQoTY0xo4NQwV/view?usp=drive_link
247,Suzhousaurus megatherioides,valid,Li et al.,2007,"5,8 m","1,4 t",3,Asia,China,China,"91,9775972","41,4934298","1.199,8491739","359,8197205","0,0000000","10.341.207,3546696",relativeToGround,,,,,,,,,,,,,,,,,,,,,,,,,,,,,,,,,,,,,,,,,,,,,,,,,Gansu,"Xiagou, Zhonggou",Xiagou,"96,7999825","39,8999795","2.007,3280943","15,6206533","65,0715770","494,9513300",relativeToGround,Zhonggou,"89,1228086","31,0035645","5.013,9191436","-4,9557550","7,1699724","202.422,2381986",relativeToGround,,,,,,,,,,,,,,,,,,,,,,,,,,,,,,,,,,,,,,,,,,,,,,,,,,,,,,,,,,,,,,,,,,,,,,,,,,,,,,,,,,,,,,,,,Early Cretaceous,Aptian-Albian,Dinosauria,Saurischia,Eusaurischia,Theropoda,Neotheropoda,Averostra,Tetanurae,Orionides,Avetheropoda,Coelurosauria,Tyrannoraptora,Maniraptoriformes,Maniraptora,Therizinosauria,Therizinosauroidea,Therizinosauridae,,,,,"Fragmentary skeleton, referred partial skeleton and dentary tooth (uncertain)","Zanno, L. E. (2010). A taxonomic and phylogenetic re-evaluation of Therizinosauria (Dinosauria: Maniraptora).","Suzhousaurus megatherioides was a large therizinosaur from the Early Cretaceous of China. It had long forelimbs with large claws, a small skull, and a broad beak, adapted for browsing on leaves and shoots. Likely slow-moving and possibly feathered.",Herbivore,Forested floodplains,https://drive.google.com/file/d/1a0egOryJPey7uHDQHUYEgjsZrF9VJBXb/view?usp=drive_link
248,Tambatitanis amicitiae,valid,Saegusa & Ikeda,2014,10 m,"2,7 t",2,Asia,Japan,Japan,"135,0564079","40,7831509","-1.855,8760376","-0,7560845","1,4096112","3.885.293,5465032",relativeToGround,,,,,,,,,,,,,,,,,,,,,,,,,,,,,,,,,,,,,,,,,,,,,,,,,Hyogo,Sasayama Group,Sasayama Group,"135,1000753","35,0995105","297,9699832","-28,7090679","62,8389437","1.969,1554913",relativeToGround,,,,,,,,,,,,,,,,,,,,,,,,,,,,,,,,,,,,,,,,,,,,,,,,,,,,,,,,,,,,,,,,,,,,,,,,,,,,,,,,,,,,,,,,,,,,,,,,,Early Cretaceous,Approx. Early Albian,Dinosauria,Saurischia,Eusaurischia,Sauropodomorpha,Plateosauria,Massopoda,Sauropodiformes,Anchisauria,Sauropoda,Gravisauria,Eusauropoda,Neosauropoda,Macronaria,Titanosauriformes,Somphospondyli,Possibly Euhelopodidae,,,,,"Teeth, braincase, dentary, atlas, vertebrae, dorsal ribs, sacral ribs, spine of sacral vertebrae, pubis, ilium and chevrons.","Saegusa & Ikeda, (2014). A new titanosauriform sauropod (Dinosauria: Saurischia) from the Lower Cretaceous of Hyogo, Japan.","Tambatitanis amicitiae was a large titanosauriform sauropod from the Early Cretaceous of Asia. Its long neck allowed it to feed on tall trees, while pillar-like limbs supported its massive weight. Likely moved in herds for protection and efficient feeding.",Herbivore,"Floodplains, forest edges",https://drive.google.com/file/d/1z0mWkFYWoc5zEot_Ekm6natwXI3wteAY/view?usp=drive_link
249,Tangvayosaurus hoffeti,valid,Allain et al.,1999,"18,5 m","16,5 t",2,Asia,Laos,Laos,"103,5741240","19,9278870","1.804,2348974","-4,9658275","3,8361887","2.999.117,8572071",relativeToGround,,,,,,,,,,,,,,,,,,,,,,,,,,,,,,,,,,,,,,,,,,,,,,,,,Savannakhet,Grès supérieurs,Grès supérieurs,"106,0006068","17,0002467","221,3338620","89,5773433","57,6728703","628,9859038",relativeToGround,,,,,,,,,,,,,,,,,,,,,,,,,,,,,,,,,,,,,,,,,,,,,,,,,,,,,,,,,,,,,,,,,,,,,,,,,,,,,,,,,,,,,,,,,,,,,,,,,Early Cretaceous,Aptian-Albian,Dinosauria,Saurischia,Eusaurischia,Sauropodomorpha,Plateosauria,Massopoda,Sauropodiformes,Anchisauria,Sauropoda,Gravisauria,Eusauropoda,Neosauropoda,Macronaria,Titanosauriformes,Somphospondyli,Possibly Euhelopodidae,,,,,"Partial skeleton (vertebrae, limb bones, ribs and other fragments). Referred femur (uncertain), caudal vertebra (uncertain)","Allain, R., Taquet, P., Battail, B., Dejax, J., Richir, P., Véran, M., … Phouyavong, S. (1999). Un nouveau genre de dinosaure sauropode de la formation des Grès supérieurs (Aptien-Albien) du Laos.","Tangvayosaurus hoffeti was a medium-to-large sauropod from the Early Cretaceous of Asia. With a long neck and tail, robust limbs, and peg-like teeth, it fed on mid- to high-level vegetation. Likely traveled in small herds for protection against theropod predators.",Herbivore,"Floodplains, lightly forested areas",https://drive.google.com/file/d/190Ltqy2y95keIOSrDl0-5Ry6gdyTm2qj/view?usp=drive_link
250,Taohelong jinchengensis,valid,"Yang, You, Li & Kong",2013,Approx. 5 m,"Approx. 1,1 t","1,5",Asia,China,China,"91,9775972","41,4934298","1.199,8491739","359,8197205","0,0000000","10.341.207,3546696",relativeToGround,,,,,,,,,,,,,,,,,,,,,,,,,,,,,,,,,,,,,,,,,,,,,,,,,Gansu,Hekou Group,Hekou Group,"103,2985515","35,9001764","1.754,4883695","-46,6505790","59,5454196","391,6205394",relativeToGround,,,,,,,,,,,,,,,,,,,,,,,,,,,,,,,,,,,,,,,,,,,,,,,,,,,,,,,,,,,,,,,,,,,,,,,,,,,,,,,,,,,,,,,,,,,,,,,,,Early Cretaceous,Uncertain,Dinosauria,Ornithischia,Genasauria,Thyreophora,Eurypoda,Ankylosauria,Nodosauridae,Polacanthinae,,,,,,,,,,,,,"Caudal vertebra, 3 ribs, left ilium and several osteoderms.","Yang J.-T.; You H.-L.; Li D.-Q.; Kong D.-L. (2013). ""First discovery of polacanthine ankylosaur dinosaur in Asia"".","Taohelong jinchengensis was a small ankylosaur from the Early Cretaceous of China. Its body was covered in bony plates, providing protection against predators, and it had a beaked mouth for cropping low vegetation. Likely a slow-moving browser in forested areas.",Herbivore,"Forested plains, floodplains",https://drive.google.com/file/d/1go12L8I_HDmi7bPp8RY8mse-Q4KCPv22/view?usp=drive_link
251,Tapuiasaurus macedoi,valid,Zaher et al.,2011,"12,5 m","3,8 t",3,South America,Brazil,Brazil,"-55,0206812","-9,4714612","-440,1819316","-4,9505023","3,9090220","11.520.775,7264650",relativeToGround,,,,,,,,,,,,,,,,,,,,,,,,,,,,,,,,,,,,,,,,,,,,,,,,,Minas Gerais,Quiricó,Quiricó,"-44,4009657","-16,7025396","816,4896541","6,4457404","56,5362934","633,6395485",relativeToGround,,,,,,,,,,,,,,,,,,,,,,,,,,,,,,,,,,,,,,,,,,,,,,,,,,,,,,,,,,,,,,,,,,,,,,,,,,,,,,,,,,,,,,,,,,,,,,,,,Early Cretaceous,Aptian,Dinosauria,Saurischia,Eusaurischia,Sauropodomorpha,Plateosauria,Massopoda,Sauropodiformes,Anchisauria,Sauropoda,Gravisauria,Eusauropoda,Neosauropoda,Macronaria,Titanosauriformes,Somphospondyli,Titanosauria,Eutitanosauria,Lithostrotia,,,"Partial skeleton (vertebrae, ribs, limb bones and other fragments) with skull.","Zaher et al. (2011). ""A Complete Skull of an Early Cretaceous Sauropod and the Evolution of Advanced Titanosaurians"".","Tapuiasaurus macedoi was a large titanosaur from the Early Cretaceous of South America. It had a long neck and tail, robust limbs, and peg-like teeth for stripping leaves from trees. Likely moved in herds to protect juveniles and to feed efficiently over large areas.",Herbivore,"Floodplains, lightly forested areas",https://drive.google.com/file/d/16a9q6PwGBEWWAa2FmgGy7gCzClVLPr8C/view?usp=drive_link
252,Tastavinsaurus sanzi,valid,Canudo et al.,2008,"14,5 m","7,2 t",3,Europe,Spain,Spain,"-4,3664930","41,1997794","25,3549813","-4,9911449","3,4457370","2.044.570,0387394",relativeToGround,,,,,,,,,,,,,,,,,,,,,,,,,,,,,,,,,,,,,,,,,,,,,,,,,Aragon,"Xert, Forcall",Xert,"0,1058639","40,7295614","1.254,3277990","159,8050126","58,4946396","301,4979904",relativeToGround,Forcall,"-0,7997949","40,9997832","804,0090984","-29,7300405","63,0172949","549,3770615",relativeToGround,,,,,,,,,,,,,,,,,,,,,,,,,,,,,,,,,,,,,,,,,,,,,,,,,,,,,,,,,,,,,,,,,,,,,,,,,,,,,,,,,,,,,,,,,Early Cretaceous,Early Aptian,Dinosauria,Saurischia,Eusaurischia,Sauropodomorpha,Plateosauria,Massopoda,Sauropodiformes,Anchisauria,Sauropoda,Gravisauria,Eusauropoda,Neosauropoda,Macronaria,Titanosauriformes,Somphospondyli,,,,,,"2 partial skeletons (vertebrae, ribs, limb bones and other fragments).","Royo-Torres, R., Alcalá, L., & Cobos, A. (2012). A new specimen of the Cretaceous sauropod Tastavinsaurus sanzi from El Castellar (Teruel, Spain), and a phylogenetic analysis of the Laurasiformes.","Tastavinsaurus sanzi was a medium-to-large sauropod from the Early Cretaceous of Spain. It had a long neck for high browsing, a massive body for protection, and strong limbs. Likely moved slowly in herds and fed on conifers, cycads, and ferns.",Herbivore,"Floodplains, forested areas",https://drive.google.com/file/d/1okv34Zx8EkKgfwPrEuKE6BZPnNqt8-Wt/view?usp=drive_link
253,Tatankacephalus cooneyorum,valid,Parsons & Parsons,2009,"3,9 m",450 kg,2,North America,USA,USA,"-106,1951385","39,4392637","-12.595,5345205","0,8682536","3,1287964","8.466.423,6667228",relativeToGround,,,,,,,,,,,,,,,,,,,,,,,,,,,,,,,,,,,,,,,,,,,,,,,,,Montana,Cloverly,Cloverly,"-105,2572509","40,9961183","2.249,7630406","-11,7230444","58,1827428","2.845,1341316",relativeToGround,,,,,,,,,,,,,,,,,,,,,,,,,,,,,,,,,,,,,,,,,,,,,,,,,,,,,,,,,,,,,,,,,,,,,,,,,,,,,,,,,,,,,,,,,,,,,,,,,Early Cretaceous,Late Aptian-Early Albian,Dinosauria,Ornithischia,Genasauria,Thyreophora,Eurypoda,Ankylosauria,Nodosauridae,,,,,,,,,,,,,,"Incomplete skull, rib fragments and 2 osteoderms.","Arbour, V. M., & Currie, P. J. (2015). Systematics, phylogeny and palaeobiogeography of the ankylosaurid dinosaurs.",Tatankacephalus cooneyorum was a small ankylosaur from the Early Cretaceous of North America. Its body was armored with bony plates and a small tail club for defense. It had a beaked mouth and leaf-shaped teeth adapted for browsing low vegetation.,Herbivore,"Floodplains, lightly forested areas",https://drive.google.com/file/d/1myRt4YUIP_6f6FYid6iUIW19xSD99vYq/view?usp=drive_link
254,Tataouinea hannibalis,valid,"Fanti, Cau, Hassine & Contessi",2013,"15,5 m","6,5 t","2,5",Africa,Tunisia,Tunisia,"9,5375000","33,8869000",0,0,0,"2.000.000,0000000",relativeToGround,,,,,,,,,,,,,,,,,,,,,,,,,,,,,,,,,,,,,,,,,,,,,,,,,Tataouine,Aïn el Guettar,Aïn el Guettar,"10,2444727","33,1894907","408,9525487","116,8768027","64,5054482","611,6203192",relativeToGround,,,,,,,,,,,,,,,,,,,,,,,,,,,,,,,,,,,,,,,,,,,,,,,,,,,,,,,,,,,,,,,,,,,,,,,,,,,,,,,,,,,,,,,,,,,,,,,,,Early Cretaceous,Early Albian,Dinosauria,Saurischia,Eusaurischia,Sauropodomorpha,Plateosauria,Massopoda,Sauropodiformes,Anchisauria,Sauropoda,Gravisauria,Eusauropoda,Neosauropoda,Diplodocoidea,Diplodocimorpha,Rebbachisauridae,Khebbashia,Rebbachisaurinae,,,,"Sacrum, 17 caudal vertebrae, both ilia, both ischia.","Fanti, Cau, Cantelli, Hassine & Auditore, (2015). New information on Tataouinea hannibalis from the Early Cretaceous of Tunisia and implications for the tempo and mode of rebbachisaurid sauropod evolution.","Tataouinea hannibalis was a large titanosaur from the Early Cretaceous of North Africa. With a long neck, pillar-like limbs, and peg-like teeth, it fed on tall trees. Likely traveled in herds and used its size as a defense against predators.",Herbivore,"Floodplains, forest edges",https://drive.google.com/file/d/1kJ4zZKCA6qAMs_9NQcFFtNc-Ul3De52-/view?usp=drive_link
255,Tengrisaurus starkovi,valid,Averianov & Skutschas,2017,Approx. 20 m,Approx. 15 t,"1,5",Asia,Russia,Russia,"75,2741471","62,4487063","1.623,0555737","-0,8205631","4,1847774","13.550.327,7369762",relativeToGround,,,,,,,,,,,,,,,,,,,,,,,,,,,,,,,,,,,,,,,,,,,,,,,,,Buryatia,Murtoi,Murtoi,"106,3983887","51,3002611","633,6736090","-73,3066558","69,8984981","493,2851851",relativeToGround,,,,,,,,,,,,,,,,,,,,,,,,,,,,,,,,,,,,,,,,,,,,,,,,,,,,,,,,,,,,,,,,,,,,,,,,,,,,,,,,,,,,,,,,,,,,,,,,,Early Cretaceous,Barremian-Aptian,Dinosauria,Saurischia,Eusaurischia,Sauropodomorpha,Plateosauria,Massopoda,Sauropodiformes,Anchisauria,Sauropoda,Gravisauria,Eusauropoda,Neosauropoda,Macronaria,Titanosauriformes,Somphospondyli,Titanosauria,Eutitanosauria,Lithostrotia,,,Caudal vertebra and referred two caudal vertebrae.,"Averianov, A. & Skutschas, P. (2017) A new lithostrotian titanosaur (Dinosauria, Sauropoda) from the Early Cretaceous of Transbaikalia, Russia.","Tengrisaurus starkovi was a medium-sized titanosaur from the Early Cretaceous of Asia. It had a long neck and tail, robust limbs, and a small head adapted for browsing high vegetation. Likely lived in herds and moved slowly across open floodplains.",Herbivore,"Floodplains, lightly forested areas",https://drive.google.com/file/d/1UNs9eSrq-gFKwDqQxf0v4j-D74wRS8p_/view?usp=drive_link
256,Tenontosaurus dossi,valid,"Winkler, Murry & Jacobs",1997,"7,4 m",850 kg,"3,5",North America,USA,USA,"-106,1951385","39,4392637","-12.595,5345205","0,8682536","3,1287964","8.466.423,6667228",relativeToGround,,,,,,,,,,,,,,,,,,,,,,,,,,,,,,,,,,,,,,,,,,,,,,,,,Texas,Twin Mountains,Twin Mountains,"-97,8365773","32,4599235","234,0676709","-4,0486992","55,0591955","1.719,6645804",relativeToGround,,,,,,,,,,,,,,,,,,,,,,,,,,,,,,,,,,,,,,,,,,,,,,,,,,,,,,,,,,,,,,,,,,,,,,,,,,,,,,,,,,,,,,,,,,,,,,,,,Early Cretaceous,Aptian,Dinosauria,Ornithischia,Genasauria,Neornithischia,Cerapoda,Ornithopoda,Iguanodontia,,,,,,,,,,,,,,"2 skeletons and skulls, other material (uncertain)","Winkler, Dale A, Phillip A Murry & Louis L Jacobs. (1997). ""A New Species of Tenontosaurus (Dinosauria: Ornithopoda) from the Early Cretaceous of Texas"".","Tenontosaurus dossi was a medium-sized ornithopod from the Early Cretaceous of North America. It had a long tail for balance, strong hind limbs, and leaf-shaped teeth for feeding on ferns, cycads, and low shrubs. Likely lived in herds for protection.",Herbivore,"Floodplains, forest edges",https://drive.google.com/file/d/1XnYheNzaEwsluFbbOWz_SvmSPM3ldPju/view?usp=drive_link
257,Tyrannotitan chubutensis,valid,Novas et al.,2005,"11,6 m","6,4 t","2,5",South America,Argentina,Argentina,"-71,8643507","-34,8680283","1.685,0545519","9,0311496","8,9073784","11.033.475,1150632",relativeToGround,,,,,,,,,,,,,,,,,,,,,,,,,,,,,,,,,,,,,,,,,,,,,,,,,Chubut,Cerro Barcino,Cerro Barcino,"-68,5998688","-43,7995922","338,1260971","30,6886801","67,0185614","347,0369436",relativeToGround,,,,,,,,,,,,,,,,,,,,,,,,,,,,,,,,,,,,,,,,,,,,,,,,,,,,,,,,,,,,,,,,,,,,,,,,,,,,,,,,,,,,,,,,,,,,,,,,,Early Cretaceous,Late Albian,Dinosauria,Saurischia,Eusaurischia,Theropoda,Neotheropoda,Averostra,Tetanurae,Orionides,Avetheropoda,Carnosauria,Allosauroidea,Allosauria,Carcharodontosauria,Carcharodontosauridae,Carcharodontosaurinae,Giganotosaurini,,,,,2 fragmentary skeletons with skulls fragments. Referred teeth.,"Canale, Novas & Pol, (2015). Osteology and phylogenetic relationships of Tyrannotitan chubutensis Novas, de Valais, Vickers-Rich and Rich, 2005 (Theropoda: Carcharodontosauridae) from the Lower Cretaceous of Patagonia, Argentina.","Tyrannotitan chubutensis was a massive carcharodontosaurid from the Early Cretaceous of Argentina. It had a huge skull with serrated teeth, powerful jaws, and strong limbs for hunting large prey. Likely apex predator of its ecosystem, preying on sauropods and ornithopods.",Carnivore,"Semi-arid plains, floodplains, forest edges",https://drive.google.com/file/d/1_fB0xcGZrSXV1bZZjRUuHy3GQoyumKsA/view?usp=drive_link
258,Utahraptor ostrommaysorum,valid,Olshevsky,2000,"5,1 m",470 kg,3,North America,USA,USA,"-106,1951385","39,4392637","-12.595,5345205","0,8682536","3,1287964","8.466.423,6667228",relativeToGround,,,,,,,,,,,,,,,,,,,,,,,,,,,,,,,,,,,,,,,,,,,,,,,,,Utah,Cedar Mountain,Cedar Mountain,"-110,8233313","39,2493001","1.793,0678053","-28,3572350","60,5447796","408,1631337",relativeToGround,,,,,,,,,,,,,,,,,,,,,,,,,,,,,,,,,,,,,,,,,,,,,,,,,,,,,,,,,,,,,,,,,,,,,,,,,,,,,,,,,,,,,,,,,,,,,,,,,Early Cretaceous,Valanginian,Dinosauria,Saurischia,Eusaurischia,Theropoda,Neotheropoda,Averostra,Tetanurae,Orionides,Avetheropoda,Coelurosauria,Tyrannoraptora,Maniraptoriformes,Maniraptora,Pennaraptora,Paraves,Dromaeosauridae,Eudromaeosauria,Possibly Velociraptorinae,,,At least over a dozen individuals.,"Turner, A. H., Makovicky, P. J., & Norell, M. A. (2012). A Review of Dromaeosaurid Systematics and Paravian Phylogeny.","Utahraptor ostrommaysorum was a large dromaeosaurid from the Early Cretaceous of North America. It had sickle-shaped claws on its feet, a long tail for balance, and sharp teeth for hunting medium-sized herbivorous dinosaurs. Likely hunted in packs.",Carnivore,"Semi-arid plains, forested areas",https://drive.google.com/file/d/1UnGEezkCFaViuP1x5uCibQ5CXD7Wjr_w/view?usp=drive_link
259,Xinjiangovenator parvus,valid,Rauhut & Xu,2005,"2,7 m",22 kg,2,Asia,China,China,"91,9775972","41,4934298","1.199,8491739","359,8197205","0,0000000","10.341.207,3546696",relativeToGround,,,,,,,,,,,,,,,,,,,,,,,,,,,,,,,,,,,,,,,,,,,,,,,,,Xinjiang,Lianmuqin,Lianmuqin,"81,8936931","44,9990522","693,9605417","20,0648073","68,4583296","588,6278162",relativeToGround,,,,,,,,,,,,,,,,,,,,,,,,,,,,,,,,,,,,,,,,,,,,,,,,,,,,,,,,,,,,,,,,,,,,,,,,,,,,,,,,,,,,,,,,,,,,,,,,,Early Cretaceous,Aptian-Albian,Dinosauria,Saurischia,Eusaurischia,Theropoda,Neotheropoda,Averostra,Tetanurae,Orionides,Avetheropoda,Coelurosauria,,,,,,,,,,,"Tibia, fibula, astragalus and calcaneum.","Rauhut & Xu, (2005). The small theropod dinosaurs Tugulusaurus and Phaedrolosaurus from the Early Cretaceous of Xinjiang, China.","Xinjiangovenator parvus was a small theropod from the Early Cretaceous of China. It had a lightweight body, sharp teeth, and long limbs, suggesting it hunted small vertebrates and possibly insects. Likely agile and fast-moving.",Carnivore,"Forested plains, open woodland",https://drive.google.com/file/d/1rjNkpub95_6iyEDuoJoU01Cqkw1gWxvj/view?usp=drive_link
260,Xiongguanlong baimoensis,valid,Li et al.,2010,"4,6 m",275 kg,3,Asia,China,China,"91,9775972","41,4934298","1.199,8491739","359,8197205","0,0000000","10.341.207,3546696",relativeToGround,,,,,,,,,,,,,,,,,,,,,,,,,,,,,,,,,,,,,,,,,,,,,,,,,Gansu,Xiagou,Xiagou,"96,7999825","39,8999795","2.007,3280943","15,6206533","65,0715770","494,9513300",relativeToGround,,,,,,,,,,,,,,,,,,,,,,,,,,,,,,,,,,,,,,,,,,,,,,,,,,,,,,,,,,,,,,,,,,,,,,,,,,,,,,,,,,,,,,,,,,,,,,,,,Early Cretaceous,Aptian,Dinosauria,Saurischia,Eusaurischia,Theropoda,Neotheropoda,Averostra,Tetanurae,Orionides,Avetheropoda,Coelurosauria,Tyrannoraptora,Tyrannosauroidea,Pantyrannosauria,,,,,,,,Partial skeleton with incomplete skull.,"Li, Norell, Gao, Smith and Makovicky, (2010). A longirostrine tyrannosauroid from the Early Cretaceous of China.","Xiongguanlong baimoensis was a medium-sized tyrannosauroid from the Early Cretaceous of China. It had a long, narrow skull with sharp serrated teeth, a lightweight body, and strong hind limbs for hunting small to medium prey. It may have been an agile predator capable of ambush attacks.",Carnivore,"Semi-arid plains, open woodlands",https://drive.google.com/file/d/1LgdRIAP30vid9WidmGu6mTfzcEIGsqzc/view?usp=drive_link
261,Xiyunykus pengi,valid,Xu et al.,2018,2 m,13 kg,3,Asia,China,China,"91,9775972","41,4934298","1.199,8491739","359,8197205","0,0000000","10.341.207,3546696",relativeToGround,,,,,,,,,,,,,,,,,,,,,,,,,,,,,,,,,,,,,,,,,,,,,,,,,Xinjiang,Tugulu Group,Tugulu Group,"85,8515625","46,0038674","300,0928736","75,3288390","63,8630312","2.420,6173010",relativeToGround,,,,,,,,,,,,,,,,,,,,,,,,,,,,,,,,,,,,,,,,,,,,,,,,,,,,,,,,,,,,,,,,,,,,,,,,,,,,,,,,,,,,,,,,,,,,,,,,,Early Cretaceous,Approx. Barremian-Aptian,Dinosauria,Saurischia,Eusaurischia,Theropoda,Neotheropoda,Averostra,Tetanurae,Orionides,Avetheropoda,Coelurosauria,Tyrannoraptora,Maniraptoriformes,Maniraptora,Alvarezsauroidea,,,,,,,Partial skeleton with incomplete skull.,"Xu et al. (2018). ""Two Early Cretaceous Fossils Document Transitional Stages in Alvarezsaurian Dinosaur Evolution"".","Xiyunykus pengi was a small theropod from the Early Cretaceous of China. It had long legs and forelimbs with claws adapted for grasping prey or digging. Likely hunted insects, small vertebrates, and possibly supplemented its diet with plants.",Omnivore,"Forest edges, lightly wooded plains",https://drive.google.com/file/d/1jI9ja51Dv1Xbfb_FWSlOxbBm8pZifwgv/view?usp=drive_link
262,Xumnenglong yinliangis,valid,Xing et al.,2019,"0,5 m","0,15 kg",2,Asia,China,China,"91,9775972","41,4934298","1.199,8491739","359,8197205","0,0000000","10.341.207,3546696",relativeToGround,,,,,,,,,,,,,,,,,,,,,,,,,,,,,,,,,,,,,,,,,,,,,,,,,Hebei,Huajiying,Huajiying,"115,4402754","39,1695794","45,4294515","-93,6447908","57,8900077","792,1941218",relativeToGround,,,,,,,,,,,,,,,,,,,,,,,,,,,,,,,,,,,,,,,,,,,,,,,,,,,,,,,,,,,,,,,,,,,,,,,,,,,,,,,,,,,,,,,,,,,,,,,,,Early Cretaceous,Hauterivian,Dinosauria,Saurischia,Eusaurischia,Theropoda,Neotheropoda,Averostra,Tetanurae,Orionides,Avetheropoda,Coelurosauria,Tyrannoraptora,Compsognathidae,,,,,,,,,"Sacrum, proximal caudal series, partial pelvis, and hindlimbs.","Xing, L., Miyashita, T., Wang, D., Niu, K., & Currie, P. J. (2019). A new compsognathid theropod dinosaur from the oldest assemblage of the Jehol Biota in the Lower Cretaceous Huajiying Formation, northeastern China.","Xumnenglong yinliangis was a medium-sized sauropod from the Early Cretaceous of China. It had a long neck and tail, pillar-like limbs, and a small skull adapted for browsing mid- to high-level vegetation. Likely moved in herds to protect juveniles and ensure feeding efficiency.",Herbivore,"Floodplains, forested areas",https://drive.google.com/file/d/1M_Zm_R8jbN1vPLVutEpZI5RHPsQibV8e/view?usp=drive_link
263,Xuwulong yueluni,valid,"You, Li, & Liu",2011,5 m,550 kg,"3,5",Asia,China,China,"91,9775972","41,4934298","1.199,8491739","359,8197205","0,0000000","10.341.207,3546696",relativeToGround,,,,,,,,,,,,,,,,,,,,,,,,,,,,,,,,,,,,,,,,,,,,,,,,,Gansu,Xiagou,Xiagou,"96,7999825","39,8999795","2.007,3280943","15,6206533","65,0715770","494,9513300",relativeToGround,,,,,,,,,,,,,,,,,,,,,,,,,,,,,,,,,,,,,,,,,,,,,,,,,,,,,,,,,,,,,,,,,,,,,,,,,,,,,,,,,,,,,,,,,,,,,,,,,Early Cretaceous,Aptian,Dinosauria,Ornithischia,Genasauria,Neornithischia,Cerapoda,Ornithopoda,Iguanodontia,Ankylopollexia,Styracosterna,Hadrosauriformes,Hadrosauroidea,,,,,,,,,,Large part of skeleton with skull.,"You Hailu, Li Daqing and Liu Weichang (2011). ""A New Hadrosauriform Dinosaur from the Early Cretaceous of Gansu Province, China"".","Xuwulong yueluni was a medium-sized hadrosauroid from the Early Cretaceous of China. It had a beaked mouth, leaf-shaped teeth, and strong limbs for both bipedal and quadrupedal movement. Likely fed on ferns, cycads, and low shrubs.",Herbivore,"Floodplains, forest edges",https://drive.google.com/file/d/15gHkPVNM43prjcawCNVZLTA_GOknO9e2/view?usp=drive_link
264,Yaverlandia bitholus,valid,Galton,1971,"Approx. 0,9 m","Approx. 2,3 kg","1,5",Europe,United Kingdom,United Kingdom,"-5,4282139","55,1022881","45,1485417","-15,6227355","6,3270023","2.554.337,5034103",relativeToGround,,,,,,,,,,,,,,,,,,,,,,,,,,,,,,,,,,,,,,,,,,,,,,,,,England,Wessex,Wessex,"-1,4253961","50,6381282","6,7189694","11,5305626","42,7033295","244,8790554",relativeToGround,,,,,,,,,,,,,,,,,,,,,,,,,,,,,,,,,,,,,,,,,,,,,,,,,,,,,,,,,,,,,,,,,,,,,,,,,,,,,,,,,,,,,,,,,,,,,,,,,Early Cretaceous,Barremian,Dinosauria,Saurischia,Eusaurischia,Theropoda,Neotheropoda,Averostra,Tetanurae,Orionides,Avetheropoda,Coelurosauria,Tyrannoraptora,Maniraptoriformes,Maniraptora,Pennaraptora,Paraves,Troodontidae,,,,,Frontals and orbitosphenoid fragment.,Mortimer - Theropod database (online).,"Yaverlandia bitholus was a small theropod from the Early Cretaceous of Europe. It had a lightly built body, sharp teeth, and long legs for hunting small vertebrates and insects. Likely agile and fast, avoiding larger predators.",Carnivore,"Forested areas, open woodland",https://drive.google.com/file/d/1O6dyXdiV-9WM2ip-Vdr03WBb7oOqpJFe/view?usp=drive_link
265,Aniksosaurus darwini,valid,Martínez & Novas,2006,"2,6 m",25 kg,2,South America,Argentina,Argentina,"-71,8643507","-34,8680283","1.685,0545519","9,0311496","8,9073784","11.033.475,1150632",relativeToGround,,,,,,,,,,,,,,,,,,,,,,,,,,,,,,,,,,,,,,,,,,,,,,,,,Chubut,Bajo Barreal,Bajo Barreal,"-69,5997072","-45,3000190","637,8921097","52,4469005","58,1952790","209,1675434",relativeToGround,,,,,,,,,,,,,,,,,,,,,,,,,,,,,,,,,,,,,,,,,,,,,,,,,,,,,,,,,,,,,,,,,,,,,,,,,,,,,,,,,,,,,,,,,,,,,,,,,Late Cretaceous,Cenomanian,Dinosauria,Saurischia,Eusaurischia,Theropoda,Neotheropoda,Averostra,Tetanurae,Orionides,Avetheropoda,Coelurosauria,Tyrannoraptora,,,,,,,,,,At least five individuals.,"Martínez, R.D., and Novas, F.E. (2006). ""Aniksosaurus darwini gen. et sp. nov., a new coelurosaurian theropod from the early Late Cretaceous of central Patagonia, Argentina.""","Aniksosaurus darwini was a small to medium-sized theropod from the Late Cretaceous of South America. It had a slender build, sharp teeth, and long limbs for speed. Likely hunted small vertebrates and insects, and may have scavenged occasionally.",Carnivore,"Semi-arid plains, forested floodplains",https://drive.google.com/file/d/1T6oqnrbTNn4wgDmmOa74pkSXpP3FchdA/view?usp=drive_link
266,Animantarx ramaljonesi,valid,Carpenter et al.,1999,"3,5 m",300 kg,3,North America,USA,USA,"-106,1951385","39,4392637","-12.595,5345205","0,8682536","3,1287964","8.466.423,6667228",relativeToGround,,,,,,,,,,,,,,,,,,,,,,,,,,,,,,,,,,,,,,,,,,,,,,,,,Utah,Cedar Mountain,Cedar Mountain,"-110,8233313","39,2493001","1.793,0678053","-28,3572350","60,5447796","408,1631337",relativeToGround,,,,,,,,,,,,,,,,,,,,,,,,,,,,,,,,,,,,,,,,,,,,,,,,,,,,,,,,,,,,,,,,,,,,,,,,,,,,,,,,,,,,,,,,,,,,,,,,,Late Cretaceous,Late Albian-Early Cenomanian,Dinosauria,Ornithischia,Genasauria,Thyreophora,Eurypoda,Ankylosauria,Nodosauridae,,,,,,,,,,,,,,Incomplete skull and partial skeleton.,"Carpenter, K., Kirkland, J.I., Burge, D.L., & Bird, J. (1999). Ankylosaurs (Dinosauria: Ornithischia) of the Cedar Mountain Formation, Utah, and their stratigraphic distribution.",Animantarx ramaljonesi was a small ankylosaur from the Early Cretaceous of North America. Its body was covered in bony armor and small spikes for defense. It had a beaked mouth adapted for low browsing of ferns and shrubs.,Herbivore,"Forested floodplains, open plains",https://drive.google.com/file/d/1LxiiDGmFvbDLojlDmtUo_yNbLCQrJq5N/view?usp=drive_link
267,Ankylosaurus magniventris,valid,Brown,1908,8 m,6 t,"3,5",North America,USA and Canada,USA,"-106,1951385","39,4392637","-12.595,5345205","0,8682536","3,1287964","8.466.423,6667228",relativeToGround,Canada,"-105,2719900","60,9349778","-1.126,3303302","-5,8002658","5,2501949","10.072.046,3753986",relativeToGround,,,,,,,,,,,,,,,,,,,,,,,,,,,,,,,,,,,,,,,,,"Montana, Alberta, Wyoming, Saskatchewan","Hell Creek, Scollard, Lance, Frenchman, Ferris",Hell Creek,"-101,4999740","46,9000621","659,2499873","13,9658607","60,5700675","223,4491861",relativeToGround,Scollard,"-112,9270468","51,9390547","739,7826920","-136,9447481","68,8084904","541,5813687",relativeToGround,Lance,"-107,4242565","43,3540792","2.015,8862545","27,2122781","73,0941158","1.977,1046662",relativeToGround,Frenchman,"-108,9046317","49,4907582","942,9726172","10,7429878","56,4757207","539,6889641",relativeToGround,Ferris,"-106,5999716","41,8001071","2.094,4933196","170,9932176","53,3643727","220,8719066",relativeToGround,,,,,,,,,,,,,,,,,,,,,,,,,,,,,,,,,,,,,,,,,,,,,,,,,,,,,,,,,,,,,,,,,Late Cretaceous,Maastrichtian,Dinosauria,Ornithischia,Genasauria,Thyreophora,Eurypoda,Ankylosauria,Ankylosauridae,Ankylosaurinae,Ankylosaurini,,,,,,,,,,,,At least eight individuals and teeth.,"Arbour, V.M.; Mallon, J.C. (2017). ""Unusual cranial and postcranial anatomy in the archetypal ankylosaur Ankylosaurus magniventris"".",Ankylosaurus magniventris was a massive ankylosaur from the Late Cretaceous of North America. Its body was heavily armored with large osteoderms and a tail club for defense. It had a broad beak and leaf-shaped teeth for low vegetation. Likely moved slowly in open floodplains.,Herbivore,"Floodplains, lightly forested areas",https://drive.google.com/file/d/1aQX-783Ec6eJAgzThnBNLuqlCmgKjxQK/view?usp=drive_link
268,Argentinosaurus huinculensis,valid,Bonaparte & Coria,1993,33 m,65 t,"2,5",South America,Argentina,Argentina,"-71,8643507","-34,8680283","1.685,0545519","9,0311496","8,9073784","11.033.475,1150632",relativeToGround,,,,,,,,,,,,,,,,,,,,,,,,,,,,,,,,,,,,,,,,,,,,,,,,,Neuquén,Huincul,Huincul,"-68,9984695","-39,4022914","433,8989524","173,7215045","72,3020014","1.060,2868177",relativeToGround,,,,,,,,,,,,,,,,,,,,,,,,,,,,,,,,,,,,,,,,,,,,,,,,,,,,,,,,,,,,,,,,,,,,,,,,,,,,,,,,,,,,,,,,,,,,,,,,,Late Cretaceous,Cenomanian,Dinosauria,Saurischia,Eusaurischia,Sauropodomorpha,Plateosauria,Massopoda,Sauropodiformes,Anchisauria,Sauropoda,Gravisauria,Eusauropoda,Neosauropoda,Macronaria,Titanosauriformes,Somphospondyli,Titanosauria,Eutitanosauria,Lithostrotia,Colossosauria,Possibly Lognkosauria,"Six dorsal vertebrae, sacrum, fragmentary ribs and fibula. Reffered two femora.","Bonaparte J, Coria R (1993). ""Un nuevo y gigantesco sauropodo titanosaurio de la Formacion Rio Limay (Albiano-Cenomaniano) de la Provincia del Neuquen, Argentina"".","Argentinosaurus huinculensis was one of the largest sauropods ever discovered, from the Late Cretaceous of South America. Its enormous size, long neck, and tail allowed it to reach high vegetation, and its massive limbs supported a weight of up to 70 tons. Likely traveled in small herds.",Herbivore,"Floodplains, forest edges",https://drive.google.com/file/d/1rZUKSkXYoOFsHLNjBhbDGakHqlJESnXm/view?usp=drive_link
269,Carcharodontosaurus iguidensis,valid,Brusatte & Sereno,2007,10 m,"3,7 t",2,Africa,Niger,Niger,"8,0139253","19,3154853","2.006,8861861","-7,4368094","4,9390099","4.309.242,5949115",relativeToGround,,,,,,,,,,,,,,,,,,,,,,,,,,,,,,,,,,,,,,,,,,,,,,,,,Agadez,Echkar,Echkar,"5,5998053","17,9007310","360,9355688","-22,8230360","66,3620175","355,0579923",relativeToGround,,,,,,,,,,,,,,,,,,,,,,,,,,,,,,,,,,,,,,,,,,,,,,,,,,,,,,,,,,,,,,,,,,,,,,,,,,,,,,,,,,,,,,,,,,,,,,,,,Late Cretaceous,Cenomanian,Dinosauria,Saurischia,Eusaurischia,Theropoda,Neotheropoda,Averostra,Tetanurae,Orionides,Avetheropoda,Carnosauria,Allosauroidea,Allosauria,Carcharodontosauria,Carcharodontosauridae,Carcharodontosaurinae,,,,,,"Left maxilla, referred posterior skull roof and braincase, right lacrimal, left dentary, teeth, mid cervical centrum.","Brusatte, S.L. and Sereno, P.C. (2007). ""A new species of Carcharodontosaurus (dinosauria: theropoda) from the Cenomanian of Niger and a revision of the genus.","Carcharodontosaurus iguidensis was a massive theropod from the Early Cretaceous of Africa. It had a huge skull with serrated teeth, strong limbs, and was an apex predator of its ecosystem, hunting sauropods and large ornithopods.",Carnivore,"Semi-arid plains, river valleys",https://drive.google.com/file/d/1yQi8DZalDaakcOouIRVWG4CTE5RX3ZSA/view?usp=drive_link
270,Carnotaurus sastrei,valid,Bonaparte,1985,"7,8 m","1,85 t","3,5",South America,Argentina,Argentina,"-71,8643507","-34,8680283","1.685,0545519","9,0311496","8,9073784","11.033.475,1150632",relativeToGround,,,,,,,,,,,,,,,,,,,,,,,,,,,,,,,,,,,,,,,,,,,,,,,,,Chubut,La Colonia,La Colonia,"-67,4949152","-42,9892721","421,5321039","5,5578366","73,1975284","2.403,2098114",relativeToGround,,,,,,,,,,,,,,,,,,,,,,,,,,,,,,,,,,,,,,,,,,,,,,,,,,,,,,,,,,,,,,,,,,,,,,,,,,,,,,,,,,,,,,,,,,,,,,,,,Late Cretaceous,Maastrichtian,Dinosauria,Saurischia,Eusaurischia,Theropoda,Neotheropoda,Averostra,Ceratosauria,Neoceratosauria,Abelisauroidea,Abelisauria,Abelisauridae,Brachyrostra,Furileusauria,Abelisaurinae,,,,,,,A large part of skeleton with skull.,"Bonaparte, J.F. (1985) ""A horned Cretaceous carnosaur from Patagonia"".","Carnotaurus sastrei was a medium-to-large theropod from the Late Cretaceous of South America. It had a short, deep skull, small forelimbs, and muscular hind limbs for chasing prey. Its distinctive horns above the eyes may have been used for display or combat.",Carnivore,"Semi-arid plains, open woodland",https://drive.google.com/file/d/1uij_W21OROlz9lX7SK_HVDi28IpbdNDH/view?usp=drive_link
271,Chasmosaurus belli,valid,Lambe,1914,"5,9 m","2,1 t","3,5",North America,Canada,Canada,"-105,2719900","60,9349778","-1.126,3303302","-5,8002658","5,2501949","10.072.046,3753986",relativeToGround,,,,,,,,,,,,,,,,,,,,,,,,,,,,,,,,,,,,,,,,,,,,,,,,,Alberta,Dinosaur Park,Dinosaur Park,"-110,3988541","49,1997139","959,1044749","130,6319931","66,5045663","473,2810627",relativeToGround,,,,,,,,,,,,,,,,,,,,,,,,,,,,,,,,,,,,,,,,,,,,,,,,,,,,,,,,,,,,,,,,,,,,,,,,,,,,,,,,,,,,,,,,,,,,,,,,,Late Cretaceous,Middle-Late Campanian,Dinosauria,Ornithischia,Genasauria,Neornithischia,Cerapoda,Marginocephalia,Ceratopsia,Neoceratopsia,Coronosauria,Ceratopsoidea,Ceratopsidae,Chasmosaurinae,,,,,,,,,Several individuals (Skulls and partial skeletons).,"Campbell, Ryan, Holmes & Schröder-Adams (2016). A Re-Evaluation of the chasmosaurine ceratopsid genus Chasmosaurus (Dinosauria: Ornithischia) from the Upper Cretaceous (Campanian) Dinosaur Park Formation of Western Canada.","Chasmosaurus belli was a large ceratopsian from the Late Cretaceous of North America. It had a long frill with decorative openings, a beaked mouth, and large cheek teeth for chewing tough vegetation. Likely lived in herds for protection.",Herbivore,"Floodplains, forest edges",https://drive.google.com/file/d/1g6AbkeKdtfgsrZZDxUng1w4yXlFcSKRR/view?usp=drive_link
272,Chasmosaurus irvinensis,valid,Holmes et al.,2001,"4,6 m",1 t,3,North America,Canada,Canada,"-105,2719900","60,9349778","-1.126,3303302","-5,8002658","5,2501949","10.072.046,3753986",relativeToGround,,,,,,,,,,,,,,,,,,,,,,,,,,,,,,,,,,,,,,,,,,,,,,,,,Alberta,Dinosaur Park,Dinosaur Park,"-110,3988541","49,1997139","959,1044749","130,6319931","66,5045663","473,2810627",relativeToGround,,,,,,,,,,,,,,,,,,,,,,,,,,,,,,,,,,,,,,,,,,,,,,,,,,,,,,,,,,,,,,,,,,,,,,,,,,,,,,,,,,,,,,,,,,,,,,,,,Late Cretaceous,Middle-Late Campanian,Dinosauria,Ornithischia,Genasauria,Neornithischia,Cerapoda,Marginocephalia,Ceratopsia,Neoceratopsia,Coronosauria,Ceratopsoidea,Ceratopsidae,Chasmosaurinae,,,,,,,,,"Mostly complete skull and skeleton, referred three skulls.",Campbell et al.. (2019). Temporal range extension and evolution of the chasmosaurine ceratopsid “Vagaceratops” irvinensis (Dinosauria: Ornithischia) in the Upper Cretaceous (Campanian) Dinosaur Park Formation of Alberta.,"Chasmosaurus irvinensis was a medium-to-large ceratopsian from the Late Cretaceous of North America. It had a long frill, strong jaw, and beaked mouth for feeding on cycads, ferns, and shrubs. Herd behavior likely helped protect juveniles from predators.",Herbivore,"Floodplains, lightly forested areas",https://drive.google.com/file/d/18FIm_9nvkNdBGyFPfnc4BRGsDixsk2gD/view?usp=drive_link
273,Chasmosaurus russelli,valid,Sternberg,1940,"5,7 m",2 t,"3,5",North America,Canada,Canada,"-105,2719900","60,9349778","-1.126,3303302","-5,8002658","5,2501949","10.072.046,3753986",relativeToGround,,,,,,,,,,,,,,,,,,,,,,,,,,,,,,,,,,,,,,,,,,,,,,,,,"Alberta, Saskatchewan",Dinosaur Park,Dinosaur Park,"-110,3988541","49,1997139","959,1044749","130,6319931","66,5045663","473,2810627",relativeToGround,,,,,,,,,,,,,,,,,,,,,,,,,,,,,,,,,,,,,,,,,,,,,,,,,,,,,,,,,,,,,,,,,,,,,,,,,,,,,,,,,,,,,,,,,,,,,,,,,Late Cretaceous,Middle-Late Campanian,Dinosauria,Ornithischia,Genasauria,Neornithischia,Cerapoda,Marginocephalia,Ceratopsia,Neoceratopsia,Coronosauria,Ceratopsoidea,Ceratopsidae,Chasmosaurinae,,,,,,,,,Several individuals (Skulls and at least one skeleton).,Campbell et al.. (2019). Temporal range extension and evolution of the chasmosaurine ceratopsid “Vagaceratops” irvinensis (Dinosauria: Ornithischia) in the Upper Cretaceous (Campanian) Dinosaur Park Formation of Alberta.,"Chasmosaurus russelli was a large ceratopsian from the Late Cretaceous of North America. Its long frill, powerful jaws, and large teeth made it well-adapted for chewing tough plant material. Likely lived in herds and used frill displays for social interaction.",Herbivore,"Floodplains, open woodlands",https://drive.google.com/file/d/1pgU3FEqUjMI1BNdVUlT6OXHY8JNDh72W/view?usp=drive_link
274,Dakotaraptor steini,valid,DePalma et al.,2015,"4,9 m",260 kg,3,North America,USA,USA,"-106,1951385","39,4392637","-12.595,5345205","0,8682536","3,1287964","8.466.423,6667228",relativeToGround,,,,,,,,,,,,,,,,,,,,,,,,,,,,,,,,,,,,,,,,,,,,,,,,,South Dakota,Hell Creek,Hell Creek,"-101,4999740","46,9000621","659,2499873","13,9658607","60,5700675","223,4491861",relativeToGround,,,,,,,,,,,,,,,,,,,,,,,,,,,,,,,,,,,,,,,,,,,,,,,,,,,,,,,,,,,,,,,,,,,,,,,,,,,,,,,,,,,,,,,,,,,,,,,,,Late Cretaceous,Late Maastrichtian,Dinosauria,Saurischia,Eusaurischia,Theropoda,Neotheropoda,Averostra,Tetanurae,Orionides,Avetheropoda,Coelurosauria,Tyrannoraptora,Maniraptoriformes,Maniraptora,Pennaraptora,Paraves,Dromaeosauridae,Eudromaeosauria,Possibly Dromaeosaurinae,,,"Partial skeleton, referred tibia, astragalocalcaneum and teeth.","DePalma, R.A., Burnham, D.A., Martin, L.D., Larson, P.L. & Bakker, R.T. (2015) The First Giant Raptor (Theropoda: Dromaeosauridae) from the Hell Creek Formation.","Dakotaraptor steini was a large dromaeosaurid theropod that lived during the Late Cretaceous period in North America. It was one of the biggest “raptor” dinosaurs ever discovered, comparable in size to a human. Dakotaraptor had a lightweight but muscular body, long legs built for speed, strong arms with sharp claws, and a long stiff tail that helped it balance while running or attacking prey. Its most distinctive feature was the large, curved sickle-shaped claw on each foot, which it likely used to slash and hold onto prey. Fossil evidence suggests it was covered in feathers, making it closely related to modern birds and indicating it was an active and intelligent predator.",Carnivore,"Open plains, grasslands, and lightly forested areas",https://drive.google.com/file/d/1VOFUAWtteqJBZw4EpvaL2rp8K7KQuFEd/view?usp=drive_link
275,Daspletosaurus horneri,valid,Carr et al.,2017,"8,7 m","2,5 t",3,North America,USA,USA,"-106,1951385","39,4392637","-12.595,5345205","0,8682536","3,1287964","8.466.423,6667228",relativeToGround,,,,,,,,,,,,,,,,,,,,,,,,,,,,,,,,,,,,,,,,,,,,,,,,,Montana,Two Medicine,Two Medicine,"-112,2977643","48,0728412","1.302,0404296","166,8332794","60,4550637","2.732,1635456",relativeToGround,,,,,,,,,,,,,,,,,,,,,,,,,,,,,,,,,,,,,,,,,,,,,,,,,,,,,,,,,,,,,,,,,,,,,,,,,,,,,,,,,,,,,,,,,,,,,,,,,Late Cretaceous,Late Campanian,Dinosauria,Saurischia,Eusaurischia,Theropoda,Neotheropoda,Averostra,Tetanurae,Orionides,Avetheropoda,Coelurosauria,Tyrannoraptora,Tyrannosauroidea,Pantyrannosauria,Eutyrannosauria,Tyrannosauridae,Tyrannosaurinae,Daspletosaurini,,,,"Complete skull and partial skeleton, referred other individuals.","Carr, T. D., Varricchio, D. J., Sedlmayr, J. C., Roberts, E. M., & Moore, J. R. (2017). A new tyrannosaur with evidence for anagenesis and crocodile-like facial sensory system.","Daspletosaurus horneri was a large tyrannosaurid dinosaur closely related to Tyrannosaurus rex. It lived about 75 million years ago and was a top predator in its ecosystem. This dinosaur had a massive skull with thick, serrated teeth capable of crushing bone, powerful legs for short bursts of speed, and relatively small but muscular arms. Studies of multiple fossils suggest that Daspletosaurus horneri showed signs of growth stages and possibly social behavior, including parental care. Its strong sense of smell and forward-facing eyes made it an efficient hunter.",Carnivore,"Floodplains, forests, and river valleys",https://drive.google.com/file/d/1STGLv6p7Ta7VvQ8M8uHLVEYXKuzmtveZ/view?usp=drive_link
276,Daspletosaurus torosus,valid,Russell,1970,"9,3 m","3,1 t","3,5",North America,Canada,Canada,"-105,2719900","60,9349778","-1.126,3303302","-5,8002658","5,2501949","10.072.046,3753986",relativeToGround,,,,,,,,,,,,,,,,,,,,,,,,,,,,,,,,,,,,,,,,,,,,,,,,,Alberta,Oldman,Oldman,"-112,8895612","49,6281878","845,5508477","68,2007575","65,8091655","290,5145433",relativeToGround,,,,,,,,,,,,,,,,,,,,,,,,,,,,,,,,,,,,,,,,,,,,,,,,,,,,,,,,,,,,,,,,,,,,,,,,,,,,,,,,,,,,,,,,,,,,,,,,,Late Cretaceous,Middle Campanian,Dinosauria,Saurischia,Eusaurischia,Theropoda,Neotheropoda,Averostra,Tetanurae,Orionides,Avetheropoda,Coelurosauria,Tyrannoraptora,Tyrannosauroidea,Pantyrannosauria,Eutyrannosauria,Tyrannosauridae,Tyrannosaurinae,Daspletosaurini,,,,At least several skeletons with skulls.,"Russell, D.A. (1970) ""Tyrannosaurs from the Late Cretaceous of western Canada"".","Daspletosaurus torosus was one of the earliest known tyrannosaurids and lived during the Late Cretaceous period. It had a robust body, a large head, and extremely powerful jaws filled with sharp teeth designed for tearing flesh. Although slightly smaller than Tyrannosaurus rex, it was still a dominant predator. Its body structure suggests it relied on ambush hunting, using strength and bite force rather than long chases.",Carnivore,Open woodlands and coastal plains,https://drive.google.com/file/d/196dp0bEmSeHMwsEkNuPDM6uzvg_3fBGN/view?usp=drive_link
277,Diabloceratops eatoni,valid,Kirkland & DeBlieux,2010,"3,9 m",725 kg,2,North America,USA,USA,"-106,1951385","39,4392637","-12.595,5345205","0,8682536","3,1287964","8.466.423,6667228",relativeToGround,,,,,,,,,,,,,,,,,,,,,,,,,,,,,,,,,,,,,,,,,,,,,,,,,Utah,Wahweap,Wahweap,"-111,4894777","36,9970790","1.122,1503067","-58,5392766","58,7274918","483,2470132",relativeToGround,,,,,,,,,,,,,,,,,,,,,,,,,,,,,,,,,,,,,,,,,,,,,,,,,,,,,,,,,,,,,,,,,,,,,,,,,,,,,,,,,,,,,,,,,,,,,,,,,Late Cretaceous,Early-Middle Campanian,Dinosauria,Ornithischia,Genasauria,Neornithischia,Cerapoda,Marginocephalia,Ceratopsia,Neoceratopsia,Coronosauria,Ceratopsoidea,Ceratopsidae,Centrosaurinae,,,,,,,,,Skull.,"Kirkland, J.I. and DeBlieux, D.D. (2010). ""New basal centrosaurine ceratopsian skulls from the Wahweap Formation (Middle Campanian), Grand Staircase–Escalante National Monument, southern Utah"".","Diabloceratops eatoni was a horned herbivorous dinosaur that lived during the Late Cretaceous period. Its name means “devil-horned face,” referring to the two long horns that extended upward from the frill on its skull. It also had a short nasal horn and a large bony frill that protected its neck and was likely used for display and species recognition. Diabloceratops had a heavy, four-legged body and a beak-like mouth used to crop tough vegetation close to the ground.",Herbivore,Plains and semi-arid grasslands,https://drive.google.com/file/d/1CV29uOq-BdFCyhAt2Ipz8pLzCO2GVy5X/view?usp=drive_link
278,Dromaeosaurus albertensis,valid,Matthew & Brown,1922,"2,3 m",34 kg,3,North America,Canada and USA,Canada,"-105,2719900","60,9349778","-1.126,3303302","-5,8002658","5,2501949","10.072.046,3753986",relativeToGround,USA,"-106,1951385","39,4392637","-12.595,5345205","0,8682536","3,1287964","8.466.423,6667228",relativeToGround,,,,,,,,,,,,,,,,,,,,,,,,,,,,,,,,,,,,,,,,,"Alberta, Montana, Wyoming, Alaska","Dinosaur Park, Oldman, Judith River, Mesaverde, Prince Creek",Dinosaur Park,"-110,3988541","49,1997139","959,1044749","130,6319931","66,5045663","473,2810627",relativeToGround,Oldman,"-112,8895612","49,6281878","845,5508477","68,2007575","65,8091655","290,5145433",relativeToGround,Judith River,"-109,3383719","47,7534092","715,9820823","-177,4744158","63,8083012","1.079,8574263",relativeToGround,Mesaverde ,"-108,4198147","37,3160881","2.502,8873012","-119,5445519","61,8524556","922,6865094",relativeToGround,Prince Creek ,"-151,4991554","69,9997157","9,2319856","144,7264106","63,6537062","321,5809862",relativeToGround,,,,,,,,,,,,,,,,,,,,,,,,,,,,,,,,,,,,,,,,,,,,,,,,,,,,,,,,,,,,,,,,,Late Cretaceous,Campanian,Dinosauria,Saurischia,Eusaurischia,Theropoda,Neotheropoda,Averostra,Tetanurae,Orionides,Avetheropoda,Coelurosauria,Tyrannoraptora,Maniraptoriformes,Maniraptora,Pennaraptora,Paraves,Dromaeosauridae,Eudromaeosauria,Dromaeosaurinae,,,"Incomplete skull and fragmentary skeleton, referred many other specimens and many teeth.","Turner A.H., Makovicky P.J., Norell M.A. (2012). A review of dromaeosaurid systematics and paravian phylogeny.
Matthew and Brown, (1922). The family Deinodontidae, with notice of a new genus from the Cretaceous of Alberta.
Mortimer - Theropod database (online).","Dromaeosaurus albertensis was a small but very aggressive theropod dinosaur from the Late Cretaceous. Despite its modest size, it had an extremely strong bite for a dromaeosaur, with thick teeth adapted for tearing flesh. Its body was compact and muscular, and it likely had feathers covering much of its body. This dinosaur was an active hunter and may have hunted small to medium-sized prey, either alone or in small groups.",Carnivore,Forests and open plains,https://drive.google.com/file/d/1JDPOmgY4eKTbAKXTyyGzfRSkkggRBOY5/view?usp=drive_link
279,Dromiceiomimus brevitertius,valid,Russell,1972,"3,7 m",140 kg,"3,5",North America,Canada,Canada,"-105,2719900","60,9349778","-1.126,3303302","-5,8002658","5,2501949","10.072.046,3753986",relativeToGround,,,,,,,,,,,,,,,,,,,,,,,,,,,,,,,,,,,,,,,,,,,,,,,,,Alberta,Horseshoe Canyon,Horseshoe Canyon,"-112,8870649","51,4253654","827,8135341","-162,3917741","60,2464127","396,8666499",relativeToGround,,,,,,,,,,,,,,,,,,,,,,,,,,,,,,,,,,,,,,,,,,,,,,,,,,,,,,,,,,,,,,,,,,,,,,,,,,,,,,,,,,,,,,,,,,,,,,,,,Late Cretaceous,Early Maastrichtian,Dinosauria,Saurischia,Eusaurischia,Theropoda,Neotheropoda,Averostra,Tetanurae,Orionides,Avetheropoda,Coelurosauria,Tyrannoraptora,Maniraptoriformes,Ornithomimosauria,Ornithomimidae,,,,,,,At least several partial skeletons with skulls.,"Macdonald, I., & Currie, P. J. (2018). Description of a partial Dromiceiomimus (Dinosauria: Theropoda) skeleton with comments on the validity of the genus.","Dromiceiomimus brevitertius was a fast, lightweight ornithomimid dinosaur that resembled a modern ostrich. It had a long neck, long legs, a toothless beak, and large eyes, suggesting excellent vision. Its skeletal structure indicates it was one of the fastest dinosaurs of its time, relying on speed to escape predators. It probably spent much of its day foraging for food across wide areas.",Omnivore,Open plains and grasslands,https://drive.google.com/file/d/1lV2VfaI8eTEjlTAqoVIMjVE1lsG_FlAD/view?usp=drive_link
280,Dromiceiomimus samueli,valid,Russell,1972,4 m,165 kg,"3,5",North America,Canada,Canada,"-105,2719900","60,9349778","-1.126,3303302","-5,8002658","5,2501949","10.072.046,3753986",relativeToGround,,,,,,,,,,,,,,,,,,,,,,,,,,,,,,,,,,,,,,,,,,,,,,,,,Alberta,Dinosaur Park,Dinosaur Park,"-110,3988541","49,1997139","959,1044749","130,6319931","66,5045663","473,2810627",relativeToGround,,,,,,,,,,,,,,,,,,,,,,,,,,,,,,,,,,,,,,,,,,,,,,,,,,,,,,,,,,,,,,,,,,,,,,,,,,,,,,,,,,,,,,,,,,,,,,,,,Late Cretaceous,Middle-Late Campanian,Dinosauria,Saurischia,Eusaurischia,Theropoda,Neotheropoda,Averostra,Tetanurae,Orionides,Avetheropoda,Coelurosauria,Tyrannoraptora,Maniraptoriformes,Ornithomimosauria,Ornithomimidae,,,,,,,Several partial skeletons with skulls.,"Russell, (1972). Ostrich dinosaurs from the Late Cretaceous of western Canada. Canadian Journal of Earth Sciences.","Dromiceiomimus samueli was very similar to other species of ornithomimids, sharing the same slender body, long legs, and toothless beak. It was built for endurance and speed, allowing it to travel long distances in search of food. This dinosaur likely lived in groups, which may have helped it detect predators early.",Omnivore,Open plains and semi-arid environments,https://drive.google.com/file/d/1erxyXfVGbLVZKSda6Wt2XidCKNBbgGdN/view?usp=drive_link
281,Edmontonia longiceps,valid,Sternberg,1928,6 m,3 t,"3,5",North America,Canada and USA,Canada,"-105,2719900","60,9349778","-1.126,3303302","-5,8002658","5,2501949","10.072.046,3753986",relativeToGround,USA,"-106,1951385","39,4392637","-12.595,5345205","0,8682536","3,1287964","8.466.423,6667228",relativeToGround,,,,,,,,,,,,,,,,,,,,,,,,,,,,,,,,,,,,,,,,,"Alberta, Texas","Horseshoe Canyon, Dinosaur Park
Aguja",Horseshoe Canyon,"-112,8870649","51,4253654","827,8135341","-162,3917741","60,2464127","396,8666499",relativeToGround,Dinosaur Park,"-110,3988541","49,1997139","959,1044749","130,6319931","66,5045663","473,2810627",relativeToGround,Aguja ,"-103,4999459","29,3010373","789,2491400","-0,5371215","59,4682868","867,3282040",relativeToGround,,,,,,,,,,,,,,,,,,,,,,,,,,,,,,,,,,,,,,,,,,,,,,,,,,,,,,,,,,,,,,,,,,,,,,,,,,,,,,,,,Late Cretaceous,Approx. Campanian-Early Maastrichtian,Dinosauria,Ornithischia,Genasauria,Thyreophora,Eurypoda,Ankylosauria,Nodosauridae,,,,,,,,,,,,,,"Large part of skeleton with skull, referred two individuals (uncertain)","Burns (2015). Intraspecific Variation in the Armoured dinosaurs (Dinosauria: Ankylosauria).
Carpenter, K. (1990). ""Ankylosaur systematics: example using Panoplosaurus and Edmontonia (Ankylosauria: Nodosauridae)"".","Edmontonia longiceps was a heavily armored herbivorous dinosaur from the Late Cretaceous period. It belonged to the nodosaur family, meaning it had no tail club but was protected by thick bony plates embedded in its skin. Its body was low and wide, making it difficult for predators to flip over. Large shoulder spikes provided additional defense against large carnivores such as tyrannosaurids. Edmontonia moved slowly and relied mainly on its armor rather than speed for protection.",Herbivore,Forested plains and lowland areas,https://drive.google.com/file/d/1v0vYRPWkuMIYsjh-_vKhQpO-efrAkxhy/view?usp=drive_link
282,Edmontonia rugosidens,valid,Russell,1940,"6,6 m","3,7 t","3,5",North America,USA and Canada,USA,"-106,1951385","39,4392637","-12.595,5345205","0,8682536","3,1287964","8.466.423,6667228",relativeToGround,Canada,"-105,2719900","60,9349778","-1.126,3303302","-5,8002658","5,2501949","10.072.046,3753986",relativeToGround,,,,,,,,,,,,,,,,,,,,,,,,,,,,,,,,,,,,,,,,,"Montana, Alberta","Two Medicine,
Dinosaur Park",Two Medicine,"-112,2977643","48,0728412","1.302,0404296","166,8332794","60,4550637","2.732,1635456",relativeToGround,Dinosaur Park,"-110,3988541","49,1997139","959,1044749","130,6319931","66,5045663","473,2810627",relativeToGround,,,,,,,,,,,,,,,,,,,,,,,,,,,,,,,,,,,,,,,,,,,,,,,,,,,,,,,,,,,,,,,,,,,,,,,,,,,,,,,,,,,,,,,,,Late Cretaceous,Middle-Late Campanian,Dinosauria,Ornithischia,Genasauria,Thyreophora,Eurypoda,Ankylosauria,Nodosauridae,,,,,,,,,,,,,,Several individuals (large part of skeleton with skulls).,"Burns (2015). Intraspecific Variation in the Armoured dinosaurs (Dinosauria: Ankylosauria).
Carpenter, K. (1990). ""Ankylosaur systematics: example using Panoplosaurus and Edmontonia (Ankylosauria: Nodosauridae)"".","Edmontonia rugosidens was similar in appearance to other nodosaurs, with extensive body armor and sharp defensive spikes along its sides. Its skull was small compared to its body, and its teeth were adapted for chewing tough, low-growing plants. This dinosaur likely spent most of its time feeding close to the ground and staying well protected from predators.",Herbivore,Woodlands and open plains,https://drive.google.com/file/d/1Zv5HoyWMDLcX5IvWISac-SWDP8AMEPOj/view?usp=drive_link
283,Edmontosaurus annectens,valid,(Marsh) Brett-Surman,"(1892)
1990",15 m,"14,5 t",4,North America,USA and Canada,USA,"-106,1951385","39,4392637","-12.595,5345205","0,8682536","3,1287964","8.466.423,6667228",relativeToGround,Canada,"-105,2719900","60,9349778","-1.126,3303302","-5,8002658","5,2501949","10.072.046,3753986",relativeToGround,,,,,,,,,,,,,,,,,,,,,,,,,,,,,,,,,,,,,,,,,"Wyoming, Montana, South Dakota,
North Dakota, Colorado, Alberta, Saskatchewan","Lance, Hell Creek, Laramie, Scollard, Frenchman",Lance,"-107,4242565","43,3540792","2.015,8862545","27,2122781","73,0941158","1.977,1046662",relativeToGround,Hell Creek,"-101,4999740","46,9000621","659,2499873","13,9658607","60,5700675","223,4491861",relativeToGround,Laramie,"-104,1793038","39,3216244","1.840,6903956","96,5780490","61,2974990","419,0560491",relativeToGround,Scollard,"-112,9270468","51,9390547","739,7826920","-136,9447481","68,8084904","541,5813687",relativeToGround,Frenchman,"-108,9046317","49,4907582","942,9726172","10,7429878","56,4757207","539,6889641",relativeToGround,,,,,,,,,,,,,,,,,,,,,,,,,,,,,,,,,,,,,,,,,,,,,,,,,,,,,,,,,,,,,,,,,Late Cretaceous,Late Maastrichtian,Dinosauria,Ornithischia,Genasauria,Neornithischia,Cerapoda,Ornithopoda,Iguanodontia,Ankylopollexia,Styracosterna,Hadrosauriformes,Hadrosauroidea,Hadrosauromorpha,Hadrosauridae,Saurolophinae,Edmontosaurini,,,,,,"Many individuals (Uncounted), bonebeds. Complete skeletons with skulls and also soft tissue.","Campione, N.E. & Evans, D.C. (2011) ""Cranial Growth and Variation in Edmontosaurs (Dinosauria: Hadrosauridae): Implications for Latest Cretaceous Megaherbivore Diversity in North America"".
Bell, P.R. Fanti, F., Currie, P.J. & Arbour, V.M. (2014) ""A Mummified Duck-Billed Dinosaur with a Soft-Tissue Cock’s Comb"".","Edmontosaurus annectens was a large hadrosaurid dinosaur, often called a “duck-billed dinosaur.” It lived in huge herds and was one of the most successful herbivores of its time. It had a broad beak for cutting plants and hundreds of tightly packed teeth for grinding vegetation. Edmontosaurus could walk on four legs while feeding and switch to two legs when moving quickly. Fossil evidence suggests it migrated seasonally in search of food.",Herbivore,"River plains, wetlands, and coastal lowlands",https://drive.google.com/file/d/1BYt8nux4C4qzllGMJfg2sM4m_SBaEzzz/view?usp=drive_link
284,Edmontosaurus regalis,valid,Lambe,1917,"11,5 m","6,6 t",4,North America,Canada,Canada,"-105,2719900","60,9349778","-1.126,3303302","-5,8002658","5,2501949","10.072.046,3753986",relativeToGround,,,,,,,,,,,,,,,,,,,,,,,,,,,,,,,,,,,,,,,,,,,,,,,,,Alberta,"Horseshoe Canyon,
Wapiti, St Mary River",Horseshoe Canyon,"-112,8870649","51,4253654","827,8135341","-162,3917741","60,2464127","396,8666499",relativeToGround,Wapiti,"-110,7137565","55,3184432","684,6503617","-57,3005879","64,3836917","64,3836917",relativeToGround,St Mary River,"-114,0973215","49,5938126","1.128,3720652","178,3271660","61,7367048","216,6655199",relativeToGround,,,,,,,,,,,,,,,,,,,,,,,,,,,,,,,,,,,,,,,,,,,,,,,,,,,,,,,,,,,,,,,,,,,,,,,,,,,,,,,,,Late Cretaceous,Latest Campanian-Early Maastrichtian,Dinosauria,Ornithischia,Genasauria,Neornithischia,Cerapoda,Ornithopoda,Iguanodontia,Ankylopollexia,Styracosterna,Hadrosauriformes,Hadrosauroidea,Hadrosauromorpha,Hadrosauridae,Saurolophinae,Edmontosaurini,,,,,,"Many individuals (Uncounted), bonebeds. Complete skeletons with skulls.","Campione, N.E. & Evans, D.C. (2011) ""Cranial Growth and Variation in Edmontosaurs (Dinosauria: Hadrosauridae): Implications for Latest Cretaceous Megaherbivore Diversity in North America"".
Xing, H., Mallon, J.C. & Currie, M.L. (2017) ""Supplementary cranial description of the types of Edmontosaurus regalis (Ornithischia: Hadrosauridae), with comments on the phylogenetics and biogeography of Hadrosaurinae"".","Edmontosaurus regalis was an earlier species of Edmontosaurus and shared many of the same physical characteristics. It had a strong, muscular tail for balance and movement and a flexible neck that allowed it to reach different types of vegetation. Living in groups helped protect it from predators and improved survival.",Herbivore,Floodplains and open plains,https://drive.google.com/file/d/1aJiPX0mfOjMfCIgDdoE0uQCog3f879xB/view?usp=drive_link
285,Gallimimus bullatus,valid,Osmólska et al.,1972,6 m,500 kg,4,Asia,Mongolia,Mongolia,"101,8194981","48,7149090","2.747,5128372","-0,7613736","1,6379275","5.550.158,2525438",relativeToGround,,,,,,,,,,,,,,,,,,,,,,,,,,,,,,,,,,,,,,,,,,,,,,,,,Ömnögovi,Nemegt,Nemegt,"100,9828926","43,4868577","1.533,2642303","0,3216256","77,4883355","2.562,9021730",relativeToGround,,,,,,,,,,,,,,,,,,,,,,,,,,,,,,,,,,,,,,,,,,,,,,,,,,,,,,,,,,,,,,,,,,,,,,,,,,,,,,,,,,,,,,,,,,,,,,,,,Late Cretaceous,Early Maastrichtian,Dinosauria,Saurischia,Eusaurischia,Theropoda,Neotheropoda,Averostra,Tetanurae,Orionides,Avetheropoda,Coelurosauria,Tyrannoraptora,Maniraptoriformes,Ornithomimosauria,Ornithomimidae,,,,,,,At least several individuals (include almost complete skeletons and skulls).,Mortimer - Theropod database (online).,"Gallimimus bullatus was a fast-running omnivorous dinosaur from the Late Cretaceous of Mongolia. It had a small head with a toothless beak, long arms, and extremely long legs, making it one of the fastest dinosaurs known. Its large eyes suggest good vision, and it likely used speed to escape predators rather than fighting. Gallimimus may have fed on plants, small animals, insects, and eggs.",Omnivore,Open plains and semi-desert regions,https://drive.google.com/file/d/126Lx62QwL9wty4cfO3uML9gqJ5iBHwLG/view?usp=drive_link
286,Giganotosaurus carolinii,valid,Coria & Salgado,1995,"12,5 m","7,4 t",3,South America,Argentina,Argentina,"-71,8643507","-34,8680283","1.685,0545519","9,0311496","8,9073784","11.033.475,1150632",relativeToGround,,,,,,,,,,,,,,,,,,,,,,,,,,,,,,,,,,,,,,,,,,,,,,,,,Neuquén,Candeleros,Candeleros,"-69,2641288","-39,3700055","439,2311899","-4,7471062","71,9811770","544,1489832",relativeToGround,,,,,,,,,,,,,,,,,,,,,,,,,,,,,,,,,,,,,,,,,,,,,,,,,,,,,,,,,,,,,,,,,,,,,,,,,,,,,,,,,,,,,,,,,,,,,,,,,Late Cretaceous,Early Cenomanian,Dinosauria,Saurischia,Eusaurischia,Theropoda,Neotheropoda,Averostra,Tetanurae,Orionides,Avetheropoda,Carnosauria,Allosauroidea,Allosauria,Carcharodontosauria,Carcharodontosauridae,Carcharodontosaurinae,Giganotosaurini,,,,,"Partial skeleton with skull, referred incomplete dentary, teeth.","Coria and Salgado, (1995). A new giant carnivorous dinosaur from the Cretaceous of Patagonia.","Giganotosaurus carolinii was one of the largest carnivorous dinosaurs ever discovered, even longer than Tyrannosaurus rex. It lived in South America during the Late Cretaceous period. This massive predator had a long skull with sharp, blade-like teeth designed for slicing flesh. Its powerful legs suggest it could pursue large prey, possibly hunting giant sauropods either alone or in groups.",Carnivore,Open plains and forest edges,https://drive.google.com/file/d/1iV7d1I-PtAksfMEnRvbUeQ0ZrQ6B9WKa/view?usp=drive_link
287,Gigantoraptor erlianensis,valid,"Xu, Tan, Wang, Zhao & Tan",2007,8 m,2 t,3,Asia,China,China,"91,9775972","41,4934298","1.199,8491739","359,8197205","0,0000000","10.341.207,3546696",relativeToGround,,,,,,,,,,,,,,,,,,,,,,,,,,,,,,,,,,,,,,,,,,,,,,,,,Inner Mongolia,Iren Dabasu,Iren Dabasu,"112,3741013","43,8387979","1.067,5064545","-0,0054021","69,0677784","1.067,5064545",relativeToGround,,,,,,,,,,,,,,,,,,,,,,,,,,,,,,,,,,,,,,,,,,,,,,,,,,,,,,,,,,,,,,,,,,,,,,,,,,,,,,,,,,,,,,,,,,,,,,,,,Late Cretaceous,Late Campanian-Early Maastrichtian,Dinosauria,Saurischia,Eusaurischia,Theropoda,Neotheropoda,Averostra,Tetanurae,Orionides,Avetheropoda,Coelurosauria,Tyrannoraptora,Maniraptoriformes,Maniraptora,Pennaraptora,Oviraptorosauria,Caenagnathoidea,Caenagnathidae,,,,"Incomplete skeleton, mandibles.","Xu, Tan, Wang, Zhao and Tan, (2007). A gigantic bird-like dinosaur from the Late Cretaceous of China.","Gigantoraptor erlianensis was a gigantic, feathered oviraptorosaur from Asia. Despite its intimidating size, it had a toothless beak and is believed to have been omnivorous. Its long legs indicate it could move quickly, and its feathers may have been used for display or temperature regulation. Fossils suggest it may have guarded its nests, similar to modern birds.",Omnivore,Open plains and semi-arid environments,https://drive.google.com/file/d/1s1KbFSPI5Be1SACVI1pkFzxos3sctge4/view?usp=drive_link
288,Gilmoreosaurus mongoliensis,valid,Brett-Surman,1979,"5,7 m",1 t,3,Asia,China,China,"91,9775972","41,4934298","1.199,8491739","359,8197205","0,0000000","10.341.207,3546696",relativeToGround,,,,,,,,,,,,,,,,,,,,,,,,,,,,,,,,,,,,,,,,,,,,,,,,,Inner Mongolia,Iren Dabasu,Iren Dabasu,"112,3741013","43,8387979","1.067,5064545","-0,0054021","69,0677784","1.067,5064545",relativeToGround,,,,,,,,,,,,,,,,,,,,,,,,,,,,,,,,,,,,,,,,,,,,,,,,,,,,,,,,,,,,,,,,,,,,,,,,,,,,,,,,,,,,,,,,,,,,,,,,,Late Cretaceous,Late Campanian-Early Maastrichtian,Dinosauria,Ornithischia,Genasauria,Neornithischia,Cerapoda,Ornithopoda,Iguanodontia,Ankylopollexia,Styracosterna,Hadrosauriformes,Hadrosauroidea,Hadrosauromorpha,,,,,,,,,At least four individuals.,"Prieto-Márquez, A. & M.A. Norell, (2010). Anatomy and Relationships of Gilmoreosaurus mongoliensis (Dinosauria: Hadrosauroidea) from the Late Cretaceous of Central Asia.","Gilmoreosaurus mongoliensis was a medium-sized hadrosaurid dinosaur from the Late Cretaceous of Asia. It had a strong beak and complex teeth that allowed it to efficiently process plant material. This dinosaur likely lived and traveled in herds, which helped protect individuals from predators.",Herbivore,Plains and river valleys,https://drive.google.com/file/d/10atv2bI_b6ilX6sj1tT52UlBQ4zFdkfL/view?usp=drive_link
289,Gorgosaurus libratus,valid,Lambe,1914,"9,3 m","2,9 t",4,North America,Canada and USA,Canada,"-105,2719900","60,9349778","-1.126,3303302","-5,8002658","5,2501949","10.072.046,3753986",relativeToGround,USA,"-106,1951385","39,4392637","-12.595,5345205","0,8682536","3,1287964","8.466.423,6667228",relativeToGround,,,,,,,,,,,,,,,,,,,,,,,,,,,,,,,,,,,,,,,,,"Alberta, Montana","Dinosaur Park,
Judith River",Dinosaur Park,"-110,3988541","49,1997139","959,1044749","130,6319931","66,5045663","473,2810627",relativeToGround,Judith River,"-109,3383719","47,7534092","715,9820823","-177,4744158","63,8083012","1.079,8574263",relativeToGround,,,,,,,,,,,,,,,,,,,,,,,,,,,,,,,,,,,,,,,,,,,,,,,,,,,,,,,,,,,,,,,,,,,,,,,,,,,,,,,,,,,,,,,,,Late Cretaceous,Middle-Late Campanian,Dinosauria,Saurischia,Eusaurischia,Theropoda,Neotheropoda,Averostra,Tetanurae,Orionides,Avetheropoda,Coelurosauria,Tyrannoraptora,Tyrannosauroidea,Pantyrannosauria,Eutyrannosauria,Tyrannosauridae,Albertosaurinae,,,,,Many skeletons and skulls (include almost complete skeleton with skull).,"Currie (2003) Cranial anatomy of tyrannosaurid dinosaurs from the Late Cretaceous of Alberta, Canada.
Mortimer - Theropod database (online).","Gorgosaurus libratus was a large tyrannosaurid predator closely related to Albertosaurus. It had a more slender and agile build compared to Tyrannosaurus rex, allowing it to move faster. With sharp teeth, strong jaws, and excellent binocular vision, Gorgosaurus was an efficient hunter that preyed on large herbivorous dinosaurs.",Carnivore,Open woodlands and plains,https://drive.google.com/file/d/1gK4aCvucNK8RChyKWexiwu-qh8T_xByd/view?usp=drive_link
290,Lambeosaurus lambei,valid,Parks,1923,"7,7 m","2,3 t","3,5",North America,Canada,Canada,"-105,2719900","60,9349778","-1.126,3303302","-5,8002658","5,2501949","10.072.046,3753986",relativeToGround,,,,,,,,,,,,,,,,,,,,,,,,,,,,,,,,,,,,,,,,,,,,,,,,,Alberta,Dinosaur Park,Dinosaur Park,"-110,3988541","49,1997139","959,1044749","130,6319931","66,5045663","473,2810627",relativeToGround,,,,,,,,,,,,,,,,,,,,,,,,,,,,,,,,,,,,,,,,,,,,,,,,,,,,,,,,,,,,,,,,,,,,,,,,,,,,,,,,,,,,,,,,,,,,,,,,,Late Cretaceous,Middle-Late Campanian,Dinosauria,Ornithischia,Genasauria,Neornithischia,Cerapoda,Ornithopoda,Iguanodontia,Ankylopollexia,Styracosterna,Hadrosauriformes,Hadrosauroidea,Hadrosauromorpha,Hadrosauridae,Lambeosaurinae,Lambeosaurini,,,,,,At least over a dozen individuals (include skulls and skeletons).,Eberth & Evans (2014) Hadrosaurs.,"Lambeosaurus lambei was a large hadrosaurid dinosaur from the Late Cretaceous period, well known for its hollow cranial crest shaped like a hatchet. This crest was connected to its nasal passages and was likely used to produce sounds for communication within herds, as well as for visual display. It had a long, stiff tail, a beak for cropping plants, and hundreds of teeth arranged in dental batteries for grinding tough vegetation. Lambeosaurus was a social animal that traveled in large groups and could walk both on two legs and four legs depending on its activity.",Herbivore,"Floodplains, river valleys, coastal plains",https://drive.google.com/file/d/1qxz_sXxLPYH0zlMhICUUz_hQB4GGUYUF/view?usp=drive_link
291,Lambeosaurus magnicristatus,valid,Wilfarth,1938,"7,2 m","1,9 t",3,North America,Canada,Canada,"-105,2719900","60,9349778","-1.126,3303302","-5,8002658","5,2501949","10.072.046,3753986",relativeToGround,,,,,,,,,,,,,,,,,,,,,,,,,,,,,,,,,,,,,,,,,,,,,,,,,Alberta,Dinosaur Park,Dinosaur Park,"-110,3988541","49,1997139","959,1044749","130,6319931","66,5045663","473,2810627",relativeToGround,,,,,,,,,,,,,,,,,,,,,,,,,,,,,,,,,,,,,,,,,,,,,,,,,,,,,,,,,,,,,,,,,,,,,,,,,,,,,,,,,,,,,,,,,,,,,,,,,Late Cretaceous,Middle Campanian,Dinosauria,Ornithischia,Genasauria,Neornithischia,Cerapoda,Ornithopoda,Iguanodontia,Ankylopollexia,Styracosterna,Hadrosauriformes,Hadrosauroidea,Hadrosauromorpha,Hadrosauridae,Lambeosaurinae,Lambeosaurini,,,,,,At least 2 partial skeletons with skulls.,"Evans, D. C., & Reisz, R. R. (2007). Anatomy and Relationships o fLambeosaurus magnicristatus, a crested hadrosaurid dinosaur (Ornithischia) from the Dinosaur Park Formation, Alberta.","Lambeosaurus magnicristatus was a closely related species distinguished by its much larger and more elaborate crest. This dinosaur lived in the same general regions as other lambeosaurines but may have used its unique crest shape to identify members of its own species. It was well adapted for long-distance travel and seasonal migration, feeding on a wide variety of plants. Fossil evidence suggests it lived in herds and relied on group behavior for protection against predators.",Herbivore,"Floodplains, wetlands, open plains",https://drive.google.com/file/d/10mZHmWtsG7igq9wqzpJe2wd7alR-Xquh/view?usp=drive_link
292,Maiasaura peeblesorum,valid,Horner & Makela,1979,"8,4 m","2,3 t",4,North America,USA,USA,"-106,1951385","39,4392637","-12.595,5345205","0,8682536","3,1287964","8.466.423,6667228",relativeToGround,,,,,,,,,,,,,,,,,,,,,,,,,,,,,,,,,,,,,,,,,,,,,,,,,Montana,Two Medicine,Two Medicine,"-112,2977643","48,0728412","1.302,0404296","166,8332794","60,4550637","2.732,1635456",relativeToGround,,,,,,,,,,,,,,,,,,,,,,,,,,,,,,,,,,,,,,,,,,,,,,,,,,,,,,,,,,,,,,,,,,,,,,,,,,,,,,,,,,,,,,,,,,,,,,,,,Late Cretaceous,Late Campanian,Dinosauria,Ornithischia,Genasauria,Neornithischia,Cerapoda,Ornithopoda,Iguanodontia,Ankylopollexia,Styracosterna,Hadrosauriformes,Hadrosauroidea,Hadrosauromorpha,Hadrosauridae,Saurolophinae,Brachylophosaurini,,,,,,More than 200 individuals in all age ranges.,Albert Prieto-Marquez and Merrilee F. Guenther (2018). Perinatal specimens of Maiasaura from the Upper Cretaceous of Montana (USA): insights into the early ontogeny of saurolophine hadrosaurid dinosaurs.,"Maiasaura peeblesorum was a medium-sized duck-billed dinosaur famous for providing the first strong evidence of parental care in dinosaurs. Fossils show nesting colonies where adults fed and protected their young until they were able to move on their own. Maiasaura had a broad beak, strong jaws, and hundreds of teeth for processing plants. It lived in large herds and likely migrated seasonally in search of food and suitable nesting grounds.",Herbivore,"Plains, floodplains, forested areas",https://drive.google.com/file/d/1kXw-lUFhtyT6osp8ZY5_r-FhmwzsRM_T/view?usp=drive_link
293,Majungasaurus crenatissimus,valid,Lavocat,1955,7 m,850 kg,"3,5",Africa,Madagascar,Madagascar,"45,1741113","-17,2996403","-134,1147808","10,7035160","10,2995497","3.577.746,7483431",relativeToGround,,,,,,,,,,,,,,,,,,,,,,,,,,,,,,,,,,,,,,,,,,,,,,,,,Mahajanga,Maevarano,Maevarano,"46,5961543","-15,8553522","203,4532793","98,6605069","68,4791561","325,4720416",relativeToGround,,,,,,,,,,,,,,,,,,,,,,,,,,,,,,,,,,,,,,,,,,,,,,,,,,,,,,,,,,,,,,,,,,,,,,,,,,,,,,,,,,,,,,,,,,,,,,,,,Late Cretaceous,Maastrichtian,Dinosauria,Saurischia,Eusaurischia,Theropoda,Neotheropoda,Averostra,Ceratosauria,Neoceratosauria,Abelisauroidea,Abelisauria,Abelisauridae,Majungasaurinae,,,,,,,,,At least more than 20 individuals.,Mortimer - Theropod database (online).,"Majungasaurus crenatissimus was a theropod predator that lived on the island of Madagascar during the Late Cretaceous. It had a short, deep skull with thick bones and a small horn on top of its head. Its arms were very short, but its jaws were powerful and well suited for biting prey. Bite marks on fossils suggest that Majungasaurus sometimes practiced cannibalism. It lived in a warm climate with seasonal droughts.",Carnivore,"Semi-arid plains, dry forests",https://drive.google.com/file/d/151ygl8s1c0XhXYG34W9QCGyMOAfifQrP/view?usp=drive_link
294,Moros intrepidus,valid,Zanno et al.,2019,3 m,75 kg,2,North America,USA,USA,"-106,1951385","39,4392637","-12.595,5345205","0,8682536","3,1287964","8.466.423,6667228",relativeToGround,,,,,,,,,,,,,,,,,,,,,,,,,,,,,,,,,,,,,,,,,,,,,,,,,Utah,Cedar Mountain,Cedar Mountain,"-110,8233313","39,2493001","1.793,0678053","-28,3572350","60,5447796","408,1631337",relativeToGround,,,,,,,,,,,,,,,,,,,,,,,,,,,,,,,,,,,,,,,,,,,,,,,,,,,,,,,,,,,,,,,,,,,,,,,,,,,,,,,,,,,,,,,,,,,,,,,,,Late Cretaceous,Middle Cenomanian,Dinosauria,Saurischia,Eusaurischia,Theropoda,Neotheropoda,Averostra,Tetanurae,Orionides,Avetheropoda,Coelurosauria,Tyrannoraptora,Tyrannosauroidea,,,,,,,,,"Incomplete femur, incomplete tibia, fragmentary metatarsal II, incomplete metatarsal IV, phalanx IV-3 and phalanx IV-4. Referred tooth (uncertain) (teeth (uncertain)).","Zanno, L.E., Tucker, R.T., Canoville, A., Avrahami, H.M., Gates, T.A., Makovicky, P.J. (2019). ""Diminutive fleet-footed tyrannosauroid narrows the 70-million-year gap in the North American fossil record"".","Moros intrepidus was a small, early relative of the giant tyrannosaurs that appeared later. Despite its modest size, it already had advanced senses, including keen vision and hearing. Its long legs indicate it was fast and agile, making it an effective hunter of small animals. Moros represents an important evolutionary step that shows how tyrannosaurs became dominant predators over time.",Carnivore,"Forests, wooded plains",https://drive.google.com/file/d/1xQCu-R-trLuPqA9mplZGPKDQRKUbxXe_/view?usp=drive_link
295,Morrosaurus antarcticus,valid,Rozadilla et al.,2016,Approx. 3 m,Approx. 45 kg,1,Antarctica,Antarctica,Antarctica,"54,0483717","-85,6017979","-3.565,9729379","-60,7570526","3,9903138","12.560.131,2784266",relativeToGround,,,,,,,,,,,,,,,,,,,,,,,,,,,,,,,,,,,,,,,,,,,,,,,,,James Ross Island,Snow Hill Island,Snow Hill Island,"-57,8794852","-63,8918176","455,2301131","51,5268742","77,6123348","4.718,4890025",relativeToGround,,,,,,,,,,,,,,,,,,,,,,,,,,,,,,,,,,,,,,,,,,,,,,,,,,,,,,,,,,,,,,,,,,,,,,,,,,,,,,,,,,,,,,,,,,,,,,,,,Late Cretaceous,Early Maastrichtian,Dinosauria,Ornithischia,Genasauria,Neornithischia,Cerapoda,Ornithopoda,Elasmaria,,,,,,,,,,,,,,Fragmentary right hind limb. Referred distal end of a (uncertain)right pedal phalanx and seven unidentified fragments (could be the same individual with holotype).,"Rozadilla, S., Agnolin, F. L., Novas, F. E., Aranciaga Rolando, A. M., Motta, M. J., Lirio, J. M., & Isasi, M. P. (2016). A new ornithopod (Dinosauria, Ornithischia) from the Upper Cretaceous of Antarctica and its palaeobiogeographical implications.","Morrosaurus antarcticus was a small herbivorous dinosaur that lived in Antarctica when the continent was much warmer than today. It inhabited polar forests and had to survive long periods of darkness during winter months. Its body structure suggests it was a fast runner, possibly to escape predators. Morrosaurus likely lived in herds and fed on low-growing plants and shrubs.",Herbivore,Polar forests,https://drive.google.com/file/d/1RHUdDylAYmKTARRkQdFld0Ymjtkmb5IA/view?usp=drive_link
296,Mosaiceratops azumai,valid,"Zheng, Jin & Xu",2015,"1,2 m",12 kg,3,Asia,China,China,"91,9775972","41,4934298","1.199,8491739","359,8197205","0,0000000","10.341.207,3546696",relativeToGround,,,,,,,,,,,,,,,,,,,,,,,,,,,,,,,,,,,,,,,,,,,,,,,,,Henan,Xiaguan,Xiaguan,"112,0001854","33,3008297","483,1860602","-24,7043347","68,4438319","587,4651814",relativeToGround,,,,,,,,,,,,,,,,,,,,,,,,,,,,,,,,,,,,,,,,,,,,,,,,,,,,,,,,,,,,,,,,,,,,,,,,,,,,,,,,,,,,,,,,,,,,,,,,,Late Cretaceous,Turonian-Middle Campanian,Dinosauria,Ornithischia,Genasauria,Neornithischia,Cerapoda,Marginocephalia,Ceratopsia,Neoceratopsia,,,,,,,,,,,,,Partial skull and partial skeleton.,"Zheng, Jin i Xu, (2015). A psittacosaurid-like basal neoceratopsian from the Upper Cretaceous of central China and its implications for basal ceratopsian evolution.","Mosaiceratops azumai was a small and primitive ceratopsian dinosaur that lived during the Early Cretaceous. It had a short frill, a parrot-like beak, and relatively simple facial features compared to later horned dinosaurs. This species helps scientists understand the early evolution of ceratopsians. It was likely a social animal and fed on low vegetation in forested environments.",Herbivore,"Forests, plains",https://drive.google.com/file/d/1tl9XIsbY0wA14VbsiI3CgAS0BNwXSCBf/view?usp=drive_link
297,Murusraptor barrosaensis,valid,Coria & Currie,2016,"6,9 m",800 kg,3,South America,Argentina,Argentina,"-71,8643507","-34,8680283","1.685,0545519","9,0311496","8,9073784","11.033.475,1150632",relativeToGround,,,,,,,,,,,,,,,,,,,,,,,,,,,,,,,,,,,,,,,,,,,,,,,,,Neuquén,Sierra Barrosa,Sierra Barrosa,"-68,8563484","-38,8681100","806,8026374","-6,1000850","34,8372592","808,1433696",relativeToGround,,,,,,,,,,,,,,,,,,,,,,,,,,,,,,,,,,,,,,,,,,,,,,,,,,,,,,,,,,,,,,,,,,,,,,,,,,,,,,,,,,,,,,,,,,,,,,,,,Late Cretaceous,Coniacian,Dinosauria,Saurischia,Eusaurischia,Theropoda,Neotheropoda,Averostra,Tetanurae,Orionides,Avetheropoda,Megaraptora,Megaraptoridae,,,,,,,,,,Partial skeleton with incomplete skull.,"Corria & Currie (2016). A New Megaraptoran Dinosaur (Dinosauria, Theropoda, Megaraptoridae) from the Late Cretaceous of Patagonia.","Murusraptor barrosaensis was a large carnivorous dinosaur belonging to the megaraptorid group. It had a long skull, powerful jaws, and especially long arms equipped with sharp claws used to capture prey. Murusraptor was an active predator and one of the top hunters in its ecosystem. It lived in open environments where it could pursue large herbivorous dinosaurs.",Carnivore,"Open plains, river environments",https://drive.google.com/file/d/1RZVF0YQU9BLH7W2oVLGTHVtFmNqYNoFg/view?usp=drive_link
298,Muyelensaurus pecheni,valid,"Calvo, González-Riga & Porfiri",2007,10 m,"2,3 t",3,South America,Argentina,Argentina,"-71,8643507","-34,8680283","1.685,0545519","9,0311496","8,9073784","11.033.475,1150632",relativeToGround,,,,,,,,,,,,,,,,,,,,,,,,,,,,,,,,,,,,,,,,,,,,,,,,,Neuquén,Plottier,Plottier,"-69,0999256","-37,3990340","762,2764642","3,2344400","56,9265622","668,5865010",relativeToGround,,,,,,,,,,,,,,,,,,,,,,,,,,,,,,,,,,,,,,,,,,,,,,,,,,,,,,,,,,,,,,,,,,,,,,,,,,,,,,,,,,,,,,,,,,,,,,,,,Late Cretaceous,Late Coniacian-Early Santonian,Dinosauria,Saurischia,Eusaurischia,Sauropodomorpha,Plateosauria,Massopoda,Sauropodiformes,Anchisauria,Sauropoda,Gravisauria,Eusauropoda,Neosauropoda,Macronaria,Titanosauriformes,Somphospondyli,Titanosauria,Eutitanosauria,Lithostrotia,Colossosauria,Rinconsauria,At least five individuals.,"Calvo, J.O.; González-Riga, B.J.; and Porfiri, J.D. (2007) ""A new titanosaur sauropod from the Late Cretaceous of Neuquén, Patagonia, Argentina."".","Muyelensaurus pecheni was a medium-sized sauropod dinosaur from the Late Cretaceous of South America. It had a long neck and tail, a relatively light body for a sauropod, and pillar-like legs that supported its weight. Muyelensaurus fed on vegetation at different heights, using its long neck to reach leaves and branches. It likely lived and moved in groups, which helped protect juveniles from predators and allowed efficient use of food resources.",Herbivore,"Plains, floodplains",https://drive.google.com/file/d/1lwgl9fQCKT6AAVNkUxsWaJR7DIJyOhdx/view?usp=drive_link
299,Nodosaurus textilis,valid,Marsh,1889,"5,5 m","1,2 t",3,North America,USA,USA,"-106,1951385","39,4392637","-12.595,5345205","0,8682536","3,1287964","8.466.423,6667228",relativeToGround,,,,,,,,,,,,,,,,,,,,,,,,,,,,,,,,,,,,,,,,,,,,,,,,,Wyoming,Frontier,Frontier,"-108,9833515","40,5340101","1.566,5409547","-1,3429024","61,7293673","983,4491820",relativeToGround,,,,,,,,,,,,,,,,,,,,,,,,,,,,,,,,,,,,,,,,,,,,,,,,,,,,,,,,,,,,,,,,,,,,,,,,,,,,,,,,,,,,,,,,,,,,,,,,,Late Cretaceous,Middle Cenomanian,Dinosauria,Ornithischia,Genasauria,Thyreophora,Eurypoda,Ankylosauria,Nodosauridae,,,,,,,,,,,,,,"Partial skeleton, referred 1 (2 (uncertain)) individuals (uncertain)","Glut, (1997). Dinosaurs - The Encyclopedia.","Nodosaurus textilis was a heavily armored dinosaur belonging to the nodosaurid group. Its body was covered in thick bony plates called osteoderms, providing strong protection against large predators. Unlike ankylosaurs, it did not have a tail club. Nodosaurus had a low-slung body and a small head with a beak, adapted for feeding on low-growing plants. It moved slowly but relied on its armor rather than speed for defense.",Herbivore,"Coastal plains, forests",https://drive.google.com/file/d/13b3OBOu_ZO1ZzFhvfkB9fTLowxXUVFsi/view?usp=drive_link
300,Olorotitan arharensis,valid,"Godefroit, Bolotsky & Alifanov",2003,"8,9 m","3,5 t",3,Asia,Russia,Russia,"75,2741471","62,4487063","1.623,0555737","-0,8205631","4,1847774","13.550.327,7369762",relativeToGround,,,,,,,,,,,,,,,,,,,,,,,,,,,,,,,,,,,,,,,,,,,,,,,,,Yevreyskaya,Udurchukan,Udurchukan,"129,5040969","49,5035229","96,6717897","37,5841588","71,7427730","1.198,5186693",relativeToGround,,,,,,,,,,,,,,,,,,,,,,,,,,,,,,,,,,,,,,,,,,,,,,,,,,,,,,,,,,,,,,,,,,,,,,,,,,,,,,,,,,,,,,,,,,,,,,,,,Late Cretaceous,Late Maastrichtian,Dinosauria,Ornithischia,Genasauria,Neornithischia,Cerapoda,Ornithopoda,Iguanodontia,Ankylopollexia,Styracosterna,Hadrosauriformes,Hadrosauroidea,Hadrosauromorpha,Hadrosauridae,Lambeosaurinae,Lambeosaurini,,,,,,Two partial skeletons and skull.,"Godefroit, P., Bolotsky, Y.L. & Bolotsky, I.Y. (2012). Osteology and relationships of Olorotitan arharensis, a hollow crested hadrosaurid dinosaur from the latest Cretaceous of Far Eastern Russia. ","Olorotitan arharensis was a large hadrosaurid dinosaur with an elegant, elongated neck and a hollow crest on its head. The crest likely played a role in sound production and visual communication within herds. Olorotitan lived in social groups and migrated through river valleys in search of food. Its posture and body shape suggest it could feed both at ground level and higher vegetation.",Herbivore,"Floodplains, river valleys",https://drive.google.com/file/d/1Y85BsSwhpFDOULoICRF1M2noCA9oJkB_/view?usp=drive_link
301,Oohkotokia horneri,valid,Penkalski,2014,"5,7 m","2,1 t","2,5",North America,USA,USA,"-106,1951385","39,4392637","-12.595,5345205","0,8682536","3,1287964","8.466.423,6667228",relativeToGround,,,,,,,,,,,,,,,,,,,,,,,,,,,,,,,,,,,,,,,,,,,,,,,,,Montana,Two Medicine,Two Medicine,"-112,2977643","48,0728412","1.302,0404296","166,8332794","60,4550637","2.732,1635456",relativeToGround,,,,,,,,,,,,,,,,,,,,,,,,,,,,,,,,,,,,,,,,,,,,,,,,,,,,,,,,,,,,,,,,,,,,,,,,,,,,,,,,,,,,,,,,,,,,,,,,,Late Cretaceous,Middle Campanian,Dinosauria,Ornithischia,Genasauria,Thyreophora,Eurypoda,Ankylosauria,Ankylosauridae,Ankylosaurinae,,,,,,,,,,,,,Several individuals (include skulls).,"Penkalski, P. (2018). Revised systematics of the armoured dinosaur Euoplocephalus and its allies.","Oohkotokia horneri was a stocky, low-bodied ankylosaurid dinosaur with heavy armor covering its back and sides. It also possessed a strong tail club, which it could swing to defend itself against predators by breaking bones or delivering powerful blows. Oohkotokia fed on tough, low-growing plants and shrubs. Its body was well adapted for life close to the ground.",Herbivore,"Plains, forests",https://drive.google.com/file/d/1grI6HQ6JHczeLE6yddny1YcuSCJ8qLw9/view?usp=drive_link
302,Oviraptor philoceratops,valid,Osborn,1924,"1,9 m",22 kg,3,Asia,Mongolia,Mongolia,"101,8194981","48,7149090","2.747,5128372","-0,7613736","1,6379275","5.550.158,2525438",relativeToGround,,,,,,,,,,,,,,,,,,,,,,,,,,,,,,,,,,,,,,,,,,,,,,,,,Ömnögovi,Djadokhta,Djadokhta,"103,7284066","44,1375051","1.247,6538957","-47,8600646","64,8039216","302,3926458",relativeToGround,,,,,,,,,,,,,,,,,,,,,,,,,,,,,,,,,,,,,,,,,,,,,,,,,,,,,,,,,,,,,,,,,,,,,,,,,,,,,,,,,,,,,,,,,,,,,,,,,Late Cretaceous,Late Campanian,Dinosauria,Saurischia,Eusaurischia,Theropoda,Neotheropoda,Averostra,Tetanurae,Orionides,Avetheropoda,Coelurosauria,Tyrannoraptora,Maniraptoriformes,Maniraptora,Pennaraptora,Oviraptorosauria,Caenagnathoidea,Oviraptoridae,,,,"Partial skeleton with incomplete skull. Referred 15 eggs, embryo (or nestling).","Osborn, (1924). Three new Theropoda, Protoceratops zone, central Mongolia.","Oviraptor philoceratops was a small, lightweight theropod dinosaur with a toothless beak and a short tail. Fossil discoveries show individuals preserved sitting on nests, indicating brooding behavior similar to modern birds. It likely had feathers and was intelligent and agile. Oviraptor fed on a varied diet, possibly including eggs, small animals, and plant material.",Omnivore,"Deserts, semi-arid environments",https://drive.google.com/file/d/10flYVRX6KLPSURE8IxIuvQgHSMlybN2q/view?usp=drive_link
303,Pachyrhinosaurus canadensis,valid,Sternberg,1950,"6,9 m","3,9 t","3,5",North America,Canada,Canada,"-105,2719900","60,9349778","-1.126,3303302","-5,8002658","5,2501949","10.072.046,3753986",relativeToGround,,,,,,,,,,,,,,,,,,,,,,,,,,,,,,,,,,,,,,,,,,,,,,,,,Alberta,"St Mary River,
Horseshoe Canyon",St Mary River,"-114,0973215","49,5938126","1.128,3720652","178,3271660","61,7367048","216,6655199",relativeToGround,Horseshoe Canyon,"-112,8870649","51,4253654","827,8135341","-162,3917741","60,2464127","396,8666499",relativeToGround,,,,,,,,,,,,,,,,,,,,,,,,,,,,,,,,,,,,,,,,,,,,,,,,,,,,,,,,,,,,,,,,,,,,,,,,,,,,,,,,,,,,,,,,,Late Cretaceous,Late Campanian-Early Maastrichtian,Dinosauria,Ornithischia,Genasauria,Neornithischia,Cerapoda,Marginocephalia,Ceratopsia,Neoceratopsia,Coronosauria,Ceratopsoidea,Ceratopsidae,Centrosaurinae,Eucentrosaura,Pachyrhinosaurini,Pachyrostra,,,,,,Many individuals.,"Ronald S. Tykoski, Anthony R. Fiorillo & Kentaro Chiba (2019). New data and diagnosis for the Arctic ceratopsid dinosaur Pachyrhinosaurus perotorum.","Pachyrhinosaurus canadensis was a large ceratopsian dinosaur adapted to cold northern climates. Instead of long horns, it had a thick, bony nasal boss on its snout, which may have been used in head-to-head combat or display. It lived in massive herds that likely migrated seasonally. Its powerful beak allowed it to process tough vegetation.",Herbivore,"Plains, river floodplains",https://drive.google.com/file/d/1g-W0x4IaSaJoPturZqqkkvxuivVslu7e/view?usp=drive_link
304,Pachyrhinosaurus lakustai,valid,"Currie, Langston & Tanke",2008,"5,7 m","2,2 t",3,North America,Canada,Canada,"-105,2719900","60,9349778","-1.126,3303302","-5,8002658","5,2501949","10.072.046,3753986",relativeToGround,,,,,,,,,,,,,,,,,,,,,,,,,,,,,,,,,,,,,,,,,,,,,,,,,Alberta,Wapiti,Wapiti,"-110,7137565","55,3184432","684,6503617","-57,3005879","64,3836917","64,3836917",relativeToGround,,,,,,,,,,,,,,,,,,,,,,,,,,,,,,,,,,,,,,,,,,,,,,,,,,,,,,,,,,,,,,,,,,,,,,,,,,,,,,,,,,,,,,,,,,,,,,,,,Late Cretaceous,Late Campanian,Dinosauria,Ornithischia,Genasauria,Neornithischia,Cerapoda,Marginocephalia,Ceratopsia,Neoceratopsia,Coronosauria,Ceratopsoidea,Ceratopsidae,Centrosaurinae,Eucentrosaura,Pachyrhinosaurini,Pachyrostra,,,,,,At least 15 individuals.,"Currie, P.J., Langston, W., and Tanke, D.H. (2008). ""A new species of Pachyrhinosaurus (Dinosauria, Ceratopsidae) from the Upper Cretaceous of Alberta, Canada.","Pachyrhinosaurus lakustai was an earlier species of Pachyrhinosaurus with similar physical traits, including a thick nasal boss and a large frill. It lived in herds and shared its environment with other large herbivores and predators. This species shows how Pachyrhinosaurus evolved over time.",Herbivore,"Plains, wetlands",https://drive.google.com/file/d/1U72OBkwwQVrqajVjN85vCru8ATJm7A-Y/view?usp=drive_link
305,Pentaceratops sternbergii,valid,Osborn,1923,"5,8 m","2,3 t","3,5",North America,USA,USA,"-106,1951385","39,4392637","-12.595,5345205","0,8682536","3,1287964","8.466.423,6667228",relativeToGround,,,,,,,,,,,,,,,,,,,,,,,,,,,,,,,,,,,,,,,,,,,,,,,,,"New Mexico,
Colorado","Fruitland, Kirtland, Williams Fork",Fruitland,"-108,4422887","36,7512019","1.564,9697339","34,4974584","67,5201324","477,8782004",relativeToGround,Kirtland,"-108,3496413","36,7077744","1.621,4852983","-29,7952262","58,9986703","501,6058506",relativeToGround,Williams Fork,"-108,7988847","40,0003578","1.804,4318368","79,8123806","66,4484049","592,5649022",relativeToGround,,,,,,,,,,,,,,,,,,,,,,,,,,,,,,,,,,,,,,,,,,,,,,,,,,,,,,,,,,,,,,,,,,,,,,,,,,,,,,,,,Late Cretaceous,Campanian,Dinosauria,Ornithischia,Genasauria,Neornithischia,Cerapoda,Marginocephalia,Ceratopsia,Neoceratopsia,Coronosauria,Ceratopsoidea,Ceratopsidae,Chasmosaurinae,,,,,,,,,Over a dozen individuals.,"Lehman, T.M., (1998), ""A gigantic skull and skeleton of the horned dinosaur Pentaceratops sternbergi from New Mexico"".",Pentaceratops sternbergii was a large horned dinosaur with one of the longest skulls of any land animal. It had multiple facial horns and a wide frill that may have been used for display and species recognition. Pentaceratops was a powerful quadrupedal herbivore that fed on low-growing plants and shrubs.,Herbivore,"Dry plains, open forests",https://drive.google.com/file/d/1z16l_-SxdfjJN6IcuAiiTePCptzg9F5Z/view?usp=drive_link
306,Parasaurolophus cyrtocristatus,valid,Ostrom,1961,"8,7 m","3,4 t",3,North America,USA,USA,"-106,1951385","39,4392637","-12.595,5345205","0,8682536","3,1287964","8.466.423,6667228",relativeToGround,,,,,,,,,,,,,,,,,,,,,,,,,,,,,,,,,,,,,,,,,,,,,,,,,"New Mexico, Utah","Kirtland, Kaiparowits",Kirtland,"-108,3496413","36,7077744","1.621,4852983","-29,7952262","58,9986703","501,6058506",relativeToGround,Kaiparowits ,"-111,6801657","37,4015289","1.805,2585158","48,6402247","63,7543303","444,9141379",relativeToGround,,,,,,,,,,,,,,,,,,,,,,,,,,,,,,,,,,,,,,,,,,,,,,,,,,,,,,,,,,,,,,,,,,,,,,,,,,,,,,,,,,,,,,,,,Late Cretaceous,Late Campanian,Dinosauria,Ornithischia,Genasauria,Neornithischia,Cerapoda,Ornithopoda,Iguanodontia,Ankylopollexia,Styracosterna,Hadrosauriformes,Hadrosauroidea,Hadrosauromorpha,Hadrosauridae,Lambeosaurinae,Parasaurolophini,,,,,,At least 2 individuals (include partial skeleton and skull).,"Sullivan, R.S.; Williamson, T.E. (1999). ""A new skull of Parasaurolophus (Dinosauria: Hadrosauridae) from the Kirtland Formation of New Mexico and a revision of the genus"".","Parasaurolophus cyrtocristatus was a large hadrosaurid dinosaur easily recognized by its long, curved hollow crest extending backward from the skull. This crest was connected to the nasal passages and could produce loud, low-frequency sounds used for communication, warning signals, and social interaction. Parasaurolophus lived in large herds and was capable of walking both on two legs and four legs. Its complex dental batteries allowed it to grind tough plant material efficiently.",Herbivore,"Floodplains, open plains",https://drive.google.com/file/d/1hta6KAtPPER8tBdkqkDyyNptQ-Uk4rHO/view?usp=drive_link
307,Parasaurolophus tubicen,valid,Wiman,1931,"9,7 m","5,3 t",2,North America,USA,USA,"-106,1951385","39,4392637","-12.595,5345205","0,8682536","3,1287964","8.466.423,6667228",relativeToGround,,,,,,,,,,,,,,,,,,,,,,,,,,,,,,,,,,,,,,,,,,,,,,,,,New Mexico,Kirtland,Kirtland,"-108,3496413","36,7077744","1.621,4852983","-29,7952262","58,9986703","501,6058506",relativeToGround,,,,,,,,,,,,,,,,,,,,,,,,,,,,,,,,,,,,,,,,,,,,,,,,,,,,,,,,,,,,,,,,,,,,,,,,,,,,,,,,,,,,,,,,,,,,,,,,,Late Cretaceous,Late Campanian,Dinosauria,Ornithischia,Genasauria,Neornithischia,Cerapoda,Ornithopoda,Iguanodontia,Ankylopollexia,Styracosterna,Hadrosauriformes,Hadrosauroidea,Hadrosauromorpha,Hadrosauridae,Lambeosaurinae,Parasaurolophini,,,,,,At least 2 individuals (skulls).,"Sullivan, R.S.; Williamson, T.E. (1999). ""A new skull of Parasaurolophus (Dinosauria: Hadrosauridae) from the Kirtland Formation of New Mexico and a revision of the genus"".","Parasaurolophus tubicen was a close relative of P. cyrtocristatus but had an even longer and straighter crest. This species likely produced deeper and more powerful sounds than other hadrosaurs. It lived near river systems and wetlands, where vegetation was abundant. Parasaurolophus tubicen was highly social and depended on herd behavior for protection against predators.",Herbivore,"River valleys, wetlands",https://drive.google.com/file/d/1w4h3Sk9AXa01DrQwMn4krwhHgonmMTmk/view?usp=drive_link
308,Rhabdodon priscus,valid,Matheron,1869,"5,1 m",380 kg,4,Europe,France and Spain,France,"-3,2555052","45,7371162","-454,1603896","-16,6623723","0,7580395","3.564.878,4383762",relativeToGround,Spain,"-4,3664930","41,1997794","25,3549813","-4,9911449","3,4457370","2.044.570,0387394",relativeToGround,,,,,,,,,,,,,,,,,,,,,,,,,,,,,,,,,,,,,,,,,"Provence-Alpes-Côte d'Azur, Occitanie, Aragon, Catalonia, Castile and León","Marnes Rouges Inferieures, Gres de Saint-Chinian, Argiles et Grès à Reptiles, Gres de Labarre, Arén, Tremp",Marnes Rouges Inferieures,"2,2996216","42,9006618","469,9821982","122,5777006","48,0174604","502,6471738",relativeToGround,Gres de Saint-Chinian,"2,9343131","43,3915869","266,4926178","114,3862104","73,0507573","576,6308126",relativeToGround,Argiles et Grès à Reptiles,"5,5019137","43,4996567","310,9199583","-125,6947035","65,8228684","410,0281888",relativeToGround,Gres de Labarre,"6,5729171","45,0266082","1.945,5252866","31,0893494","58,2689411","1.428,0725800",relativeToGround,Arén ,"1,6000131","42,2998187","1.747,5215438","-157,6141027","63,1321796","520,4389016",relativeToGround,Tremp ,"1,0729420","42,1103253","726,9665876","63,9093786","60,5327510","247,2721193",relativeToGround,,,,,,,,,,,,,,,,,,,,,,,,,,,,,,,,,,,,,,,,,,,,,,,,,,,,,,,,,Late Cretaceous,Approx. Late Campanian-Maastrichtian,Dinosauria,Ornithischia,Genasauria,Neornithischia,Cerapoda,Ornithopoda,Iguanodontia,Rhabdodontomorpha,Rhabdodontidae,,,,,,,,,,,,Many individuals (problematic).,"Norman, D.B. (2004). Basal Iguanodontia. [w]: David B. Weishampel, Peter Dodson, Halszka Osmólska (red.): ""The Dinosauria"".
Ősi, A., Prondvai, E., Butler, R. & Weishampel, D.B. (2012) Phylogeny, Histology and Inferred Body Size Evolution in a New Rhabdodontid Dinosaur from the Late Cretaceous of Hungary.
Chanthasit, P. (2010). “The ornithopod dinosaur Rhabdodon from the Late Cretaceous of France : anatomy, systematics and paleobiology"".","Rhabdodon priscus was a robust ornithopod dinosaur that lived in Europe during the Late Cretaceous. It had strong jaws and thick teeth adapted for chewing tough, fibrous plants. Its body was well built, allowing it to survive in dry and seasonal environments. Rhabdodon likely lived in small groups and relied on strength rather than speed to avoid predators.",Herbivore,"Dry plains, forests",https://drive.google.com/file/d/1jyGoXGbim2Bj_PRvEs_W8pp9VZNzsIq0/view?usp=drive_link
309,Spinosaurus aegyptiacus,valid,Stromer,1915,15 m,"6,9 t",3,Africa,"Egypt, Morocco, Algeria, Libya, Niger, Tunisia, Kenya",Egypt,"28,9146748","28,8897242","668,3022191","-5,0320295","4,8688736","5.520.467,3813725",relativeToGround,Morocco,"-8,5972822","34,6031243","-2.053,4997271","-1,3247262","0,3832970","4.484.213,1805927",relativeToGround,Algeria,"1,7408148","30,5247069","1.145,8719351","-5,0426487","4,9382832","5.690.342,2120017",relativeToGround,Libya ,"12,3784264","28,2845964","2.292,4036002","-4,9805621","2,8936162","4.157.373,2211560",relativeToGround,Niger,"8,0139253","19,3154853","2.006,8861861","-7,4368094","4,9390099","4.309.242,5949115",relativeToGround,Tunisia ,"7,7576555","35,5624866","990,9578246","-4,9691739","2,4152343","2.415.925,0393930",relativeToGround,Kenya ,"37,7447245","1,7244439","-102,2352399","-1,9253738","2,4751552","2.633.508,1599337",relativeToGround,"Giza Governorate, Drâa-Tafilalet, Ghardaïa, Ouargla, Agadez, Tataouine","Baharija, Kem Kem Beds, Continental Intercalaire, Kiklah, Tegama Group, Echkar, Chenini, Turkana Grits",Baharija,"28,9874486","28,4887844","236,3624008","58,3630683","50,7846603","4.222,2328664",relativeToGround,Kem Kem Group,"-4,8307153","32,8342651","1.397,8381525","61,3215842","59,2010955","975,9479837",relativeToGround,Continental Intercalaire,"9,1950003","31,4327383","236,6121892","5,6940717","66,2257713","7.308,9532350",relativeToGround,Kikla ,"8,2645395","33,0897585","86,3205998","17,8614119","66,5481210","2.890,8868982",relativeToGround,Echkar,"5,5998053","17,9007052","360,9355688","-22,8230360","66,3620175","355,0579923",relativeToGround,Chenini ,"10,2992822","33,1999340","457,4019750","-70,9001318","72,1014710","399,5157104",relativeToGround,Lapurr ,"35,8000422","4,3001141","599,9365674","4,8583749","59,3631459","209,6417107",relativeToGround,,,,,,,,,,,,,,,,,,,,,,,,,,,,,,,,,,,,,,,,,,,,,,,,,Early-Late Cretaceous,Albian-Cenomanian,Dinosauria,Saurischia,Eusaurischia,Theropoda,Neotheropoda,Averostra,Tetanurae,Orionides,Megalosauroidea,Spinosauridae,Spinosaurinae,,,,,,,,,,Several partial skeletons and many referred bones.,"Carrano, Benson and Sampson, (2012). The phylogeny of Tetanurae (Dinosauria: Theropoda).
Ibrahim, Maganuco, Sereno, Dal Sasso, Keillor, Martill, Zouhri, Fabbri and Auditore, (2014). Associated remains of Spinosaurus aegyptiacus, an enormous predatory dinosaur with subaquatic adaptations. Journal of Vertebrate Paleontology.
Mortimer - Theropod database (online).
Dal Sasso, Maganuco and Buffetaut, (2005). New information on the skull of the enigmatic theropod Spinosaurus, with remarks on its size and affinities.","Spinosaurus aegyptiacus was the largest known carnivorous dinosaur and one of the most unusual theropods ever discovered. It had a long, narrow skull similar to that of a crocodile, conical teeth for catching fish, and a large sail on its back formed by elongated spines. Spinosaurus was specially adapted to a semi-aquatic lifestyle, spending much of its time hunting in rivers and swamps.",Carnivore/Fish-eater,"Rivers, swamps, wetlands",https://drive.google.com/file/d/1sjGfzoqMzWGnUdeqdXcLJmWcwBD8Cqjr/view?usp=drive_link
310,Styracosaurus albertensis,valid,Lambe,1913,"5,6 m","2,1 t","3,5",North America,Canada,Canada,"-105,2719900","60,9349778","-1.126,3303302","-5,8002658","5,2501949","10.072.046,3753986",relativeToGround,,,,,,,,,,,,,,,,,,,,,,,,,,,,,,,,,,,,,,,,,,,,,,,,,Alberta,Dinosaur Park,Dinosaur Park,"-110,3988541","49,1997139","959,1044749","130,6319931","66,5045663","473,2810627",relativeToGround,,,,,,,,,,,,,,,,,,,,,,,,,,,,,,,,,,,,,,,,,,,,,,,,,,,,,,,,,,,,,,,,,,,,,,,,,,,,,,,,,,,,,,,,,,,,,,,,,Late Cretaceous,Middle-Late Campanian,Dinosauria,Ornithischia,Genasauria,Neornithischia,Cerapoda,Marginocephalia,Ceratopsia,Neoceratopsia,Coronosauria,Ceratopsoidea,Ceratopsidae,Centrosaurinae,Eucentrosaura,Possibly Centrosaurini,,,,,,,Many individuals (skulls and skeletons)- bonebed.,"Ryan, Michael J.; Holmes, Robert; Russell, A.P. (2007). ""A revision of the late Campanian centrosaurine ceratopsid genus Styracosaurus from the Western Interior of North America"".","Styracosaurus albertensis was a ceratopsian dinosaur distinguished by long spikes radiating from its neck frill and a prominent nasal horn. These features were likely used for display, species recognition, and defense. It lived in herds and fed on low-growing plants using its sharp beak and strong jaws.",Herbivore,"Plains, forests",https://drive.google.com/file/d/1UEeI3CVbskk712rkm_YzLcO5uwam3fHQ/view?usp=drive_link
311,Styracosaurus ovatus,valid,Gilmore,1930,"6,1 m","2,7 t",2,North America,USA,USA,"-106,1951385","39,4392637","-12.595,5345205","0,8682536","3,1287964","8.466.423,6667228",relativeToGround,,,,,,,,,,,,,,,,,,,,,,,,,,,,,,,,,,,,,,,,,,,,,,,,,Montana,Two Medicine,Two Medicine,"-112,2977643","48,0728412","1.302,0404296","166,8332794","60,4550637","2.732,1635456",relativeToGround,,,,,,,,,,,,,,,,,,,,,,,,,,,,,,,,,,,,,,,,,,,,,,,,,,,,,,,,,,,,,,,,,,,,,,,,,,,,,,,,,,,,,,,,,,,,,,,,,Late Cretaceous,Late Campanian,Dinosauria,Ornithischia,Genasauria,Neornithischia,Cerapoda,Marginocephalia,Ceratopsia,Neoceratopsia,Coronosauria,Ceratopsoidea,Ceratopsidae,Centrosaurinae,Eucentrosaura,Possibly Centrosaurini,,,,,,,2 (uncertain) partial skulls.,"Wilson JP, Ryan MJ, Evans DC. (2020). A new, transitional centrosaurine ceratopsid from the Upper Cretaceous Two Medicine Formation of Montana and the evolution of the 'Styracosaurus-line' dinosaurs.","Styracosaurus ovatus was a closely related species with a slightly different arrangement of frill spikes. It shared similar behavior, living in social groups and using its horns for defense against predators. Fossil evidence suggests it occupied slightly different ecological niches.",Herbivore,Open plains,https://drive.google.com/file/d/1INam_d2uwJlFG9ht_u7ZMnhOCaxjHjeR/view?usp=drive_link
312,Tarbosaurus bataar,valid,Rozhdestvensky,1965,"10,6 m",5 t,"3,5",Asia,Mongolia and China,Mongolia,"101,8194981","48,7149090","2.747,5128372","-0,7613736","1,6379275","5.550.158,2525438",relativeToGround,China,"91,9775972","41,4934298","1.199,8491739","359,8197205","0,0000000","10.341.207,3546696",relativeToGround,,,,,,,,,,,,,,,,,,,,,,,,,,,,,,,,,,,,,,,,,"Ömnögovi, Bayankhongor, Xinjiang, Henan","Nemegt, Subashi, Barun Goyot, Qiupa",Nemegt,"100,9828926","43,4868577","1.533,2642303","0,3216256","77,4883355","2.562,9021730",relativeToGround,Subashi,"91,8000536","43,1002112","575,2213424","4,8280592","57,2849216","104,7421095",relativeToGround,Barun Goyot,"99,8128922","43,5080518","963,0583854","138,6689588","79,9779993","433,5623523",relativeToGround,Qiupa,"99,8002230","43,5010962","924,8552066","4,3430284","65,4102179","691,6143731",relativeToGround,,,,,,,,,,,,,,,,,,,,,,,,,,,,,,,,,,,,,,,,,,,,,,,,,,,,,,,,,,,,,,,,,,,,,,,,,Late Cretaceous,Early Maastrichtian,Dinosauria,Saurischia,Eusaurischia,Theropoda,Neotheropoda,Averostra,Tetanurae,Orionides,Avetheropoda,Coelurosauria,Tyrannoraptora,Tyrannosauroidea,Pantyrannosauria,Eutyrannosauria,Tyrannosauridae,Tyrannosaurinae,,,,,At least more than 30 individuals (include partial skeletons and skulls).,"Maleev, (1955). New carnivorous dinosaurs from the Upper Cretaceous of Mongolia.
Hurum & Sabath, (2003). Giant theropod dinosaurs from Asia and North America: Skulls of Tarbosaurus bataar and Tyrannosaurus rex compared.
Mortimer - Theropod database (online).","Tarbosaurus bataar was a massive tyrannosaurid predator from Asia and one of the apex carnivores of the Late Cretaceous. It had powerful jaws, sharp teeth, and excellent vision. Tarbosaurus hunted large herbivorous dinosaurs and dominated its ecosystem much like Tyrannosaurus rex in North America.",Carnivore,"Forests, floodplains",https://drive.google.com/file/d/1g_y80bByGAdKyCcsILT3bOxVr92pBMi2/view?usp=drive_link
313,Therizinosaurus cheloniformis,valid,Maleev,1954,9 m,"4,5 t",3,Asia,Mongolia,Mongolia,"101,8194981","48,7149090","2.747,5128372","-0,7613736","1,6379275","5.550.158,2525438",relativeToGround,,,,,,,,,,,,,,,,,,,,,,,,,,,,,,,,,,,,,,,,,,,,,,,,,Ömnögovi,Nemegt,Nemegt,"100,9828926","43,4868577","1.533,2642303","0,3216256","77,4883355","2.562,9021730",relativeToGround,,,,,,,,,,,,,,,,,,,,,,,,,,,,,,,,,,,,,,,,,,,,,,,,,,,,,,,,,,,,,,,,,,,,,,,,,,,,,,,,,,,,,,,,,,,,,,,,,Late Cretaceous,Early Maastrichtian,Dinosauria,Saurischia,Eusaurischia,Theropoda,Neotheropoda,Averostra,Tetanurae,Orionides,Avetheropoda,Coelurosauria,Tyrannoraptora,Maniraptoriformes,Maniraptora,Therizinosauria,Therizinosauroidea,Therizinosauridae,,,,,5 individuals (partial skeletons).,"Zanno, L. E. (2010). A taxonomic and phylogenetic re-evaluation of Therizinosauria (Dinosauria: Maniraptora).","Therizinosaurus cheloniformis was a strange-looking theropod with an enormous body, long neck, and extremely long claws on its hands. Despite its intimidating appearance, it was mainly herbivorous, using its claws to pull branches closer. Its wide torso suggests a large digestive system for processing plant material.",Herbivore,"Forests, plains",https://drive.google.com/file/d/1fGSMJHl3qqM3QlN8gjsUnb517nlAHUj6/view?usp=drive_link
314,Triceratops horridus,valid,Marsh,1889,"8,5 m","8,3 t",4,North America,USA and Canada,USA,"-106,1951385","39,4392637","-12.595,5345205","0,8682536","3,1287964","8.466.423,6667228",relativeToGround,Canada,"-105,2719900","60,9349778","-1.126,3303302","-5,8002658","5,2501949","10.072.046,3753986",relativeToGround,,,,,,,,,,,,,,,,,,,,,,,,,,,,,,,,,,,,,,,,,"Wyoming, Montana, South Dakota, North Dakota, Colorado, Saskatchewan, Alberta","Lance, Laramie, Hell Creek, Denver, Frenchman, Scollard, Evanston",Lance,"-107,4242565","43,3540792","2.015,8862545","27,2122781","73,0941158","1.977,1046662",relativeToGround,Hell Creek,"-101,4999740","46,9000621","659,2499873","13,9658607","60,5700675","223,4491861",relativeToGround,Denver,"-105,2435531","39,8788081","1.911,6509070","-87,4415804","64,6123960","460,2546028",relativeToGround,Frenchman,"-108,9046317","49,4907582","942,9726172","10,7429878","56,4757207","539,6889641",relativeToGround,Scollard,"-112,9270468","51,9390547","739,7826920","-136,9447481","68,8084904","541,5813687",relativeToGround,Evanston ,"-110,9109007","41,2301779","2.106,2990215","32,7339528","68,2221353","271,2053780",relativeToGround,,,,,,,,,,,,,,,,,,,,,,,,,,,,,,,,,,,,,,,,,,,,,,,,,,,,,,,,,Late Cretaceous,Late Maastrichtian,Dinosauria,Ornithischia,Genasauria,Neornithischia,Cerapoda,Marginocephalia,Ceratopsia,Neoceratopsia,Coronosauria,Ceratopsoidea,Ceratopsidae,Chasmosaurinae,Triceratopsini,,,,,,,,At least several dozen individuals.,"Ostrom, J. H. & Wellnhofer, P. (1986) ""The Munich specimen of Triceratops with a revision of the genus"".
Scannella, John B.; Fowler, Denver W.; Goodwin, Mark B.; Horner, John R. (2014). ""Evolutionary trends in Triceratops from the Hell Creek Formation, Montana"".
Ryan et al. (2010). New Perspectives on Horned Dinosaurs.
Weishampel, D. B., Dodson, P., Osmólska, H., & Hilton, Richard P. (2004). The Dinosauria.","Triceratops horridus was one of the most famous horned dinosaurs of the Late Cretaceous. It had three large horns and a massive bony frill that protected its neck. These horns were used for defense against predators and possibly for dominance battles within the species. Triceratops had a powerful beak and strong jaws capable of slicing through tough vegetation, and it lived in large populations across western North America.",Herbivore,"Plains, forests",https://drive.google.com/file/d/1rGO3jxaiX8bTUHHr3MgS0FI9uba72Ksn/view?usp=drive_link
315,Triceratops prorsus,valid,Marsh,1890,"8,4 m","8,1 t",4,North America,USA and Canada,USA,"-106,1951385","39,4392637","-12.595,5345205","0,8682536","3,1287964","8.466.423,6667228",relativeToGround,Canada,"-105,2719900","60,9349778","-1.126,3303302","-5,8002658","5,2501949","10.072.046,3753986",relativeToGround,,,,,,,,,,,,,,,,,,,,,,,,,,,,,,,,,,,,,,,,,"Wyoming, Montana, South Dakota,
North Dakota, Saskatchewan, Alberta","Lance, Hell Creek, Frenchman, Scollard, Evanston",Lance,"-107,4242565","43,3540792","2.015,8862545","27,2122781","73,0941158","1.977,1046662",relativeToGround,Hell Creek,"-101,4999740","46,9000621","659,2499873","13,9658607","60,5700675","223,4491861",relativeToGround,Frenchman,"-108,9046317","49,4907582","942,9726172","10,7429878","56,4757207","539,6889641",relativeToGround,Scollard,"-112,9270468","51,9390547","739,7826920","-136,9447481","68,8084904","541,5813687",relativeToGround,Evanston ,"-110,9109007","41,2301779","2.106,2990215","32,7339528","68,2221353","271,2053780",relativeToGround,,,,,,,,,,,,,,,,,,,,,,,,,,,,,,,,,,,,,,,,,,,,,,,,,,,,,,,,,,,,,,,,,Late Cretaceous,Late Maastrichtian,Dinosauria,Ornithischia,Genasauria,Neornithischia,Cerapoda,Marginocephalia,Ceratopsia,Neoceratopsia,Coronosauria,Ceratopsoidea,Ceratopsidae,Chasmosaurinae,Triceratopsini,,,,,,,,At least several dozen individuals,"Ostrom, J. H. & Wellnhofer, P. (1986) ""The Munich specimen of Triceratops with a revision of the genus"".
Scannella, John B.; Fowler, Denver W.; Goodwin, Mark B.; Horner, John R. (2014). ""Evolutionary trends in Triceratops from the Hell Creek Formation, Montana"".
Ryan et al. (2010). New Perspectives on Horned Dinosaurs.
Weishampel, D. B., Dodson, P., Osmólska, H., & Hilton, Richard P. (2004). The Dinosauria.","Triceratops prorsus was a closely related species of Triceratops with more forward-facing horns and a sturdier skull. It lived during the very end of the Cretaceous period and shared its environment with Tyrannosaurus rex. Its body was built for strength rather than speed, and it relied on its horns and frill for protection.",Herbivore,"Floodplains, open plains",https://drive.google.com/file/d/1ln4VoiNR68i9SvBwh50BC2a5mF6SnViT/view?usp=drive_link
316,Tyrannosaurus rex,valid,Osborn,1905,"12,4 m (approx. 13,1 m)","9,3 t (approx. 10,5 t)",4,North America,"USA, Canada, Mexico",USA,"-106,1951385","39,4392637","-12.595,5345205","0,8682536","3,1287964","8.466.423,6667228",relativeToGround,Canada,"-105,2719900","60,9349778","-1.126,3303302","-5,8002658","5,2501949","10.072.046,3753986",relativeToGround,Mexico ,"-103,1960682","25,4062375","1.598,9689590","-4,9927393","3,3680012","5.882.851,9316411",relativeToGround,,,,,,,,,,,,,,,,,,,,,,,,,,,,,,,,,"Montana, North Dakota, South Dakota, Wyoming, Colorado, Texas, Utah, New Mexico, Alberta, Saskatchewan","Hell Creek, Denver, Frenchman, Javelina, Lance, McRae, North Horn, Livingston, Willow Creek, Scollard, Ferris,
Lomas Coloradas, Kirtland,",Hell Creek,"-101,4999740","46,9000621","659,2499873","13,9658607","60,5700675","223,4491861",relativeToGround,Denver,"-105,2435531","39,8788081","1.911,6509070","-87,4415804","64,6123960","460,2546028",relativeToGround,Frenchman,"-108,9046317","49,4907582","942,9726172","10,7429878","56,4757207","539,6889641",relativeToGround,Javelina,"-103,3998424","29,2999955","1.098,2414998","-123,8744451","68,4758550","375,0325633",relativeToGround,Lance,"-107,4242565","43,3540792","2.015,8862545","27,2122781","73,0941158","1.977,1046662",relativeToGround,McRae,"-107,1660385","33,1974066","1.335,5332037","21,0451970","66,7983396","396,2849849",relativeToGround,North Horn,"-110,9972555","39,0034354","1.814,0276385","-7,2783378","74,0715468","398,1807271",relativeToGround,Livingston,"-110,8204064","48,2664200","877,4547837","-131,8794195","65,0664244","1.719,9141568",relativeToGround,Willow Creek,"-113,3673601","49,7728494","950,6379219","30,2877716","72,2769988","417,2337336",relativeToGround,Scollard,"-112,9270468","51,9390547","739,7826920","-136,9447481","68,8084904","541,5813687",relativeToGround,Ferris,"-106,5999716","41,8001071","2.094,4933196","170,9932176","53,3643727","220,8719066",relativeToGround,Lomas Coloradas,"-110,4745793","31,0314093","1.338,9064494","-28,5532481","60,7302880","562,9082368",relativeToGround,Kirtland,"-108,3496413","36,7077744","1.621,4852983","-29,7952262","58,9986703","501,6058506",relativeToGround,Late Cretaceous,Late Maastrichtian,Dinosauria,Saurischia,Eusaurischia,Theropoda,Neotheropoda,Averostra,Tetanurae,Orionides,Avetheropoda,Coelurosauria,Tyrannoraptora,Tyrannosauroidea,Pantyrannosauria,Eutyrannosauria,Tyrannosauridae,Tyrannosaurinae,,,,,At least more than 60 individuals (include skulls and almost complete skeletons).,"Brochu, C.A. (2003) ""Osteology of Tyrannosaurus rex: Insights from a Nearly Complete Skeleton and High-Resolution Computed Tomographic Analysis of the Skull"" Memoir (Society of Vertebrate Paleontology)"".
Larson, P. L.; Carpenter, K. (2008.). Tyrannosaurus, The Tyrant King.
Osborn, Henry F. (1905). ""Tyrannosaurus and other Cretaceous carnivorous dinosaurs"".
Delcourt, R.; Grillo, O. N. (2018). ""Tyrannosauroids from the Southern Hemisphere: Implications for biogeography, evolution, and taxonomy"".
Mortimer - Theropod database (online).","Tyrannosaurus rex was one of the largest and most powerful land predators in Earth’s history. It had massive jaws filled with thick, serrated teeth capable of crushing bone. T. rex had excellent vision, a strong sense of smell, and muscular legs for short bursts of speed. It was both a hunter and a scavenger, dominating its ecosystem as an apex predator.",Carnivore,"Forests, floodplains",https://drive.google.com/file/d/1LkDaCqtqHXgVisbEhQTJwdvIyf9Y6nED/view?usp=drive_link
317,Velociraptor mongoliensis,valid,Osborn,1924,"2,65 m",38 kg,4,Asia,Mongolia,Mongolia,"101,8194981","48,7149090","2.747,5128372","-0,7613736","1,6379275","5.550.158,2525438",relativeToGround,,,,,,,,,,,,,,,,,,,,,,,,,,,,,,,,,,,,,,,,,,,,,,,,,Ömnögovi,"Djadokhta, Barun Goyot",Djadokhta,"103,7284066","44,1375051","1.247,6538957","-47,8600646","64,8039216","302,3926458",relativeToGround,Barun Goyot,"99,8128922","43,5080518","963,0583854","138,6689588","79,9779993","433,5623523",relativeToGround,,,,,,,,,,,,,,,,,,,,,,,,,,,,,,,,,,,,,,,,,,,,,,,,,,,,,,,,,,,,,,,,,,,,,,,,,,,,,,,,,,,,,,,,,Late Cretaceous,Late Campanian-Earliest Maastrichtian,Dinosauria,Saurischia,Eusaurischia,Theropoda,Neotheropoda,Averostra,Tetanurae,Orionides,Avetheropoda,Coelurosauria,Tyrannoraptora,Maniraptoriformes,Maniraptora,Pennaraptora,Paraves,Dromaeosauridae,Eudromaeosauria,Velociraptorinae,,,At least several individuals (skulls and skeletons).,"Turner, A. H., Makovicky, P. J., & Norell, M. A. (2012). A Review of Dromaeosaurid Systematics and Paravian Phylogeny.","Velociraptor mongoliensis was a small but highly intelligent predatory dinosaur covered in feathers. It had a long, stiff tail for balance and a large sickle-shaped claw on each foot used to subdue prey. Velociraptor lived in harsh desert environments and relied on speed, agility, and strategy rather than strength.",Carnivore,"Deserts, semi-arid plains",https://drive.google.com/file/d/1GjS2Wksew4ECZh9UwaAZGlGTZEBg24sV/view?usp=drive_link
318,Stegosaurus stenops,valid,Marsh,1887,"8 m (approx. 9,3 m)","3,8 t (approx. 6 t)",4,North America,USA,USA,"-106,1951385","39,4392637","-12.595,5345205","0,8682536","3,1287964","8.466.423,6667228",relativeToGround,,,,,,,,,,,,,,,,,,,,,,,,,,,,,,,,,,,,,,,,,,,,,,,,,"Colorado, Wyoming, Utah",Morrison,Morrison,"-105,1876571","39,6510154","1.825,9928621","118,1724389","62,1412671","869,6715520",relativeToGround,,,,,,,,,,,,,,,,,,,,,,,,,,,,,,,,,,,,,,,,,,,,,,,,,,,,,,,,,,,,,,,,,,,,,,,,,,,,,,,,,,,,,,,,,,,,,,,,,Late Jurassic,Late Kimmeridgian-Early Tithonian,Dinosauria,Ornithischia,Genasauria,Thyreophora,Eurypoda,Stegosauria,Stegosauridae,Stegosaurinae,,,,,,,,,,,,,At least several dozen individuals (skulls and skeletons).,"Maidment, S.C.R., Brassey, C., Barrett, P.M. (2015). ""The Postcranial Skeleton of an Exceptionally Complete Individual of the Plated Dinosaur Stegosaurus stenops (Dinosauria: Thyreophora) from the Upper Jurassic Morrison Formation of Wyoming.
Maidment, S. C. R., Norman, D. B., Barrett, P. M., & Upchurch, P. (2008). Systematics and phylogeny of Stegosauria (Dinosauria: Ornithischia).","Stegosaurus stenops was a large herbivorous dinosaur with two rows of tall bony plates along its back and a spiked tail known as a thagomizer. The plates may have been used for display or temperature regulation, while the tail spikes were used for defense. Stegosaurus had a small head and fed on low-growing plants.",Herbivore,"Plains, forests",https://drive.google.com/file/d/1YoydyUF6fIxWU2bdDzkVl8uBPhIfyBV9/view?usp=drive_link
319,Albertosaurus sarcophagus,valid,Osborn,1905,"9,3 m","2,9 t",4,North America,Canada,Canada,"-105,2719900","60,9349778","-1.126,3303302","-5,8002658","5,2501949","10.072.046,3753986",relativeToGround,,,,,,,,,,,,,,,,,,,,,,,,,,,,,,,,,,,,,,,,,,,,,,,,,Alberta,Horseshoe Canyon,Horseshoe Canyon,"-112,8870649","51,4253654","827,8135341","-162,3917741","60,2464127","396,8666499",relativeToGround,,,,,,,,,,,,,,,,,,,,,,,,,,,,,,,,,,,,,,,,,,,,,,,,,,,,,,,,,,,,,,,,,,,,,,,,,,,,,,,,,,,,,,,,,,,,,,,,,Late Cretaceous,Early Maastrichtian,Dinosauria,Saurischia,Eusaurischia,Theropoda,Neotheropoda,Averostra,Tetanurae,Orionides,Avetheropoda,Coelurosauria,Tyrannoraptora,Tyrannosauroidea,Pantyrannosauria,Eutyrannosauria,Tyrannosauridae,Albertosaurinae,,,,,At least 30 individuals.,"Carr, W., (2010) ""A taxonomic assessment of the type series of Albertosaurus sarcophagus and the identity of Tyrannosauridae (Dinosauria, Coelurosauria) in the Albertosaurus bonebed from the Horseshoe Canyon Formation.","Albertosaurus sarcophagus was a slightly smaller and more lightly built relative of Tyrannosaurus rex. Its long legs suggest it was faster and more agile, and fossil evidence indicates it may have hunted in groups. Albertosaurus was a top predator in its environment and relied on speed and teamwork to bring down prey.",Carnivore,"Plains, forests",https://drive.google.com/file/d/1rhhftZeay4vf4cXFh0sorC1DspqIGy1t/view?usp=drive_link
